customer_id,signup_date,last_active_date,tenure_months,plan_type,monthly_fee,usage_minutes,num_support_calls,contract_type,payment_method,churned,avg_usage_per_month,high_support_flag,recent_activity_days,signup_year,fee_per_minute,tenure_bucket,is_premium,support_rate
C100000,2020-05-10,2021-01-07,8,standard,38.77,529,1,monthly,credit_card,0,66.12,0,1770,2020,0.0732,7-12,0,0.111
C100001,2021-07-18,2024-09-13,38,basic,14.99,143,0,monthly,debit_card,0,3.76,0,425,2021,0.1041,24+,0,0.0
C100002,2021-02-04,2022-02-09,12,premium,77.14,1293,0,annual,credit_card,0,107.75,0,1372,2021,0.0596,7-12,1,0.0
C100003,2020-12-31,2027-05-09,77,premium,82.05,1112,0,monthly,credit_card,0,14.44,0,-543,2020,0.0737,24+,1,0.0
C100004,2022-06-27,2022-11-18,4,standard,39.14,480,1,monthly,credit_card,1,120.0,0,1090,2022,0.0814,4-6,0,0.2
C100005,2023-12-10,2024-02-05,1,standard,43.58,544,2,annual,debit_card,1,544.0,0,646,2023,0.08,0-3,0,1.0
C100006,2019-04-12,2019-06-01,1,basic,20.59,147,2,annual,credit_card,0,147.0,0,2356,2019,0.1391,0-3,0,1.0
C100007,2021-05-23,2023-04-16,23,standard,42.62,498,1,annual,credit_card,0,21.65,0,941,2021,0.0854,13-24,0,0.042
C100008,2018-11-27,2019-07-13,7,standard,43.5,449,1,monthly,paypal,0,64.14,0,2314,2018,0.0967,7-12,0,0.125
C100009,2022-01-22,2023-09-26,20,premium,75.96,1149,1,monthly,debit_card,1,57.45,0,778,2022,0.0661,13-24,1,0.048
C100010,2023-11-06,2023-12-13,1,premium,84.0,1155,0,annual,credit_card,0,1155.0,0,700,2023,0.0727,0-3,1,0.0
C100011,2018-05-11,2019-06-16,13,basic,24.26,105,3,monthly,credit_card,0,8.08,1,2341,2018,0.2289,13-24,0,0.214
C100012,2022-08-13,2024-07-01,22,standard,44.04,495,0,monthly,credit_card,0,22.5,0,499,2022,0.0888,13-24,0,0.0
C100013,2020-02-09,2021-01-22,11,standard,36.45,427,0,monthly,debit_card,0,38.82,0,1755,2020,0.0852,7-12,0,0.0
C100014,2024-07-19,2024-12-05,4,standard,34.58,469,0,annual,debit_card,0,117.25,0,342,2024,0.0736,4-6,0,0.0
C100015,2022-02-24,2028-04-07,74,standard,41.97,500,0,monthly,debit_card,0,6.76,0,-877,2022,0.0838,24+,0,0.0
C100016,2024-08-30,2025-04-06,7,basic,20.12,191,1,annual,bank_transfer,0,27.29,0,220,2024,0.1048,7-12,0,0.125
C100017,2021-04-30,2023-09-28,29,basic,18.88,213,2,monthly,paypal,0,7.34,0,776,2021,0.0882,24+,0,0.067
C100018,2020-08-13,2021-06-30,10,standard,38.04,568,1,monthly,credit_card,1,56.8,0,1596,2020,0.0669,7-12,0,0.091
C100019,2024-05-13,2024-07-09,1,premium,73.81,1118,0,annual,credit_card,0,1118.0,0,491,2024,0.066,0-3,1,0.0
C100020,2021-03-30,2023-01-10,21,standard,40.52,616,0,monthly,debit_card,0,29.33,0,1037,2021,0.0657,13-24,0,0.0
C100021,2019-04-05,2020-02-18,10,basic,21.45,116,2,monthly,credit_card,1,11.6,0,2094,2019,0.1833,7-12,0,0.182
C100022,2018-01-22,2018-04-15,2,standard,37.55,517,2,monthly,credit_card,0,258.5,0,2768,2018,0.0725,0-3,0,0.667
C100023,2024-04-19,2025-10-27,18,standard,39.01,401,0,monthly,paypal,0,22.28,0,16,2024,0.097,13-24,0,0.0
C100024,2020-01-18,2020-10-09,8,basic,21.68,122,2,annual,debit_card,0,15.25,0,1860,2020,0.1763,7-12,0,0.222
C100025,2019-04-20,2022-01-25,33,standard,42.52,384,0,monthly,credit_card,0,11.64,0,1387,2019,0.1104,24+,0,0.0
C100026,2020-12-18,2021-01-28,1,basic,22.52,201,1,monthly,paypal,0,201.0,0,1749,2020,0.1115,0-3,0,0.5
C100027,2023-08-10,2025-01-17,17,standard,39.83,525,0,monthly,paypal,1,30.88,0,299,2023,0.0757,13-24,0,0.0
C100028,2020-09-02,2021-07-17,10,standard,36.14,426,2,monthly,debit_card,1,42.6,0,1579,2020,0.0846,7-12,0,0.182
C100029,2022-12-12,2023-11-21,11,basic,17.42,248,4,monthly,credit_card,1,22.55,1,722,2022,0.07,7-12,0,0.333
C100030,2018-07-09,2018-08-15,1,standard,43.04,520,1,monthly,credit_card,1,520.0,0,2646,2018,0.0826,0-3,0,0.5
C100031,2019-07-17,2020-10-13,15,basic,22.74,109,6,monthly,debit_card,0,7.27,1,1856,2019,0.2067,13-24,0,0.375
C100032,2023-03-15,2023-05-13,1,basic,17.63,165,3,monthly,credit_card,1,165.0,1,914,2023,0.1062,0-3,0,1.5
C100033,2021-06-21,2021-09-20,3,basic,20.16,261,0,monthly,credit_card,1,87.0,0,1514,2021,0.0769,0-3,0,0.0
C100034,2022-03-09,2023-10-17,19,standard,35.79,716,0,monthly,credit_card,0,37.68,0,757,2022,0.0499,13-24,0,0.0
C100035,2019-10-09,2027-10-17,97,standard,46.92,538,1,monthly,paypal,0,5.55,0,-704,2019,0.0871,24+,0,0.01
C100036,2023-08-31,2025-10-19,26,standard,41.02,426,1,monthly,debit_card,0,16.38,0,24,2023,0.0961,24+,0,0.037
C100037,2024-01-24,2025-04-09,14,basic,23.85,271,0,annual,debit_card,0,19.36,0,217,2024,0.0877,13-24,0,0.0
C100038,2021-07-21,2021-09-27,2,basic,24.1,140,1,monthly,debit_card,1,70.0,0,1507,2021,0.1709,0-3,0,0.333
C100039,2024-09-01,2025-09-18,12,basic,18.39,233,0,monthly,credit_card,0,19.42,0,55,2024,0.0786,7-12,0,0.0
C100040,2019-08-24,2020-07-09,10,standard,39.21,548,0,monthly,debit_card,0,54.8,0,1952,2019,0.0714,7-12,0,0.0
C100041,2024-06-21,2025-01-04,6,basic,19.39,183,1,monthly,debit_card,1,30.5,0,312,2024,0.1054,4-6,0,0.143
C100042,2023-08-24,2023-10-09,1,basic,18.91,183,1,monthly,debit_card,1,183.0,0,765,2023,0.1028,0-3,0,0.5
C100043,2018-08-30,2020-04-13,19,basic,20.96,215,1,monthly,credit_card,0,11.32,0,2039,2018,0.097,13-24,0,0.05
C100044,2023-08-04,2024-12-01,16,standard,41.68,514,2,monthly,debit_card,0,32.12,0,346,2023,0.0809,13-24,0,0.118
C100045,2021-09-25,2024-12-20,39,standard,46.91,458,4,annual,credit_card,0,11.74,1,327,2021,0.1022,24+,0,0.1
C100046,2023-11-10,2027-08-11,45,basic,18.82,120,1,monthly,debit_card,0,2.67,0,-637,2023,0.1555,24+,0,0.022
C100047,2021-10-22,2023-05-21,19,basic,15.38,161,0,monthly,credit_card,1,8.47,0,906,2021,0.0949,13-24,0,0.0
C100048,2022-01-18,2022-06-11,4,standard,35.88,518,1,monthly,debit_card,1,129.5,0,1250,2022,0.0691,4-6,0,0.2
C100049,2020-02-15,2020-12-29,10,standard,41.45,491,1,monthly,debit_card,1,49.1,0,1779,2020,0.0842,7-12,0,0.091
C100050,2018-02-04,2020-09-06,31,basic,19.12,162,4,annual,credit_card,0,5.23,1,1893,2018,0.1173,24+,0,0.125
C100051,2024-03-03,2029-01-04,58,basic,20.46,158,1,monthly,credit_card,1,2.72,0,-1149,2024,0.1287,24+,0,0.017
C100052,2023-05-10,2024-04-19,11,basic,23.61,263,3,annual,debit_card,0,23.91,1,572,2023,0.0894,7-12,0,0.25
C100053,2022-05-05,2022-10-28,5,standard,42.38,570,0,monthly,credit_card,0,114.0,0,1111,2022,0.0742,4-6,0,0.0
C100054,2020-10-18,2022-08-09,22,basic,20.27,298,4,annual,debit_card,0,13.55,1,1191,2020,0.0678,13-24,0,0.174
C100055,2021-02-03,2021-11-16,9,basic,20.94,133,1,monthly,paypal,0,14.78,0,1457,2021,0.1563,7-12,0,0.1
C100056,2022-02-09,2024-01-29,23,premium,82.99,1112,0,monthly,debit_card,0,48.35,0,653,2022,0.0746,13-24,1,0.0
C100057,2019-12-04,2020-09-10,9,standard,38.89,474,0,monthly,credit_card,1,52.67,0,1889,2019,0.0819,7-12,0,0.0
C100058,2024-09-15,2025-07-13,10,basic,22.99,278,2,annual,debit_card,0,27.8,0,122,2024,0.0824,7-12,0,0.182
C100059,2022-04-29,2023-05-19,12,basic,20.61,246,2,monthly,credit_card,0,20.5,0,908,2022,0.0834,7-12,0,0.154
C100060,2018-06-11,2019-07-15,13,basic,21.44,207,0,monthly,debit_card,0,15.92,0,2312,2018,0.1031,13-24,0,0.0
C100061,2018-07-21,2019-07-09,11,basic,19.75,216,2,annual,credit_card,0,19.64,0,2318,2018,0.091,7-12,0,0.167
C100062,2023-06-05,2025-09-15,27,basic,23.76,164,2,annual,paypal,1,6.07,0,58,2023,0.144,24+,0,0.071
C100063,2020-09-22,2023-04-05,30,basic,18.24,255,3,annual,credit_card,0,8.5,1,952,2020,0.0712,24+,0,0.097
C100064,2024-05-06,2027-08-03,39,basic,21.99,159,1,monthly,credit_card,0,4.08,0,-629,2024,0.1374,24+,0,0.025
C100065,2020-03-26,2020-05-13,1,basic,17.3,138,4,annual,bank_transfer,1,138.0,1,2009,2020,0.1245,0-3,0,2.0
C100066,2019-04-01,2021-02-03,22,standard,40.95,380,0,annual,credit_card,0,17.27,0,1743,2019,0.1075,13-24,0,0.0
C100067,2021-06-29,2022-09-26,15,basic,25.13,162,2,monthly,paypal,0,10.8,0,1143,2021,0.1542,13-24,0,0.125
C100068,2020-10-13,2020-12-08,1,premium,78.08,1054,0,monthly,debit_card,1,1054.0,0,1800,2020,0.074,0-3,1,0.0
C100069,2024-06-01,2026-05-01,23,basic,23.76,202,2,monthly,paypal,0,8.78,0,-170,2024,0.117,13-24,0,0.083
C100070,2018-12-04,2019-04-25,4,basic,18.85,168,2,annual,credit_card,0,42.0,0,2393,2018,0.1115,4-6,0,0.4
C100071,2020-05-28,2021-03-07,9,basic,21.87,275,3,monthly,bank_transfer,0,30.56,1,1711,2020,0.0792,7-12,0,0.3
C100072,2020-12-12,2022-04-25,16,standard,37.09,499,2,monthly,credit_card,0,31.19,0,1297,2020,0.0742,13-24,0,0.118
C100073,2020-03-02,2021-11-15,20,standard,44.82,550,0,monthly,credit_card,0,27.5,0,1458,2020,0.0813,13-24,0,0.0
C100074,2024-03-14,2025-05-20,14,basic,16.67,221,1,monthly,credit_card,1,15.79,0,176,2024,0.0751,13-24,0,0.067
C100075,2020-02-03,2020-09-16,7,basic,19.04,233,2,monthly,debit_card,0,33.29,0,1883,2020,0.0814,7-12,0,0.25
C100076,2024-02-14,2024-07-30,5,premium,84.64,1174,0,annual,credit_card,0,234.8,0,470,2024,0.072,4-6,1,0.0
C100077,2019-01-15,2021-05-07,28,premium,81.85,1458,0,monthly,credit_card,0,52.07,0,1650,2019,0.0561,24+,1,0.0
C100078,2019-05-08,2021-08-14,27,basic,16.72,253,1,annual,debit_card,0,9.37,0,1551,2019,0.0658,24+,0,0.036
C100079,2021-03-26,2022-03-14,11,basic,23.45,178,6,monthly,credit_card,0,16.18,1,1339,2021,0.131,7-12,0,0.5
C100080,2023-08-25,2024-08-17,11,basic,18.83,330,1,monthly,credit_card,1,30.0,0,452,2023,0.0569,7-12,0,0.083
C100081,2018-03-06,2018-12-03,9,premium,77.35,1261,0,annual,credit_card,0,140.11,0,2536,2018,0.0613,7-12,1,0.0
C100082,2021-09-29,2021-12-25,2,basic,15.85,131,0,annual,paypal,0,65.5,0,1418,2021,0.1201,0-3,0,0.0
C100083,2021-02-26,2022-03-30,13,standard,40.18,487,1,annual,credit_card,0,37.46,0,1323,2021,0.0823,13-24,0,0.071
C100084,2023-07-21,2026-05-05,33,basic,20.73,139,2,monthly,debit_card,0,4.21,0,-174,2023,0.1481,24+,0,0.059
C100085,2022-02-04,2024-12-24,35,standard,46.55,467,0,monthly,credit_card,0,13.34,0,323,2022,0.0995,24+,0,0.0
C100086,2021-03-08,2024-06-13,39,standard,36.74,494,0,monthly,debit_card,0,12.67,0,517,2021,0.0742,24+,0,0.0
C100087,2022-03-03,2022-05-04,2,basic,27.45,270,1,monthly,bank_transfer,0,135.0,0,1288,2022,0.1013,0-3,0,0.333
C100088,2019-01-27,2023-04-22,51,standard,38.36,447,0,monthly,credit_card,0,8.76,0,935,2019,0.0856,24+,0,0.0
C100089,2022-08-26,2022-10-28,2,basic,18.43,192,2,monthly,debit_card,1,96.0,0,1111,2022,0.0955,0-3,0,0.667
C100090,2019-02-23,2023-08-24,54,basic,23.03,179,3,monthly,debit_card,1,3.31,1,811,2019,0.1279,24+,0,0.055
C100091,2024-05-25,2025-01-13,7,premium,87.17,1092,0,monthly,credit_card,1,156.0,0,303,2024,0.0798,7-12,1,0.0
C100092,2019-01-14,2022-01-13,36,basic,22.15,163,3,monthly,credit_card,0,4.53,1,1399,2019,0.1351,24+,0,0.081
C100093,2022-12-02,2024-02-25,15,standard,38.44,328,1,monthly,credit_card,0,21.87,0,626,2022,0.1168,13-24,0,0.062
C100094,2024-03-28,2024-06-07,2,basic,20.56,254,1,annual,debit_card,0,127.0,0,523,2024,0.0806,0-3,0,0.333
C100095,2023-09-20,2024-02-13,4,basic,21.55,153,3,monthly,credit_card,0,38.25,1,638,2023,0.1399,4-6,0,0.6
C100096,2023-12-23,2025-05-11,16,standard,40.72,526,2,monthly,paypal,0,32.88,0,185,2023,0.0773,13-24,0,0.118
C100097,2018-07-20,2018-09-17,1,standard,42.89,517,2,monthly,credit_card,0,517.0,0,2613,2018,0.0828,0-3,0,1.0
C100098,2023-02-07,2025-05-29,28,basic,21.72,162,1,monthly,credit_card,0,5.79,0,167,2023,0.1333,24+,0,0.034
C100099,2020-02-19,2020-06-14,3,standard,41.2,485,0,monthly,credit_card,1,161.67,0,1977,2020,0.0848,0-3,0,0.0
C100100,2019-05-18,2020-07-15,14,premium,83.42,1004,2,monthly,credit_card,0,71.71,0,1946,2019,0.083,13-24,1,0.133
C100101,2024-09-20,2025-03-19,6,basic,22.01,249,0,monthly,credit_card,0,41.5,0,238,2024,0.088,4-6,0,0.0
C100102,2022-10-18,2023-03-26,5,basic,23.64,170,1,annual,credit_card,0,34.0,0,962,2022,0.1382,4-6,0,0.167
C100103,2020-03-15,2022-07-06,28,basic,18.86,156,2,monthly,debit_card,1,5.57,0,1225,2020,0.1201,24+,0,0.069
C100104,2023-11-17,2028-12-13,61,standard,45.05,533,1,monthly,credit_card,0,8.74,0,-1127,2023,0.0844,24+,0,0.016
C100105,2023-03-11,2024-12-14,21,basic,19.83,217,5,monthly,credit_card,0,10.33,1,333,2023,0.091,13-24,0,0.227
C100106,2022-04-20,2024-03-31,23,premium,81.88,1084,0,monthly,paypal,0,47.13,0,591,2022,0.0755,13-24,1,0.0
C100107,2020-08-18,2021-06-30,10,basic,18.7,215,0,monthly,paypal,0,21.5,0,1596,2020,0.0866,7-12,0,0.0
C100108,2022-01-25,2022-07-05,5,basic,23.42,138,1,monthly,credit_card,1,27.6,0,1226,2022,0.1685,4-6,0,0.167
C100109,2020-10-25,2021-07-10,8,standard,43.84,448,0,monthly,credit_card,0,56.0,0,1586,2020,0.0976,7-12,0,0.0
C100110,2019-05-18,2023-11-03,54,basic,21.19,207,2,annual,paypal,0,3.83,0,740,2019,0.1019,24+,0,0.036
C100111,2019-02-02,2020-09-09,19,premium,70.98,1122,1,monthly,credit_card,0,59.05,0,1890,2019,0.0632,13-24,1,0.05
C100112,2020-05-20,2021-03-16,10,standard,38.8,548,1,monthly,credit_card,1,54.8,0,1702,2020,0.0707,7-12,0,0.091
C100113,2019-01-28,2022-06-04,40,premium,79.52,1255,1,annual,bank_transfer,1,31.38,0,1257,2019,0.0633,24+,1,0.024
C100114,2018-07-26,2018-11-02,3,premium,85.79,1336,0,annual,bank_transfer,1,445.33,0,2567,2018,0.0642,0-3,1,0.0
C100115,2020-11-04,2024-04-24,42,basic,27.53,176,4,monthly,paypal,1,4.19,1,567,2020,0.1555,24+,0,0.093
C100116,2023-02-25,2023-12-06,9,basic,20.53,118,2,annual,credit_card,0,13.11,0,707,2023,0.1725,7-12,0,0.2
C100117,2022-01-24,2022-05-30,4,standard,41.48,511,1,monthly,paypal,0,127.75,0,1262,2022,0.081,4-6,0,0.2
C100118,2020-05-13,2022-06-08,25,basic,18.82,176,1,monthly,debit_card,0,7.04,0,1253,2020,0.1063,24+,0,0.038
C100119,2019-07-18,2021-06-13,23,premium,74.34,1182,1,annual,credit_card,1,51.39,0,1613,2019,0.0628,13-24,1,0.042
C100120,2020-10-17,2021-07-14,9,standard,40.26,635,2,monthly,credit_card,0,70.56,0,1582,2020,0.0633,7-12,0,0.2
C100121,2018-04-06,2019-01-07,9,standard,40.44,515,0,annual,credit_card,0,57.22,0,2501,2018,0.0784,7-12,0,0.0
C100122,2023-04-08,2024-04-04,12,premium,77.73,1010,0,monthly,credit_card,0,84.17,0,587,2023,0.0769,7-12,1,0.0
C100123,2022-10-24,2022-12-16,1,basic,18.73,148,1,monthly,bank_transfer,0,148.0,0,1062,2022,0.1257,0-3,0,0.5
C100124,2024-12-07,2027-08-18,32,basic,17.34,249,1,annual,credit_card,0,7.78,0,-644,2024,0.0694,24+,0,0.03
C100125,2024-03-28,2024-08-11,4,basic,14.84,169,3,monthly,debit_card,0,42.25,1,458,2024,0.0873,4-6,0,0.6
C100126,2022-08-06,2029-10-06,87,basic,23.42,321,2,monthly,credit_card,0,3.69,0,-1424,2022,0.0727,24+,0,0.023
C100127,2019-06-25,2021-08-03,25,standard,40.97,524,0,monthly,credit_card,1,20.96,0,1562,2019,0.078,24+,0,0.0
C100128,2020-11-25,2022-02-12,14,basic,25.83,86,1,monthly,debit_card,0,6.14,0,1369,2020,0.2969,13-24,0,0.067
C100129,2021-03-29,2025-01-26,46,basic,23.11,228,2,monthly,debit_card,1,4.96,0,290,2021,0.1009,24+,0,0.043
C100130,2022-09-19,2023-08-24,11,basic,19.16,196,3,annual,credit_card,1,17.82,1,811,2022,0.0973,7-12,0,0.25
C100131,2022-12-25,2025-04-11,27,basic,18.18,160,4,monthly,debit_card,0,5.93,1,215,2022,0.1129,24+,0,0.143
C100132,2022-05-17,2024-01-25,20,basic,24.38,199,2,monthly,credit_card,0,9.95,0,657,2022,0.1219,13-24,0,0.095
C100133,2020-03-06,2020-04-08,1,standard,43.99,491,3,monthly,credit_card,0,491.0,1,2044,2020,0.0894,0-3,0,1.5
C100134,2020-11-17,2022-11-16,24,basic,16.82,109,2,monthly,bank_transfer,0,4.54,0,1092,2020,0.1529,13-24,0,0.08
C100135,2022-07-02,2023-07-10,12,standard,42.51,513,0,monthly,debit_card,1,42.75,0,856,2022,0.0827,7-12,0,0.0
C100136,2021-09-25,2021-10-27,1,premium,79.62,1228,0,monthly,paypal,1,1228.0,0,1477,2021,0.0648,0-3,1,0.0
C100137,2023-06-05,2024-04-13,10,premium,77.8,1181,0,monthly,debit_card,1,118.1,0,578,2023,0.0658,7-12,1,0.0
C100138,2021-09-16,2023-10-13,25,standard,34.19,471,0,annual,debit_card,0,18.84,0,761,2021,0.0724,24+,0,0.0
C100139,2022-07-22,2022-12-10,4,basic,19.61,198,1,monthly,bank_transfer,0,49.5,0,1068,2022,0.0985,4-6,0,0.2
C100140,2022-03-10,2022-10-02,6,basic,23.57,311,1,monthly,credit_card,1,51.83,0,1137,2022,0.0755,4-6,0,0.143
C100141,2023-08-01,2025-06-11,22,standard,40.07,427,1,monthly,paypal,1,19.41,0,154,2023,0.0936,13-24,0,0.043
C100142,2022-02-05,2023-10-29,21,basic,21.91,205,3,monthly,credit_card,0,9.76,1,745,2022,0.1064,13-24,0,0.136
C100143,2024-02-16,2024-06-06,3,standard,39.93,371,2,monthly,paypal,1,123.67,0,524,2024,0.1073,0-3,0,0.5
C100144,2021-11-09,2025-08-04,45,standard,44.4,488,1,annual,credit_card,0,10.84,0,100,2021,0.0908,24+,0,0.022
C100145,2021-11-01,2022-07-21,8,standard,35.0,561,0,annual,credit_card,0,70.12,0,1210,2021,0.0623,7-12,0,0.0
C100146,2021-07-30,2022-01-15,5,basic,20.45,203,1,monthly,credit_card,1,40.6,0,1397,2021,0.1002,4-6,0,0.167
C100147,2020-08-30,2021-06-26,10,basic,15.85,107,2,monthly,credit_card,1,10.7,0,1600,2020,0.1468,7-12,0,0.182
C100148,2022-11-04,2023-08-02,9,standard,43.1,526,0,monthly,paypal,0,58.44,0,833,2022,0.0818,7-12,0,0.0
C100149,2021-07-06,2024-06-03,35,basic,25.83,160,0,annual,credit_card,0,4.57,0,527,2021,0.1604,24+,0,0.0
C100150,2019-12-11,2023-02-10,38,basic,16.88,292,4,annual,debit_card,0,7.68,1,1006,2019,0.0576,24+,0,0.103
C100151,2022-01-19,2022-02-26,1,basic,15.99,168,2,monthly,paypal,0,168.0,0,1355,2022,0.0946,0-3,0,1.0
C100152,2021-12-05,2028-05-19,78,standard,39.27,585,1,monthly,debit_card,0,7.5,0,-919,2021,0.067,24+,0,0.013
C100153,2019-10-11,2023-10-31,49,standard,38.48,537,1,annual,credit_card,0,10.96,0,743,2019,0.0715,24+,0,0.02
C100154,2018-11-14,2018-12-15,1,premium,76.47,1130,2,monthly,credit_card,1,1130.0,0,2524,2018,0.0676,0-3,1,1.0
C100155,2021-06-11,2022-11-04,17,basic,19.5,68,3,monthly,credit_card,0,4.0,1,1104,2021,0.2826,13-24,0,0.167
C100156,2019-11-15,2020-06-14,7,basic,19.17,288,3,monthly,credit_card,1,41.14,1,1977,2019,0.0663,7-12,0,0.375
C100157,2019-10-26,2019-12-08,1,standard,38.83,382,0,monthly,paypal,0,382.0,0,2166,2019,0.1014,0-3,0,0.0
C100158,2023-06-22,2023-10-27,4,premium,84.33,1003,0,monthly,debit_card,0,250.75,0,747,2023,0.084,4-6,1,0.0
C100159,2022-06-20,2023-08-23,14,standard,38.11,597,0,annual,credit_card,0,42.64,0,812,2022,0.0637,13-24,0,0.0
C100160,2022-02-04,2022-10-11,8,standard,39.08,511,2,monthly,credit_card,0,63.88,0,1128,2022,0.0763,7-12,0,0.222
C100161,2021-02-10,2021-10-14,8,standard,36.81,449,2,monthly,debit_card,0,56.12,0,1490,2021,0.0818,7-12,0,0.222
C100162,2023-01-28,2023-03-28,1,basic,19.25,267,3,monthly,credit_card,0,267.0,1,960,2023,0.0718,0-3,0,1.5
C100163,2022-03-01,2023-02-14,11,basic,19.86,195,2,monthly,credit_card,0,17.73,0,1002,2022,0.1013,7-12,0,0.167
C100164,2024-10-25,2025-07-08,8,standard,34.69,560,1,monthly,bank_transfer,1,70.0,0,127,2024,0.0618,7-12,0,0.111
C100165,2019-07-18,2020-05-24,10,basic,16.48,199,3,monthly,credit_card,0,19.9,1,1998,2019,0.0824,7-12,0,0.273
C100166,2021-07-15,2021-12-22,5,basic,20.93,153,3,annual,debit_card,0,30.6,1,1421,2021,0.1359,4-6,0,0.5
C100167,2022-06-25,2022-08-14,1,standard,37.02,481,3,annual,credit_card,0,481.0,1,1186,2022,0.0768,0-3,0,1.5
C100168,2019-11-30,2023-10-17,47,basic,21.81,149,2,annual,credit_card,0,3.17,0,757,2019,0.1454,24+,0,0.042
C100169,2023-12-01,2024-08-27,9,basic,20.69,200,1,annual,credit_card,1,22.22,0,442,2023,0.1029,7-12,0,0.1
C100170,2018-01-02,2019-07-21,18,basic,13.9,305,0,monthly,debit_card,0,16.94,0,2306,2018,0.0454,13-24,0,0.0
C100171,2019-10-04,2020-11-21,13,standard,43.4,448,1,monthly,paypal,0,34.46,0,1817,2019,0.0967,13-24,0,0.071
C100172,2024-03-17,2024-10-07,6,standard,30.7,557,0,monthly,debit_card,1,92.83,0,401,2024,0.055,4-6,0,0.0
C100173,2022-05-09,2023-03-17,10,basic,19.62,199,0,monthly,debit_card,0,19.9,0,971,2022,0.0981,7-12,0,0.0
C100174,2020-05-04,2024-02-27,46,basic,16.19,250,1,annual,debit_card,1,5.43,0,624,2020,0.0645,24+,0,0.021
C100175,2022-10-26,2023-10-16,11,standard,38.79,514,4,monthly,paypal,0,46.73,1,758,2022,0.0753,7-12,0,0.333
C100176,2024-08-29,2025-09-15,12,basic,20.24,174,6,annual,paypal,1,14.5,1,58,2024,0.1157,7-12,0,0.462
C100177,2022-07-20,2025-02-02,30,basic,21.46,106,1,annual,credit_card,0,3.53,0,283,2022,0.2006,24+,0,0.032
C100178,2021-02-27,2021-08-19,5,basic,19.0,222,1,monthly,debit_card,0,44.4,0,1546,2021,0.0852,4-6,0,0.167
C100179,2020-12-12,2025-01-04,49,basic,18.93,250,2,annual,credit_card,0,5.1,0,312,2020,0.0754,24+,0,0.04
C100180,2022-09-04,2023-10-24,13,basic,22.04,193,2,annual,credit_card,0,14.85,0,750,2022,0.1136,13-24,0,0.143
C100181,2022-08-23,2022-10-12,1,basic,23.29,210,2,monthly,debit_card,1,210.0,0,1127,2022,0.1104,0-3,0,1.0
C100182,2022-09-30,2026-03-23,42,basic,22.06,203,2,monthly,paypal,0,4.83,0,-131,2022,0.1081,24+,0,0.047
C100183,2021-12-10,2022-03-27,3,basic,21.56,124,3,annual,bank_transfer,0,41.33,1,1326,2021,0.1725,0-3,0,0.75
C100184,2024-04-13,2025-05-27,13,basic,17.94,112,3,monthly,credit_card,0,8.62,1,169,2024,0.1588,13-24,0,0.214
C100185,2020-04-15,2020-05-25,1,basic,20.55,235,3,monthly,credit_card,1,235.0,1,1997,2020,0.0871,0-3,0,1.5
C100186,2018-07-22,2019-04-11,8,basic,21.34,171,3,monthly,paypal,1,21.38,1,2407,2018,0.1241,7-12,0,0.333
C100187,2018-05-03,2018-06-29,1,basic,20.16,229,3,annual,debit_card,0,229.0,1,2693,2018,0.0877,0-3,0,1.5
C100188,2019-02-05,2020-12-29,23,basic,22.01,202,1,monthly,paypal,0,8.78,0,1779,2019,0.1084,13-24,0,0.042
C100189,2020-02-06,2020-07-04,4,basic,20.15,88,0,monthly,credit_card,0,22.0,0,1957,2020,0.2264,4-6,0,0.0
C100190,2018-10-21,2019-02-15,3,standard,44.99,566,1,annual,debit_card,1,188.67,0,2462,2018,0.0793,0-3,0,0.25
C100191,2024-05-16,2025-06-02,12,basic,17.73,174,0,annual,debit_card,0,14.5,0,163,2024,0.1013,7-12,0,0.0
C100192,2018-07-17,2022-01-15,42,premium,80.01,1492,0,monthly,debit_card,0,35.52,0,1397,2018,0.0536,24+,1,0.0
C100193,2023-04-15,2027-07-24,52,basic,21.73,273,4,monthly,credit_card,1,5.25,1,-619,2023,0.0793,24+,0,0.075
C100194,2024-01-01,2024-03-08,2,premium,76.6,1139,1,annual,paypal,0,569.5,0,614,2024,0.0672,0-3,1,0.333
C100195,2019-09-01,2019-10-24,1,basic,20.14,164,2,monthly,debit_card,0,164.0,0,2211,2019,0.1221,0-3,0,1.0
C100196,2021-02-21,2024-09-16,43,standard,37.22,538,2,monthly,debit_card,0,12.51,0,422,2021,0.0691,24+,0,0.045
C100197,2018-07-06,2019-10-23,15,basic,25.77,152,2,annual,credit_card,0,10.13,0,2212,2018,0.1684,13-24,0,0.125
C100198,2024-11-16,2025-09-25,10,standard,38.73,469,0,monthly,debit_card,0,46.9,0,48,2024,0.0824,7-12,0,0.0
C100199,2022-11-30,2025-09-18,34,standard,39.28,591,0,annual,credit_card,1,17.38,0,55,2022,0.0664,24+,0,0.0
C100200,2019-10-22,2020-01-26,3,premium,80.13,1204,1,monthly,credit_card,1,401.33,0,2117,2019,0.0665,0-3,1,0.25
C100201,2023-05-10,2024-06-01,12,basic,21.56,259,0,annual,debit_card,0,21.58,0,529,2023,0.0829,7-12,0,0.0
C100202,2024-09-16,2026-03-23,18,basic,20.7,247,0,monthly,credit_card,0,13.72,0,-131,2024,0.0835,13-24,0,0.0
C100203,2021-10-01,2023-02-05,16,basic,19.2,272,2,monthly,debit_card,0,17.0,0,1011,2021,0.0703,13-24,0,0.118
C100204,2023-06-10,2024-06-01,11,premium,82.19,1075,1,annual,credit_card,0,97.73,0,529,2023,0.0764,7-12,1,0.083
C100205,2022-03-15,2023-05-17,14,standard,38.16,407,0,monthly,paypal,0,29.07,0,910,2022,0.0935,13-24,0,0.0
C100206,2018-05-27,2020-07-29,26,standard,39.94,426,0,monthly,credit_card,0,16.38,0,1932,2018,0.0935,24+,0,0.0
C100207,2022-10-01,2025-03-18,29,standard,40.6,581,2,monthly,credit_card,1,20.03,0,239,2022,0.0698,24+,0,0.067
C100208,2023-01-18,2024-04-25,15,standard,42.35,377,0,annual,debit_card,0,25.13,0,566,2023,0.112,13-24,0,0.0
C100209,2019-05-04,2019-11-11,6,standard,41.88,424,1,monthly,credit_card,0,70.67,0,2193,2019,0.0985,4-6,0,0.143
C100210,2023-05-14,2025-04-19,23,premium,85.69,1362,0,monthly,bank_transfer,0,59.22,0,207,2023,0.0629,13-24,1,0.0
C100211,2022-07-22,2022-11-29,4,standard,40.1,463,1,monthly,credit_card,0,115.75,0,1079,2022,0.0864,4-6,0,0.2
C100212,2024-07-13,2024-08-17,1,basic,19.83,139,0,monthly,credit_card,0,139.0,0,452,2024,0.1416,0-3,0,0.0
C100213,2019-10-03,2020-03-17,5,premium,79.02,925,0,annual,credit_card,1,185.0,0,2066,2019,0.0853,4-6,1,0.0
C100214,2022-12-08,2023-12-13,12,basic,16.17,252,1,annual,credit_card,0,21.0,0,700,2022,0.0639,7-12,0,0.077
C100215,2024-11-25,2025-01-04,1,standard,41.75,522,1,monthly,credit_card,0,522.0,0,312,2024,0.0798,0-3,0,0.5
C100216,2023-05-24,2023-10-03,4,premium,82.78,1043,0,annual,credit_card,1,260.75,0,771,2023,0.0793,4-6,1,0.0
C100217,2024-01-08,2024-08-30,7,basic,22.39,172,2,annual,bank_transfer,0,24.57,0,439,2024,0.1294,7-12,0,0.25
C100218,2021-12-09,2023-01-27,13,standard,36.56,586,1,monthly,credit_card,0,45.08,0,1020,2021,0.0623,13-24,0,0.071
C100219,2022-06-23,2022-08-18,1,standard,40.7,569,1,monthly,paypal,1,569.0,0,1182,2022,0.0714,0-3,0,0.5
C100220,2018-09-20,2020-07-03,21,basic,19.63,167,1,annual,bank_transfer,0,7.95,0,1958,2018,0.1168,13-24,0,0.045
C100221,2022-11-23,2023-09-12,9,standard,41.94,587,1,monthly,debit_card,0,65.22,0,792,2022,0.0713,7-12,0,0.1
C100222,2024-01-01,2024-06-23,5,basic,17.33,152,2,monthly,bank_transfer,0,30.4,0,507,2024,0.1133,4-6,0,0.333
C100223,2024-07-21,2025-11-07,15,premium,80.31,1113,0,annual,paypal,0,74.2,0,5,2024,0.0721,13-24,1,0.0
C100224,2019-09-16,2020-02-09,4,standard,40.87,414,1,annual,credit_card,0,103.5,0,2103,2019,0.0985,4-6,0,0.2
C100225,2020-10-13,2021-11-16,13,standard,39.38,520,2,annual,bank_transfer,1,40.0,0,1457,2020,0.0756,13-24,0,0.143
C100226,2020-05-30,2021-06-16,12,basic,25.08,133,2,monthly,credit_card,0,11.08,0,1610,2020,0.1872,7-12,0,0.154
C100227,2023-08-12,2024-01-03,4,premium,77.1,1047,0,monthly,credit_card,1,261.75,0,679,2023,0.0736,4-6,1,0.0
C100228,2021-08-20,2022-03-19,7,basic,18.67,284,1,annual,credit_card,0,40.57,0,1334,2021,0.0655,7-12,0,0.125
C100229,2024-04-20,2024-11-09,6,standard,35.99,547,2,annual,credit_card,0,91.17,0,368,2024,0.0657,4-6,0,0.286
C100230,2019-03-29,2019-05-04,1,basic,16.89,256,2,monthly,credit_card,0,256.0,0,2384,2019,0.0657,0-3,0,1.0
C100231,2021-03-29,2021-12-22,8,standard,41.79,462,1,monthly,paypal,0,57.75,0,1421,2021,0.0903,7-12,0,0.111
C100232,2023-08-19,2024-11-14,15,basic,19.93,88,1,monthly,credit_card,0,5.87,0,363,2023,0.2239,13-24,0,0.062
C100233,2022-08-10,2023-01-22,5,basic,19.18,269,0,monthly,credit_card,0,53.8,0,1025,2022,0.071,4-6,0,0.0
C100234,2024-03-05,2026-11-09,32,basic,19.91,163,2,annual,credit_card,0,5.09,0,-362,2024,0.1214,24+,0,0.061
C100235,2021-02-28,2023-06-26,28,standard,39.79,655,1,annual,credit_card,0,23.39,0,870,2021,0.0607,24+,0,0.034
C100236,2019-02-08,2020-06-10,16,standard,38.74,561,1,monthly,debit_card,1,35.06,0,1981,2019,0.0689,13-24,0,0.059
C100237,2024-01-09,2029-12-07,71,premium,78.96,1052,1,monthly,credit_card,0,14.82,0,-1486,2024,0.075,24+,1,0.014
C100238,2023-10-03,2025-12-19,26,basic,16.83,206,2,monthly,paypal,0,7.92,0,-37,2023,0.0813,24+,0,0.074
C100239,2022-08-24,2025-11-06,39,standard,38.38,524,1,monthly,bank_transfer,0,13.44,0,6,2022,0.0731,24+,0,0.025
C100240,2019-09-20,2019-12-05,2,basic,25.57,247,5,monthly,credit_card,1,123.5,1,2169,2019,0.1031,0-3,0,1.667
C100241,2019-08-10,2021-05-16,21,basic,18.92,209,3,annual,bank_transfer,1,9.95,1,1641,2019,0.0901,13-24,0,0.136
C100242,2022-07-07,2025-03-24,33,standard,42.29,454,2,monthly,credit_card,0,13.76,0,233,2022,0.0929,24+,0,0.059
C100243,2021-12-14,2022-07-01,6,premium,78.93,1110,0,monthly,credit_card,0,185.0,0,1230,2021,0.071,4-6,1,0.0
C100244,2021-12-16,2025-11-23,47,standard,40.06,497,2,monthly,paypal,0,10.57,0,-11,2021,0.0804,24+,0,0.042
C100245,2018-04-14,2018-09-14,5,basic,16.44,186,2,monthly,credit_card,0,37.2,0,2616,2018,0.0879,4-6,0,0.333
C100246,2018-09-11,2019-08-08,11,basic,25.66,155,0,monthly,debit_card,0,14.09,0,2288,2018,0.1645,7-12,0,0.0
C100247,2022-02-05,2022-03-20,1,basic,17.06,180,3,monthly,paypal,0,180.0,1,1333,2022,0.0943,0-3,0,1.5
C100248,2018-04-09,2018-05-26,1,basic,17.94,132,2,monthly,paypal,0,132.0,0,2727,2018,0.1349,0-3,0,1.0
C100249,2024-01-10,2025-02-23,13,basic,16.29,296,2,annual,paypal,0,22.77,0,262,2024,0.0548,13-24,0,0.143
C100250,2023-02-28,2026-05-10,38,standard,39.7,505,2,monthly,credit_card,1,13.29,0,-179,2023,0.0785,24+,0,0.051
C100251,2023-04-04,2028-01-20,58,basic,14.11,278,2,monthly,credit_card,0,4.79,0,-799,2023,0.0506,24+,0,0.034
C100252,2020-05-27,2023-12-07,42,basic,19.49,277,0,annual,credit_card,0,6.6,0,706,2020,0.0701,24+,0,0.0
C100253,2018-12-04,2020-10-23,22,premium,72.85,1455,0,monthly,credit_card,0,66.14,0,1846,2018,0.05,13-24,1,0.0
C100254,2020-08-14,2021-05-10,8,basic,25.6,278,1,monthly,credit_card,1,34.75,0,1647,2020,0.0918,7-12,0,0.111
C100255,2022-09-01,2024-07-13,22,standard,38.55,527,1,monthly,bank_transfer,0,23.95,0,487,2022,0.073,13-24,0,0.043
C100256,2018-06-10,2018-11-12,5,basic,19.36,240,2,monthly,credit_card,0,48.0,0,2557,2018,0.0803,4-6,0,0.333
C100257,2022-05-23,2024-05-05,23,basic,17.76,146,2,monthly,paypal,0,6.35,0,556,2022,0.1208,13-24,0,0.083
C100258,2019-02-02,2019-03-22,1,premium,82.25,1066,1,monthly,credit_card,0,1066.0,0,2427,2019,0.0771,0-3,1,0.5
C100259,2021-07-24,2023-03-09,19,basic,16.3,254,3,monthly,debit_card,0,13.37,1,979,2021,0.0639,13-24,0,0.15
C100260,2020-03-26,2022-10-06,30,standard,40.69,531,1,monthly,paypal,0,17.7,0,1133,2020,0.0765,24+,0,0.032
C100261,2022-03-08,2023-03-11,12,basic,20.63,166,6,monthly,credit_card,0,13.83,1,977,2022,0.1235,7-12,0,0.462
C100262,2023-04-04,2023-07-05,3,standard,39.48,452,1,monthly,credit_card,0,150.67,0,861,2023,0.0872,0-3,0,0.25
C100263,2021-11-16,2023-01-31,14,basic,20.67,195,3,monthly,paypal,1,13.93,1,1016,2021,0.1055,13-24,0,0.2
C100264,2021-03-04,2021-07-13,4,premium,78.23,1144,0,monthly,bank_transfer,0,286.0,0,1583,2021,0.0683,4-6,1,0.0
C100265,2021-05-03,2021-09-02,4,basic,20.23,163,1,monthly,debit_card,0,40.75,0,1532,2021,0.1234,4-6,0,0.2
C100266,2019-02-05,2019-04-17,2,standard,37.64,561,0,monthly,credit_card,0,280.5,0,2401,2019,0.067,0-3,0,0.0
C100267,2019-10-02,2023-09-18,48,standard,39.85,485,3,annual,credit_card,0,10.1,1,786,2019,0.082,24+,0,0.061
C100268,2019-04-05,2019-10-26,6,standard,37.65,523,2,annual,paypal,0,87.17,0,2209,2019,0.0719,4-6,0,0.286
C100269,2020-08-12,2023-06-08,34,basic,17.23,269,0,annual,credit_card,0,7.91,0,888,2020,0.0638,24+,0,0.0
C100270,2019-04-15,2020-10-26,18,premium,74.95,1061,0,annual,credit_card,0,58.94,0,1843,2019,0.0706,13-24,1,0.0
C100271,2020-11-11,2021-02-04,2,premium,78.22,1253,0,annual,credit_card,0,626.5,0,1742,2020,0.0624,0-3,1,0.0
C100272,2022-08-21,2023-10-09,13,premium,74.81,1267,0,monthly,credit_card,0,97.46,0,765,2022,0.059,13-24,1,0.0
C100273,2023-09-17,2023-12-22,3,premium,77.43,1146,0,annual,debit_card,0,382.0,0,691,2023,0.0675,0-3,1,0.0
C100274,2024-03-27,2024-05-12,1,premium,78.27,1118,0,annual,credit_card,1,1118.0,0,549,2024,0.0699,0-3,1,0.0
C100275,2019-07-17,2020-01-20,6,premium,79.19,1021,0,monthly,debit_card,0,170.17,0,2123,2019,0.0775,4-6,1,0.0
C100276,2024-10-21,2025-10-13,11,basic,19.69,191,1,monthly,credit_card,0,17.36,0,30,2024,0.1026,7-12,0,0.083
C100277,2022-12-05,2024-06-19,18,basic,24.85,267,0,monthly,debit_card,1,14.83,0,511,2022,0.0927,13-24,0,0.0
C100278,2023-09-06,2024-04-27,7,premium,81.35,1100,0,monthly,credit_card,0,157.14,0,564,2023,0.0739,7-12,1,0.0
C100279,2018-08-14,2019-07-20,11,basic,18.93,248,1,monthly,credit_card,0,22.55,0,2307,2018,0.076,7-12,0,0.083
C100280,2020-03-08,2023-12-13,45,premium,79.57,1168,1,monthly,paypal,0,25.96,0,700,2020,0.0681,24+,1,0.022
C100281,2024-05-20,2025-10-07,16,basic,20.22,277,4,annual,debit_card,1,17.31,1,36,2024,0.0727,13-24,0,0.235
C100282,2020-08-17,2022-04-18,20,premium,79.86,1073,0,monthly,credit_card,0,53.65,0,1304,2020,0.0744,13-24,1,0.0
C100283,2022-02-13,2025-09-06,43,basic,22.61,148,1,monthly,paypal,0,3.44,0,67,2022,0.1517,24+,0,0.023
C100284,2019-03-29,2019-05-21,1,premium,80.32,1156,1,monthly,credit_card,0,1156.0,0,2367,2019,0.0694,0-3,1,0.5
C100285,2020-03-26,2020-05-21,1,standard,36.45,455,2,monthly,credit_card,0,455.0,0,2001,2020,0.0799,0-3,0,1.0
C100286,2019-10-21,2022-04-11,30,basic,21.37,340,2,monthly,credit_card,0,11.33,0,1311,2019,0.0627,24+,0,0.065
C100287,2019-07-01,2020-07-05,12,standard,46.03,441,0,annual,credit_card,0,36.75,0,1956,2019,0.1041,7-12,0,0.0
C100288,2021-04-30,2021-08-23,3,basic,21.14,231,3,monthly,debit_card,1,77.0,1,1542,2021,0.0911,0-3,0,0.75
C100289,2018-01-17,2021-10-29,46,standard,38.03,374,0,monthly,credit_card,0,8.13,0,1475,2018,0.1014,24+,0,0.0
C100290,2021-05-28,2023-05-06,23,basic,25.5,215,0,annual,credit_card,0,9.35,0,921,2021,0.1181,13-24,0,0.0
C100291,2024-01-15,2025-10-04,20,basic,24.15,322,1,monthly,debit_card,0,16.1,0,39,2024,0.0748,13-24,0,0.048
C100292,2024-11-29,2026-07-03,19,standard,34.85,383,2,monthly,credit_card,0,20.16,0,-233,2024,0.0908,13-24,0,0.1
C100293,2020-12-05,2021-05-24,5,basic,22.38,204,1,monthly,credit_card,1,40.8,0,1633,2020,0.1092,4-6,0,0.167
C100294,2023-11-17,2025-08-27,21,basic,17.63,171,2,monthly,credit_card,0,8.14,0,77,2023,0.1025,13-24,0,0.091
C100295,2022-11-04,2022-12-06,1,standard,39.19,625,4,annual,credit_card,0,625.0,1,1072,2022,0.0626,0-3,0,2.0
C100296,2020-11-26,2021-11-26,12,standard,35.56,528,0,monthly,credit_card,0,44.0,0,1447,2020,0.0672,7-12,0,0.0
C100297,2024-05-16,2025-02-25,9,standard,40.28,571,1,monthly,credit_card,1,63.44,0,260,2024,0.0704,7-12,0,0.1
C100298,2024-12-19,2026-05-13,17,basic,19.54,240,0,monthly,credit_card,0,14.12,0,-182,2024,0.0811,13-24,0,0.0
C100299,2018-10-29,2020-08-19,22,standard,37.32,480,0,monthly,debit_card,0,21.82,0,1911,2018,0.0776,13-24,0,0.0
C100300,2018-06-30,2023-07-18,61,standard,40.49,536,1,monthly,bank_transfer,0,8.79,0,848,2018,0.0754,24+,0,0.016
C100301,2019-08-30,2028-08-04,108,premium,79.8,1200,0,annual,paypal,0,11.11,0,-996,2019,0.0664,24+,1,0.0
C100302,2019-12-01,2021-12-29,25,standard,37.48,588,2,monthly,credit_card,1,23.52,0,1414,2019,0.0636,24+,0,0.077
C100303,2020-09-19,2021-02-26,5,basic,18.35,175,4,monthly,debit_card,0,35.0,1,1720,2020,0.1043,4-6,0,0.667
C100304,2021-02-13,2022-03-04,12,basic,21.59,278,2,monthly,credit_card,1,23.17,0,1349,2021,0.0774,7-12,0,0.154
C100305,2018-07-10,2019-09-24,14,standard,35.66,521,1,annual,credit_card,0,37.21,0,2241,2018,0.0683,13-24,0,0.067
C100306,2024-04-19,2024-06-07,1,standard,41.34,369,0,monthly,debit_card,0,369.0,0,523,2024,0.1117,0-3,0,0.0
C100307,2020-09-07,2022-09-12,24,basic,22.84,275,2,annual,debit_card,0,11.46,0,1157,2020,0.0828,13-24,0,0.08
C100308,2023-06-30,2028-03-09,57,standard,42.82,374,2,monthly,credit_card,0,6.56,0,-848,2023,0.1142,24+,0,0.034
C100309,2021-03-30,2021-12-01,8,standard,41.92,551,1,monthly,credit_card,0,68.88,0,1442,2021,0.0759,7-12,0,0.111
C100310,2018-05-08,2023-09-21,65,premium,76.47,1302,0,monthly,paypal,0,20.03,0,783,2018,0.0587,24+,1,0.0
C100311,2023-08-28,2027-06-14,46,standard,40.1,548,3,monthly,debit_card,0,11.91,1,-579,2023,0.073,24+,0,0.064
C100312,2022-12-22,2028-12-28,73,basic,17.83,189,1,monthly,debit_card,1,2.59,0,-1142,2022,0.0938,24+,0,0.014
C100313,2022-10-25,2023-02-13,3,standard,41.53,463,0,annual,credit_card,0,154.33,0,1003,2022,0.0895,0-3,0,0.0
C100314,2019-07-24,2021-08-16,25,basic,23.4,101,4,monthly,bank_transfer,0,4.04,1,1549,2019,0.2294,24+,0,0.154
C100315,2021-09-08,2022-11-11,14,standard,46.96,526,0,annual,debit_card,0,37.57,0,1097,2021,0.0891,13-24,0,0.0
C100316,2023-03-11,2023-10-07,7,standard,38.07,597,1,monthly,paypal,0,85.29,0,767,2023,0.0637,7-12,0,0.125
C100317,2019-09-18,2020-03-28,6,premium,82.22,1194,0,monthly,debit_card,0,199.0,0,2055,2019,0.0688,4-6,1,0.0
C100318,2022-08-14,2023-11-15,15,basic,16.11,162,0,annual,credit_card,0,10.8,0,728,2022,0.0988,13-24,0,0.0
C100319,2018-06-04,2019-05-12,11,basic,16.36,151,2,monthly,debit_card,0,13.73,0,2376,2018,0.1076,7-12,0,0.167
C100320,2024-12-12,2027-08-20,32,basic,20.7,197,1,monthly,debit_card,1,6.16,0,-646,2024,0.1045,24+,0,0.03
C100321,2021-11-10,2024-01-22,26,premium,77.18,877,0,annual,credit_card,0,33.73,0,660,2021,0.0879,24+,1,0.0
C100322,2020-02-24,2022-12-07,33,standard,45.64,628,2,monthly,debit_card,0,19.03,0,1071,2020,0.0726,24+,0,0.059
C100323,2018-09-03,2021-12-22,40,standard,37.55,347,2,monthly,credit_card,0,8.68,0,1421,2018,0.1079,24+,0,0.049
C100324,2022-02-09,2022-03-29,1,standard,38.81,665,1,monthly,credit_card,1,665.0,0,1324,2022,0.0583,0-3,0,0.5
C100325,2022-09-02,2023-07-12,10,premium,80.19,1204,0,monthly,debit_card,0,120.4,0,854,2022,0.0665,7-12,1,0.0
C100326,2019-06-22,2019-07-27,1,premium,77.05,1117,1,monthly,credit_card,0,1117.0,0,2300,2019,0.0689,0-3,1,0.5
C100327,2023-03-06,2030-11-21,93,premium,79.52,1024,0,monthly,bank_transfer,0,11.01,0,-1835,2023,0.0776,24+,1,0.0
C100328,2023-01-16,2024-05-27,16,basic,24.74,165,3,monthly,credit_card,0,10.31,1,534,2023,0.149,13-24,0,0.176
C100329,2020-07-09,2020-11-11,4,standard,36.67,611,2,monthly,debit_card,1,152.75,0,1827,2020,0.0599,4-6,0,0.4
C100330,2024-09-21,2026-07-25,22,standard,39.93,487,0,monthly,debit_card,0,22.14,0,-255,2024,0.0818,13-24,0,0.0
C100331,2019-06-09,2020-01-15,7,basic,14.26,286,2,monthly,debit_card,0,40.86,0,2128,2019,0.0497,7-12,0,0.25
C100332,2022-03-10,2022-12-16,9,basic,16.21,92,1,annual,paypal,0,10.22,0,1062,2022,0.1743,7-12,0,0.1
C100333,2018-02-05,2019-05-18,15,basic,18.38,126,1,monthly,debit_card,0,8.4,0,2370,2018,0.1447,13-24,0,0.062
C100334,2019-11-16,2022-01-18,26,basic,17.32,89,3,annual,debit_card,0,3.42,1,1394,2019,0.1924,24+,0,0.111
C100335,2018-01-20,2018-07-08,5,basic,23.26,186,1,monthly,credit_card,0,37.2,0,2684,2018,0.1244,4-6,0,0.167
C100336,2024-06-26,2024-08-10,1,premium,83.06,865,0,monthly,debit_card,1,865.0,0,459,2024,0.0959,0-3,1,0.0
C100337,2019-02-04,2019-04-24,2,basic,21.31,160,1,monthly,credit_card,0,80.0,0,2394,2019,0.1324,0-3,0,0.333
C100338,2020-08-29,2020-10-17,1,standard,41.52,537,0,monthly,debit_card,0,537.0,0,1852,2020,0.0772,0-3,0,0.0
C100339,2023-03-22,2023-12-02,8,basic,25.88,218,0,annual,bank_transfer,0,27.25,0,711,2023,0.1182,7-12,0,0.0
C100340,2024-11-23,2027-06-29,31,basic,18.2,238,3,monthly,paypal,0,7.68,1,-594,2024,0.0762,24+,0,0.094
C100341,2021-03-12,2021-05-14,2,premium,82.67,1489,0,monthly,credit_card,1,744.5,0,1643,2021,0.0555,0-3,1,0.0
C100342,2021-01-20,2021-02-25,1,basic,20.34,227,1,monthly,debit_card,1,227.0,0,1721,2021,0.0892,0-3,0,0.5
C100343,2020-04-13,2021-03-18,11,basic,18.51,254,0,monthly,bank_transfer,0,23.09,0,1700,2020,0.0726,7-12,0,0.0
C100344,2022-12-29,2024-04-23,16,basic,19.34,160,0,annual,debit_card,1,10.0,0,568,2022,0.1201,13-24,0,0.0
C100345,2023-06-06,2027-09-07,51,basic,20.82,132,3,monthly,credit_card,0,2.59,1,-664,2023,0.1565,24+,0,0.058
C100346,2020-05-03,2020-11-10,6,premium,83.7,1344,0,monthly,credit_card,0,224.0,0,1828,2020,0.0622,4-6,1,0.0
C100347,2018-02-20,2018-07-27,5,standard,40.45,445,4,annual,debit_card,1,89.0,1,2665,2018,0.0907,4-6,0,0.667
C100348,2019-07-29,2020-08-17,12,basic,18.7,258,1,annual,credit_card,1,21.5,0,1913,2019,0.0722,7-12,0,0.077
C100349,2021-02-22,2021-06-03,3,standard,38.08,498,1,annual,credit_card,0,166.0,0,1623,2021,0.0763,0-3,0,0.25
C100350,2024-01-07,2024-11-22,10,premium,79.96,1102,0,monthly,credit_card,0,110.2,0,355,2024,0.0725,7-12,1,0.0
C100351,2024-06-19,2026-09-05,26,basic,21.32,131,4,annual,paypal,0,5.04,1,-297,2024,0.1615,24+,0,0.148
C100352,2024-06-10,2025-09-25,15,standard,39.48,572,3,monthly,credit_card,0,38.13,1,48,2024,0.0689,13-24,0,0.188
C100353,2022-09-12,2025-06-23,33,standard,41.49,575,2,monthly,debit_card,1,17.42,0,142,2022,0.072,24+,0,0.059
C100354,2019-11-13,2022-05-10,30,standard,35.23,512,0,monthly,debit_card,0,17.07,0,1282,2019,0.0687,24+,0,0.0
C100355,2020-04-17,2021-11-18,19,premium,79.88,1006,0,annual,credit_card,0,52.95,0,1455,2020,0.0793,13-24,1,0.0
C100356,2020-12-13,2022-04-12,16,premium,84.45,938,0,annual,debit_card,0,58.62,0,1310,2020,0.0899,13-24,1,0.0
C100357,2024-10-27,2025-01-04,2,basic,20.17,190,0,monthly,paypal,0,95.0,0,312,2024,0.1056,0-3,0,0.0
C100358,2024-04-30,2024-10-14,5,standard,38.35,567,1,annual,bank_transfer,1,113.4,0,394,2024,0.0675,4-6,0,0.167
C100359,2022-05-15,2023-03-19,10,premium,79.63,1438,0,monthly,credit_card,0,143.8,0,969,2022,0.0553,7-12,1,0.0
C100360,2018-01-05,2019-10-21,21,basic,22.35,118,0,monthly,credit_card,1,5.62,0,2214,2018,0.1878,13-24,0,0.0
C100361,2021-01-31,2030-02-06,109,premium,75.67,1126,0,monthly,credit_card,0,10.33,0,-1547,2021,0.0671,24+,1,0.0
C100362,2021-05-04,2021-07-28,2,basic,23.42,124,1,monthly,credit_card,0,62.0,0,1568,2021,0.1874,0-3,0,0.333
C100363,2020-02-13,2020-11-13,9,standard,41.9,488,6,monthly,debit_card,0,54.22,1,1825,2020,0.0857,7-12,0,0.6
C100364,2020-05-26,2022-07-13,25,premium,79.15,1262,0,monthly,debit_card,0,50.48,0,1218,2020,0.0627,24+,1,0.0
C100365,2020-09-18,2021-02-05,4,standard,37.83,472,0,annual,credit_card,1,118.0,0,1741,2020,0.08,4-6,0,0.0
C100366,2018-02-16,2018-04-04,1,standard,39.8,448,1,monthly,bank_transfer,0,448.0,0,2779,2018,0.0886,0-3,0,0.5
C100367,2018-09-26,2022-12-01,50,standard,38.05,561,0,monthly,credit_card,0,11.22,0,1077,2018,0.0677,24+,0,0.0
C100368,2019-01-05,2019-06-03,4,basic,16.33,280,2,monthly,debit_card,0,70.0,0,2354,2019,0.0581,4-6,0,0.4
C100369,2019-09-28,2022-01-03,27,basic,20.93,123,1,annual,paypal,0,4.56,0,1409,2019,0.1688,24+,0,0.036
C100370,2021-02-03,2021-05-02,2,basic,20.06,197,1,monthly,paypal,0,98.5,0,1655,2021,0.1013,0-3,0,0.333
C100371,2022-08-21,2024-03-20,19,standard,45.77,303,0,monthly,paypal,0,15.95,0,602,2022,0.1506,13-24,0,0.0
C100372,2022-08-10,2024-12-15,28,standard,34.75,396,1,monthly,paypal,0,14.14,0,332,2022,0.0875,24+,0,0.034
C100373,2019-10-19,2023-01-27,39,basic,18.41,150,1,monthly,debit_card,0,3.85,0,1020,2019,0.1219,24+,0,0.025
C100374,2018-04-30,2022-02-22,46,standard,43.65,510,3,monthly,paypal,0,11.09,1,1359,2018,0.0854,24+,0,0.064
C100375,2020-04-10,2021-08-29,16,basic,21.56,223,3,annual,credit_card,0,13.94,1,1536,2020,0.0962,13-24,0,0.176
C100376,2022-12-16,2036-04-29,162,basic,19.19,124,4,monthly,credit_card,0,0.77,1,-3821,2022,0.1535,,0,0.025
C100377,2020-12-17,2023-03-09,27,basic,16.89,152,0,monthly,credit_card,0,5.63,0,979,2020,0.1104,24+,0,0.0
C100378,2023-05-29,2023-07-14,1,basic,21.34,186,1,monthly,credit_card,0,186.0,0,852,2023,0.1141,0-3,0,0.5
C100379,2021-10-01,2023-10-29,25,basic,14.41,232,2,annual,paypal,0,9.28,0,745,2021,0.0618,24+,0,0.077
C100380,2020-01-11,2022-12-01,35,basic,20.18,109,2,monthly,credit_card,1,3.11,0,1077,2020,0.1835,24+,0,0.056
C100381,2018-04-27,2020-09-23,29,standard,40.7,393,0,monthly,credit_card,0,13.55,0,1876,2018,0.1033,24+,0,0.0
C100382,2023-01-28,2023-04-02,2,basic,19.94,106,1,annual,debit_card,1,53.0,0,955,2023,0.1864,0-3,0,0.333
C100383,2021-02-24,2023-05-27,27,standard,36.27,521,2,annual,debit_card,1,19.3,0,900,2021,0.0695,24+,0,0.071
C100384,2023-04-16,2025-03-28,23,premium,80.67,1074,1,annual,debit_card,0,46.7,0,229,2023,0.075,13-24,1,0.042
C100385,2020-10-09,2022-01-15,15,premium,78.78,1130,0,monthly,credit_card,0,75.33,0,1397,2020,0.0697,13-24,1,0.0
C100386,2022-07-23,2023-06-30,11,premium,82.83,1269,1,monthly,credit_card,1,115.36,0,866,2022,0.0652,7-12,1,0.083
C100387,2020-12-17,2021-10-16,10,standard,39.2,511,0,monthly,paypal,1,51.1,0,1488,2020,0.0766,7-12,0,0.0
C100388,2019-09-26,2020-10-18,12,premium,77.09,1103,0,monthly,paypal,0,91.92,0,1851,2019,0.0698,7-12,1,0.0
C100389,2019-05-28,2020-12-03,18,premium,81.42,925,0,annual,credit_card,0,51.39,0,1805,2019,0.0879,13-24,1,0.0
C100390,2021-01-24,2022-11-08,21,premium,78.5,956,0,monthly,credit_card,0,45.52,0,1100,2021,0.082,13-24,1,0.0
C100391,2021-02-15,2022-11-13,21,standard,39.86,536,3,monthly,paypal,0,25.52,1,1095,2021,0.0742,13-24,0,0.136
C100392,2019-07-14,2020-03-08,7,basic,23.12,196,3,annual,paypal,1,28.0,1,2075,2019,0.1174,7-12,0,0.375
C100393,2019-05-03,2025-01-29,69,basic,16.87,281,1,monthly,paypal,0,4.07,0,287,2019,0.0598,24+,0,0.014
C100394,2020-06-15,2020-09-21,3,standard,39.88,560,3,monthly,credit_card,1,186.67,1,1878,2020,0.0711,0-3,0,0.75
C100395,2021-04-27,2021-10-26,6,premium,77.36,1216,0,monthly,credit_card,0,202.67,0,1478,2021,0.0636,4-6,1,0.0
C100396,2019-12-05,2020-02-19,2,standard,41.11,535,1,monthly,debit_card,0,267.5,0,2093,2019,0.0767,0-3,0,0.333
C100397,2022-01-10,2023-10-14,21,standard,33.63,524,1,annual,paypal,0,24.95,0,760,2022,0.0641,13-24,0,0.045
C100398,2019-08-04,2020-08-19,12,standard,42.19,510,3,monthly,bank_transfer,0,42.5,1,1911,2019,0.0826,7-12,0,0.231
C100399,2024-04-13,2024-06-26,2,standard,40.7,529,2,monthly,credit_card,0,264.5,0,504,2024,0.0768,0-3,0,0.667
C100400,2018-06-03,2018-11-28,5,basic,15.14,189,3,annual,credit_card,1,37.8,1,2541,2018,0.0797,4-6,0,0.5
C100401,2022-08-07,2023-02-27,6,basic,21.38,196,4,monthly,credit_card,0,32.67,1,989,2022,0.1085,4-6,0,0.571
C100402,2020-09-23,2024-06-29,45,basic,19.48,243,0,monthly,debit_card,0,5.4,0,501,2020,0.0798,24+,0,0.0
C100403,2021-05-28,2023-06-01,24,standard,40.2,432,0,monthly,credit_card,0,18.0,0,895,2021,0.0928,13-24,0,0.0
C100404,2020-12-28,2021-04-15,3,basic,21.16,128,2,monthly,credit_card,0,42.67,0,1672,2020,0.164,0-3,0,0.5
C100405,2020-10-05,2022-07-08,21,basic,18.21,224,2,monthly,paypal,0,10.67,0,1223,2020,0.0809,13-24,0,0.091
C100406,2023-11-12,2026-02-11,27,standard,37.71,545,1,monthly,credit_card,0,20.19,0,-91,2023,0.0691,24+,0,0.036
C100407,2022-11-09,2025-11-23,37,basic,21.33,212,6,monthly,debit_card,0,5.73,1,-11,2022,0.1001,24+,0,0.158
C100408,2020-08-15,2020-11-22,3,basic,13.41,194,1,monthly,debit_card,0,64.67,0,1816,2020,0.0688,0-3,0,0.25
C100409,2019-03-29,2020-02-21,10,basic,24.09,229,3,annual,paypal,0,22.9,1,2091,2019,0.1047,7-12,0,0.273
C100410,2021-05-12,2021-09-14,4,basic,19.88,87,3,annual,paypal,1,21.75,1,1520,2021,0.2259,4-6,0,0.6
C100411,2024-03-15,2025-01-25,10,premium,79.9,1038,0,annual,credit_card,0,103.8,0,291,2024,0.0769,7-12,1,0.0
C100412,2024-11-26,2025-06-07,6,basic,23.21,141,3,monthly,paypal,1,23.5,1,158,2024,0.1635,4-6,0,0.429
C100413,2024-10-15,2025-02-01,3,basic,20.0,176,0,annual,credit_card,0,58.67,0,284,2024,0.113,0-3,0,0.0
C100414,2024-07-16,2024-11-04,3,standard,39.14,611,0,monthly,credit_card,0,203.67,0,373,2024,0.064,0-3,0,0.0
C100415,2019-07-05,2022-08-01,37,standard,38.49,539,1,monthly,debit_card,0,14.57,0,1199,2019,0.0713,24+,0,0.026
C100416,2022-06-24,2028-02-15,68,premium,83.03,1051,0,monthly,credit_card,0,15.46,0,-825,2022,0.0789,24+,1,0.0
C100417,2021-08-05,2023-09-23,25,standard,36.27,512,2,monthly,debit_card,1,20.48,0,781,2021,0.0707,24+,0,0.077
C100418,2022-10-24,2022-11-26,1,standard,40.59,514,0,annual,credit_card,1,514.0,0,1082,2022,0.0788,0-3,0,0.0
C100419,2018-12-23,2020-11-23,23,basic,17.42,208,2,annual,debit_card,0,9.04,0,1815,2018,0.0833,13-24,0,0.083
C100420,2023-09-02,2024-01-27,4,standard,41.96,415,1,annual,credit_card,1,103.75,0,655,2023,0.1009,4-6,0,0.2
C100421,2022-11-21,2023-07-31,8,standard,40.29,513,0,monthly,credit_card,0,64.12,0,835,2022,0.0784,7-12,0,0.0
C100422,2022-11-17,2023-04-15,4,standard,39.98,421,0,monthly,debit_card,1,105.25,0,942,2022,0.0947,4-6,0,0.0
C100423,2024-10-25,2029-07-25,57,basic,21.52,119,1,monthly,credit_card,1,2.09,0,-1351,2024,0.1793,24+,0,0.017
C100424,2022-06-20,2022-07-25,1,basic,19.89,158,3,monthly,debit_card,0,158.0,1,1206,2022,0.1251,0-3,0,1.5
C100425,2020-10-12,2021-01-26,3,basic,23.33,203,0,monthly,debit_card,1,67.67,0,1751,2020,0.1144,0-3,0,0.0
C100426,2021-09-10,2022-01-25,4,standard,35.29,445,3,annual,paypal,0,111.25,1,1387,2021,0.0791,4-6,0,0.6
C100427,2019-05-31,2019-11-16,5,basic,16.51,203,2,monthly,credit_card,1,40.6,0,2188,2019,0.0809,4-6,0,0.333
C100428,2018-12-02,2021-06-03,30,standard,39.19,509,2,monthly,credit_card,1,16.97,0,1623,2018,0.0768,24+,0,0.065
C100429,2022-11-18,2024-05-11,18,basic,17.77,189,2,monthly,paypal,0,10.5,0,550,2022,0.0935,13-24,0,0.105
C100430,2024-04-24,2025-04-30,12,standard,41.68,555,1,monthly,credit_card,0,46.25,0,196,2024,0.075,7-12,0,0.077
C100431,2019-05-12,2019-12-19,7,premium,78.39,1292,0,monthly,credit_card,0,184.57,0,2155,2019,0.0606,7-12,1,0.0
C100432,2020-06-14,2023-08-03,38,basic,22.03,114,2,monthly,credit_card,0,3.0,0,832,2020,0.1916,24+,0,0.051
C100433,2024-01-17,2024-03-13,1,standard,35.22,574,1,monthly,credit_card,0,574.0,0,609,2024,0.0613,0-3,0,0.5
C100434,2020-05-01,2021-07-18,14,basic,23.94,141,3,annual,debit_card,0,10.07,1,1578,2020,0.1686,13-24,0,0.2
C100435,2022-08-15,2022-11-20,3,basic,14.56,130,2,annual,bank_transfer,1,43.33,0,1088,2022,0.1111,0-3,0,0.5
C100436,2023-04-16,2023-07-06,2,basic,21.78,233,1,monthly,bank_transfer,0,116.5,0,860,2023,0.0931,0-3,0,0.333
C100437,2024-08-24,2027-02-07,29,standard,41.27,434,2,monthly,debit_card,1,14.97,0,-452,2024,0.0949,24+,0,0.067
C100438,2022-04-18,2024-01-31,21,standard,42.06,581,0,monthly,credit_card,0,27.67,0,651,2022,0.0723,13-24,0,0.0
C100439,2020-08-14,2022-12-27,28,standard,43.03,578,0,monthly,credit_card,1,20.64,0,1051,2020,0.0743,24+,0,0.0
C100440,2022-06-25,2023-12-24,18,standard,38.83,451,2,annual,credit_card,0,25.06,0,689,2022,0.0859,13-24,0,0.105
C100441,2021-07-15,2021-09-14,2,premium,79.08,1264,0,annual,paypal,1,632.0,0,1520,2021,0.0625,0-3,1,0.0
C100442,2021-12-11,2022-02-05,1,basic,20.47,236,5,annual,credit_card,0,236.0,1,1376,2021,0.0864,0-3,0,2.5
C100443,2021-04-06,2023-04-15,24,basic,25.76,232,1,annual,credit_card,0,9.67,0,942,2021,0.1106,13-24,0,0.04
C100444,2020-12-02,2021-08-06,8,basic,25.22,197,1,monthly,debit_card,0,24.62,0,1559,2020,0.1274,7-12,0,0.111
C100445,2018-10-12,2019-11-15,13,standard,35.83,582,0,monthly,credit_card,0,44.77,0,2189,2018,0.0615,13-24,0,0.0
C100446,2024-09-10,2024-11-22,2,standard,41.21,558,1,monthly,credit_card,1,279.0,0,355,2024,0.0737,0-3,0,0.333
C100447,2018-01-12,2021-03-24,38,standard,44.11,591,2,monthly,credit_card,1,15.55,0,1694,2018,0.0745,24+,0,0.051
C100448,2022-06-19,2022-10-10,3,standard,42.9,446,3,annual,paypal,0,148.67,1,1129,2022,0.096,0-3,0,0.75
C100449,2024-12-21,2025-01-31,1,standard,40.06,422,1,annual,debit_card,0,422.0,0,285,2024,0.0947,0-3,0,0.5
C100450,2020-01-24,2020-04-25,3,standard,41.16,649,1,monthly,credit_card,1,216.33,0,2027,2020,0.0633,0-3,0,0.25
C100451,2023-09-14,2024-12-25,15,basic,21.69,263,1,annual,credit_card,0,17.53,0,322,2023,0.0822,13-24,0,0.062
C100452,2018-03-31,2019-06-05,14,basic,17.68,200,1,monthly,credit_card,1,14.29,0,2352,2018,0.088,13-24,0,0.067
C100453,2020-02-15,2020-12-28,10,standard,43.23,550,2,monthly,credit_card,1,55.0,0,1780,2020,0.0785,7-12,0,0.182
C100454,2022-06-14,2024-02-18,20,basic,17.85,235,1,monthly,credit_card,0,11.75,0,633,2022,0.0756,13-24,0,0.048
C100455,2019-02-22,2021-01-26,23,basic,22.19,239,2,monthly,paypal,0,10.39,0,1751,2019,0.0925,13-24,0,0.083
C100456,2018-04-25,2018-06-17,1,basic,21.07,71,0,monthly,bank_transfer,0,71.0,0,2705,2018,0.2926,0-3,0,0.0
C100457,2019-09-09,2019-10-18,1,standard,43.67,573,3,monthly,credit_card,0,573.0,1,2217,2019,0.0761,0-3,0,1.5
C100458,2020-04-05,2021-11-01,19,standard,39.89,482,2,monthly,debit_card,1,25.37,0,1472,2020,0.0826,13-24,0,0.1
C100459,2022-07-08,2023-03-09,8,basic,17.3,275,0,annual,credit_card,0,34.38,0,979,2022,0.0627,7-12,0,0.0
C100460,2022-02-25,2024-04-02,25,standard,40.89,492,0,annual,paypal,0,19.68,0,589,2022,0.0829,24+,0,0.0
C100461,2019-02-17,2022-12-12,46,standard,38.99,619,1,monthly,bank_transfer,0,13.46,0,1066,2019,0.0629,24+,0,0.021
C100462,2019-12-30,2020-12-27,12,standard,39.78,527,0,monthly,paypal,0,43.92,0,1781,2019,0.0753,7-12,0,0.0
C100463,2019-11-07,2020-09-20,10,basic,22.54,159,0,annual,paypal,0,15.9,0,1879,2019,0.1409,7-12,0,0.0
C100464,2023-03-08,2026-05-07,38,basic,20.36,167,0,monthly,paypal,0,4.39,0,-176,2023,0.1212,24+,0,0.0
C100465,2024-11-09,2025-04-17,5,standard,38.11,438,1,monthly,debit_card,0,87.6,0,209,2024,0.0868,4-6,0,0.167
C100466,2024-02-18,2027-07-05,41,basic,22.39,238,3,monthly,debit_card,0,5.8,1,-600,2024,0.0937,24+,0,0.071
C100467,2021-01-27,2021-03-21,1,basic,17.31,10,2,monthly,credit_card,0,10.0,0,1697,2021,1.5736,0-3,0,1.0
C100468,2022-04-21,2022-10-08,5,basic,17.63,225,0,monthly,credit_card,0,45.0,0,1131,2022,0.078,4-6,0,0.0
C100469,2020-09-04,2022-04-28,20,basic,25.29,373,2,annual,paypal,0,18.65,0,1294,2020,0.0676,13-24,0,0.095
C100470,2020-10-05,2023-11-14,37,basic,21.03,179,3,monthly,credit_card,1,4.84,1,729,2020,0.1168,24+,0,0.079
C100471,2023-11-14,2024-11-13,12,basic,18.15,130,0,annual,debit_card,0,10.83,0,364,2023,0.1385,7-12,0,0.0
C100472,2022-08-15,2023-03-16,7,premium,78.53,1044,0,monthly,paypal,0,149.14,0,972,2022,0.0751,7-12,1,0.0
C100473,2018-02-06,2025-09-14,92,standard,44.1,588,3,monthly,debit_card,0,6.39,1,59,2018,0.0749,24+,0,0.032
C100474,2022-03-29,2022-08-01,4,standard,36.47,498,1,monthly,credit_card,1,124.5,0,1199,2022,0.0731,4-6,0,0.2
C100475,2024-05-15,2026-08-24,27,standard,39.21,461,0,monthly,credit_card,0,17.07,0,-285,2024,0.0849,24+,0,0.0
C100476,2024-03-14,2025-03-15,12,basic,19.8,169,0,annual,bank_transfer,0,14.08,0,242,2024,0.1165,7-12,0,0.0
C100477,2020-05-22,2025-04-10,59,basic,15.41,212,2,monthly,debit_card,1,3.59,0,216,2020,0.0723,24+,0,0.033
C100478,2022-12-27,2024-01-06,12,basic,17.88,158,3,monthly,bank_transfer,1,13.17,1,676,2022,0.1125,7-12,0,0.231
C100479,2021-07-20,2022-03-18,8,basic,19.44,257,2,annual,credit_card,0,32.12,0,1335,2021,0.0753,7-12,0,0.222
C100480,2023-10-11,2024-02-14,4,basic,13.85,149,0,monthly,credit_card,0,37.25,0,637,2023,0.0923,4-6,0,0.0
C100481,2019-08-19,2019-10-20,2,basic,21.31,170,2,annual,paypal,0,85.0,0,2215,2019,0.1246,0-3,0,0.667
C100482,2023-03-19,2024-08-21,17,standard,35.42,466,3,monthly,credit_card,1,27.41,1,448,2023,0.0758,13-24,0,0.167
C100483,2019-12-30,2020-10-16,9,standard,38.56,398,2,monthly,credit_card,0,44.22,0,1853,2019,0.0966,7-12,0,0.2
C100484,2021-09-27,2021-11-22,1,basic,23.53,171,0,annual,credit_card,1,171.0,0,1451,2021,0.1368,0-3,0,0.0
C100485,2019-02-01,2019-11-23,9,basic,20.13,267,1,monthly,paypal,1,29.67,0,2181,2019,0.0751,7-12,0,0.1
C100486,2019-11-30,2020-05-04,5,standard,36.88,621,0,annual,paypal,0,124.2,0,2018,2019,0.0593,4-6,0,0.0
C100487,2024-02-03,2028-09-03,55,premium,75.07,1157,1,monthly,paypal,0,21.04,0,-1026,2024,0.0648,24+,1,0.018
C100488,2022-06-24,2022-11-24,5,basic,21.46,126,2,annual,credit_card,0,25.2,0,1084,2022,0.169,4-6,0,0.333
C100489,2019-01-31,2019-03-25,1,basic,18.01,214,0,monthly,paypal,0,214.0,0,2424,2019,0.0838,0-3,0,0.0
C100490,2024-10-28,2025-05-30,7,basic,18.52,144,3,monthly,paypal,0,20.57,1,166,2024,0.1277,7-12,0,0.375
C100491,2018-03-17,2018-09-09,5,basic,17.18,176,2,monthly,debit_card,0,35.2,0,2621,2018,0.0971,4-6,0,0.333
C100492,2018-09-22,2020-06-04,20,basic,21.81,170,2,monthly,credit_card,0,8.5,0,1987,2018,0.1275,13-24,0,0.095
C100493,2024-11-07,2026-03-27,16,basic,15.42,133,1,monthly,credit_card,0,8.31,0,-135,2024,0.1151,13-24,0,0.059
C100494,2022-12-25,2023-05-12,4,basic,20.66,308,2,annual,credit_card,1,77.0,0,915,2022,0.0669,4-6,0,0.4
C100495,2019-12-19,2020-02-03,1,premium,76.55,1064,0,monthly,credit_card,0,1064.0,0,2109,2019,0.0719,0-3,1,0.0
C100496,2020-04-30,2020-06-17,1,basic,21.6,181,3,annual,paypal,1,181.0,1,1974,2020,0.1187,0-3,0,1.5
C100497,2021-10-22,2022-03-18,4,basic,22.17,160,3,monthly,credit_card,0,40.0,1,1335,2021,0.1377,4-6,0,0.6
C100498,2018-05-24,2019-04-30,11,premium,76.61,1334,1,monthly,bank_transfer,0,121.27,0,2388,2018,0.0574,7-12,1,0.083
C100499,2020-06-03,2020-08-04,2,standard,40.8,451,0,monthly,debit_card,0,225.5,0,1926,2020,0.0903,0-3,0,0.0
C100500,2019-01-31,2019-03-10,1,premium,81.73,1263,1,annual,credit_card,1,1263.0,0,2439,2019,0.0647,0-3,1,0.5
C100501,2022-02-01,2022-12-16,10,standard,34.92,411,1,annual,credit_card,0,41.1,0,1062,2022,0.0848,7-12,0,0.091
C100502,2021-03-13,2021-04-29,1,standard,38.79,450,1,monthly,debit_card,0,450.0,0,1658,2021,0.086,0-3,0,0.5
C100503,2020-11-28,2025-03-31,52,basic,18.85,195,2,monthly,credit_card,0,3.75,0,226,2020,0.0962,24+,0,0.038
C100504,2023-11-27,2025-06-06,18,standard,42.43,555,2,monthly,credit_card,0,30.83,0,159,2023,0.0763,13-24,0,0.105
C100505,2020-12-01,2023-03-20,27,basic,20.58,240,1,monthly,debit_card,0,8.89,0,968,2020,0.0854,24+,0,0.036
C100506,2021-04-24,2025-05-06,49,basic,19.13,240,4,monthly,credit_card,0,4.9,1,190,2021,0.0794,24+,0,0.08
C100507,2024-09-11,2025-06-26,9,basic,25.14,237,3,monthly,credit_card,0,26.33,1,139,2024,0.1056,7-12,0,0.3
C100508,2019-09-26,2021-01-23,16,standard,35.98,566,0,monthly,debit_card,0,35.38,0,1754,2019,0.0635,13-24,0,0.0
C100509,2021-03-02,2021-07-01,4,basic,11.93,216,5,annual,credit_card,1,54.0,1,1595,2021,0.055,4-6,0,1.0
C100510,2021-05-23,2021-09-05,3,basic,18.65,236,2,annual,debit_card,0,78.67,0,1529,2021,0.0787,0-3,0,0.5
C100511,2020-01-03,2020-02-05,1,basic,12.53,197,4,monthly,credit_card,1,197.0,1,2107,2020,0.0633,0-3,0,2.0
C100512,2018-08-23,2021-01-08,28,basic,14.96,204,3,monthly,bank_transfer,0,7.29,1,1769,2018,0.073,24+,0,0.103
C100513,2020-01-21,2023-09-13,44,standard,39.62,582,1,annual,debit_card,0,13.23,0,791,2020,0.068,24+,0,0.022
C100514,2020-08-11,2020-10-03,1,standard,37.0,423,0,monthly,credit_card,0,423.0,0,1866,2020,0.0873,0-3,0,0.0
C100515,2024-12-14,2026-10-19,22,basic,19.2,255,7,monthly,debit_card,0,11.59,1,-341,2024,0.075,13-24,0,0.304
C100516,2022-03-23,2022-07-04,3,basic,16.04,186,4,monthly,bank_transfer,0,62.0,1,1227,2022,0.0858,0-3,0,1.0
C100517,2021-04-12,2022-08-19,16,basic,14.19,170,1,annual,paypal,0,10.62,0,1181,2021,0.083,13-24,0,0.059
C100518,2022-08-04,2023-06-07,10,standard,37.76,611,2,annual,credit_card,1,61.1,0,889,2022,0.0617,7-12,0,0.182
C100519,2021-04-06,2023-08-15,28,standard,39.36,527,0,monthly,credit_card,1,18.82,0,820,2021,0.0745,24+,0,0.0
C100520,2024-01-27,2024-08-19,6,standard,40.42,435,0,annual,credit_card,0,72.5,0,450,2024,0.0927,4-6,0,0.0
C100521,2021-11-17,2022-04-10,4,standard,40.21,601,1,monthly,paypal,0,150.25,0,1312,2021,0.0668,4-6,0,0.2
C100522,2021-05-02,2022-07-12,14,basic,20.94,146,1,monthly,paypal,0,10.43,0,1219,2021,0.1424,13-24,0,0.067
C100523,2022-03-21,2024-12-24,33,standard,43.22,274,1,annual,bank_transfer,0,8.3,0,323,2022,0.1572,24+,0,0.029
C100524,2023-09-08,2025-11-18,26,standard,38.35,509,2,annual,bank_transfer,0,19.58,0,-6,2023,0.0752,24+,0,0.074
C100525,2021-12-16,2023-08-21,20,basic,20.2,156,1,annual,credit_card,0,7.8,0,814,2021,0.1287,13-24,0,0.048
C100526,2024-07-14,2026-08-16,25,basic,20.1,157,0,monthly,credit_card,0,6.28,0,-277,2024,0.1272,24+,0,0.0
C100527,2022-02-28,2023-04-20,13,standard,44.02,456,0,monthly,bank_transfer,0,35.08,0,937,2022,0.0963,13-24,0,0.0
C100528,2021-10-20,2028-05-10,79,basic,13.63,191,3,monthly,credit_card,0,2.42,1,-910,2021,0.071,24+,0,0.038
C100529,2023-01-31,2023-07-16,5,basic,17.6,231,0,monthly,paypal,0,46.2,0,850,2023,0.0759,4-6,0,0.0
C100530,2021-09-27,2021-11-08,1,basic,17.39,273,0,monthly,credit_card,0,273.0,0,1465,2021,0.0635,0-3,0,0.0
C100531,2019-05-15,2020-12-28,19,standard,44.96,510,2,monthly,paypal,0,26.84,0,1780,2019,0.088,13-24,0,0.1
C100532,2022-08-08,2023-10-26,14,standard,36.04,491,1,monthly,credit_card,0,35.07,0,748,2022,0.0733,13-24,0,0.067
C100533,2019-05-26,2020-04-28,11,standard,46.36,543,2,monthly,credit_card,0,49.36,0,2024,2019,0.0852,7-12,0,0.167
C100534,2018-08-05,2019-08-01,12,basic,19.58,116,3,monthly,credit_card,0,9.67,1,2295,2018,0.1674,7-12,0,0.231
C100535,2021-08-17,2022-11-26,15,basic,19.75,340,1,monthly,debit_card,0,22.67,0,1082,2021,0.0579,13-24,0,0.062
C100536,2021-03-01,2021-04-07,1,basic,24.98,225,1,annual,debit_card,1,225.0,0,1680,2021,0.1105,0-3,0,0.5
C100537,2023-01-02,2026-03-02,38,basic,21.84,142,0,monthly,bank_transfer,0,3.74,0,-110,2023,0.1527,24+,0,0.0
C100538,2022-12-16,2023-02-15,2,premium,76.18,1299,0,monthly,credit_card,0,649.5,0,1001,2022,0.0586,0-3,1,0.0
C100539,2024-10-28,2028-03-01,40,standard,42.84,472,0,monthly,credit_card,0,11.8,0,-840,2024,0.0906,24+,0,0.0
C100540,2021-04-20,2022-04-20,12,premium,79.28,1128,0,monthly,credit_card,0,94.0,0,1302,2021,0.0702,7-12,1,0.0
C100541,2024-01-24,2024-10-08,8,basic,21.98,153,3,monthly,debit_card,0,19.12,1,400,2024,0.1427,7-12,0,0.333
C100542,2018-04-01,2022-12-11,57,basic,19.53,200,4,monthly,credit_card,0,3.51,1,1067,2018,0.0972,24+,0,0.069
C100543,2019-12-15,2022-08-16,32,basic,21.99,216,0,monthly,credit_card,1,6.75,0,1184,2019,0.1013,24+,0,0.0
C100544,2023-02-25,2024-10-08,19,basic,22.41,222,3,monthly,credit_card,0,11.68,1,400,2023,0.1005,13-24,0,0.15
C100545,2018-02-08,2020-09-27,32,basic,20.63,139,0,monthly,debit_card,0,4.34,0,1872,2018,0.1474,24+,0,0.0
C100546,2018-06-22,2019-02-03,7,premium,80.3,1204,0,monthly,debit_card,0,172.0,0,2474,2018,0.0666,7-12,1,0.0
C100547,2019-10-15,2021-02-22,16,basic,24.18,219,0,annual,credit_card,0,13.69,0,1724,2019,0.1099,13-24,0,0.0
C100548,2020-01-24,2020-08-18,6,standard,40.79,405,1,monthly,credit_card,0,67.5,0,1912,2020,0.1005,4-6,0,0.143
C100549,2021-05-28,2021-08-25,2,premium,83.8,1419,1,monthly,credit_card,0,709.5,0,1540,2021,0.059,0-3,1,0.333
C100550,2020-12-17,2021-05-05,4,basic,19.23,229,2,monthly,paypal,0,57.25,0,1652,2020,0.0836,4-6,0,0.4
C100551,2022-08-11,2027-10-21,63,basic,18.21,90,2,annual,debit_card,0,1.43,0,-708,2022,0.2001,24+,0,0.031
C100552,2024-11-28,2025-02-06,2,basic,20.16,158,3,annual,paypal,1,79.0,1,279,2024,0.1268,0-3,0,1.0
C100553,2019-04-01,2019-06-20,2,basic,15.36,220,4,monthly,credit_card,0,110.0,1,2337,2019,0.0695,0-3,0,1.333
C100554,2020-04-08,2020-10-10,6,basic,18.8,215,0,monthly,debit_card,0,35.83,0,1859,2020,0.087,4-6,0,0.0
C100555,2020-06-13,2020-09-25,3,standard,37.24,480,1,monthly,debit_card,1,160.0,0,1874,2020,0.0774,0-3,0,0.25
C100556,2021-10-16,2022-11-19,13,basic,21.63,208,1,annual,credit_card,1,16.0,0,1089,2021,0.1035,13-24,0,0.071
C100557,2023-05-13,2025-01-12,20,premium,83.73,1189,0,monthly,paypal,0,59.45,0,304,2023,0.0704,13-24,1,0.0
C100558,2024-08-31,2026-03-29,19,premium,82.74,1099,1,annual,debit_card,0,57.84,0,-137,2024,0.0752,13-24,1,0.05
C100559,2023-06-20,2026-06-28,36,basic,16.96,125,1,monthly,credit_card,1,3.47,0,-228,2023,0.1346,24+,0,0.027
C100560,2024-07-23,2024-08-29,1,basic,16.71,94,4,monthly,debit_card,0,94.0,1,440,2024,0.1759,0-3,0,2.0
C100561,2018-07-09,2019-02-01,6,basic,17.47,235,0,monthly,credit_card,0,39.17,0,2476,2018,0.074,4-6,0,0.0
C100562,2019-05-20,2022-02-15,33,basic,18.4,189,1,monthly,credit_card,1,5.73,0,1366,2019,0.0968,24+,0,0.029
C100563,2021-04-29,2021-06-16,1,basic,17.84,223,3,monthly,paypal,1,223.0,1,1610,2021,0.0796,0-3,0,1.5
C100564,2022-03-12,2024-02-14,23,standard,47.15,503,2,monthly,paypal,0,21.87,0,637,2022,0.0936,13-24,0,0.083
C100565,2020-04-03,2021-02-14,10,premium,85.25,1354,0,monthly,paypal,0,135.4,0,1732,2020,0.0629,7-12,1,0.0
C100566,2020-07-17,2021-02-17,7,basic,18.08,191,1,monthly,debit_card,0,27.29,0,1729,2020,0.0942,7-12,0,0.125
C100567,2020-07-22,2024-06-03,47,standard,39.69,560,1,monthly,credit_card,0,11.91,0,527,2020,0.0707,24+,0,0.021
C100568,2021-02-14,2021-04-07,1,basic,18.71,278,0,annual,credit_card,1,278.0,0,1680,2021,0.0671,0-3,0,0.0
C100569,2018-05-14,2018-06-21,1,standard,33.3,507,0,monthly,credit_card,1,507.0,0,2701,2018,0.0656,0-3,0,0.0
C100570,2023-10-07,2024-03-28,5,premium,80.45,1148,1,monthly,debit_card,0,229.6,0,594,2023,0.07,4-6,1,0.167
C100571,2019-11-16,2019-12-21,1,basic,19.85,257,3,monthly,credit_card,0,257.0,1,2153,2019,0.0769,0-3,0,1.5
C100572,2024-01-30,2024-03-07,1,basic,21.85,177,1,monthly,paypal,0,177.0,0,615,2024,0.1228,0-3,0,0.5
C100573,2023-01-27,2026-06-08,40,premium,80.54,1240,1,monthly,bank_transfer,0,31.0,0,-208,2023,0.0649,24+,1,0.024
C100574,2020-03-25,2021-05-02,13,basic,22.43,248,3,monthly,debit_card,0,19.08,1,1655,2020,0.0901,13-24,0,0.214
C100575,2021-03-18,2021-07-20,4,standard,41.4,628,2,monthly,credit_card,1,157.0,0,1576,2021,0.0658,4-6,0,0.4
C100576,2018-03-21,2019-07-05,15,basic,20.7,248,3,monthly,credit_card,1,16.53,1,2322,2018,0.0831,13-24,0,0.188
C100577,2018-07-22,2022-01-03,42,standard,45.55,404,0,monthly,credit_card,0,9.62,0,1409,2018,0.1125,24+,0,0.0
C100578,2021-06-06,2023-08-11,26,basic,20.86,222,1,annual,credit_card,0,8.54,0,824,2021,0.0935,24+,0,0.037
C100579,2022-08-27,2023-08-13,11,basic,21.66,162,1,monthly,credit_card,0,14.73,0,822,2022,0.1329,7-12,0,0.083
C100580,2021-06-04,2024-12-08,42,premium,85.29,1129,0,monthly,credit_card,0,26.88,0,339,2021,0.0755,24+,1,0.0
C100581,2022-08-10,2022-10-13,2,standard,43.56,373,1,annual,credit_card,0,186.5,0,1126,2022,0.1165,0-3,0,0.333
C100582,2022-04-05,2022-09-15,5,basic,22.34,122,3,monthly,credit_card,1,24.4,1,1154,2022,0.1816,4-6,0,0.5
C100583,2023-09-26,2025-05-26,20,basic,16.83,239,3,monthly,credit_card,0,11.95,1,170,2023,0.0701,13-24,0,0.143
C100584,2021-06-10,2021-07-17,1,basic,18.86,220,2,annual,credit_card,0,220.0,0,1579,2021,0.0853,0-3,0,1.0
C100585,2022-03-30,2022-05-27,1,standard,43.8,361,1,monthly,paypal,0,361.0,0,1265,2022,0.121,0-3,0,0.5
C100586,2021-03-12,2022-08-28,17,premium,84.69,959,1,monthly,paypal,0,56.41,0,1172,2021,0.0882,13-24,1,0.056
C100587,2021-10-28,2022-10-06,11,premium,82.56,1299,1,monthly,credit_card,0,118.09,0,1133,2021,0.0635,7-12,1,0.083
C100588,2019-04-16,2019-12-20,8,basic,19.3,183,1,monthly,paypal,1,22.88,0,2154,2019,0.1049,7-12,0,0.111
C100589,2020-11-01,2021-07-04,8,standard,40.37,560,0,monthly,credit_card,0,70.0,0,1592,2020,0.072,7-12,0,0.0
C100590,2021-09-15,2024-02-12,29,standard,41.92,662,1,monthly,credit_card,1,22.83,0,639,2021,0.0632,24+,0,0.033
C100591,2020-08-25,2025-09-23,61,standard,40.3,576,0,monthly,bank_transfer,1,9.44,0,50,2020,0.0698,24+,0,0.0
C100592,2018-12-24,2019-01-27,1,basic,21.58,206,4,annual,credit_card,1,206.0,1,2481,2018,0.1043,0-3,0,2.0
C100593,2019-10-30,2022-12-19,38,standard,39.82,664,0,monthly,credit_card,1,17.47,0,1059,2019,0.0599,24+,0,0.0
C100594,2019-01-08,2021-04-30,28,standard,41.64,474,0,monthly,credit_card,0,16.93,0,1657,2019,0.0877,24+,0,0.0
C100595,2020-10-28,2020-12-09,1,standard,39.71,605,4,annual,credit_card,0,605.0,1,1799,2020,0.0655,0-3,0,2.0
C100596,2021-02-19,2021-04-07,1,basic,24.36,119,1,monthly,paypal,1,119.0,0,1680,2021,0.203,0-3,0,0.5
C100597,2021-10-03,2024-12-15,38,standard,39.8,567,1,monthly,bank_transfer,0,14.92,0,332,2021,0.0701,24+,0,0.026
C100598,2018-03-31,2020-01-29,22,standard,43.37,563,1,annual,credit_card,1,25.59,0,2114,2018,0.0769,13-24,0,0.043
C100599,2019-06-24,2021-03-22,21,basic,22.04,133,0,monthly,debit_card,0,6.33,0,1696,2019,0.1645,13-24,0,0.0
C100600,2020-05-18,2026-03-17,70,basic,21.64,170,3,monthly,paypal,0,2.43,1,-125,2020,0.1265,24+,0,0.042
C100601,2018-02-10,2018-06-30,4,standard,39.81,458,0,monthly,bank_transfer,0,114.5,0,2692,2018,0.0867,4-6,0,0.0
C100602,2020-01-10,2024-11-24,59,basic,17.84,201,4,annual,credit_card,0,3.41,1,353,2020,0.0883,24+,0,0.067
C100603,2023-05-01,2024-06-04,13,premium,79.22,1224,0,monthly,credit_card,0,94.15,0,526,2023,0.0647,13-24,1,0.0
C100604,2024-12-24,2025-06-15,5,premium,78.96,1334,0,annual,debit_card,0,266.8,0,150,2024,0.0591,4-6,1,0.0
C100605,2021-05-09,2022-03-12,10,premium,80.61,1029,1,monthly,credit_card,0,102.9,0,1341,2021,0.0783,7-12,1,0.091
C100606,2020-07-17,2023-07-09,36,premium,76.83,1273,0,monthly,debit_card,0,35.36,0,857,2020,0.0603,24+,1,0.0
C100607,2023-07-30,2023-09-12,1,basic,21.15,279,0,monthly,paypal,0,279.0,0,792,2023,0.0755,0-3,0,0.0
C100608,2024-11-13,2025-11-28,12,premium,81.53,1161,1,monthly,bank_transfer,0,96.75,0,-16,2024,0.0702,7-12,1,0.077
C100609,2020-07-13,2021-07-09,12,standard,37.3,537,1,monthly,credit_card,1,44.75,0,1587,2020,0.0693,7-12,0,0.077
C100610,2022-05-01,2022-06-13,1,standard,40.74,547,3,monthly,debit_card,1,547.0,1,1248,2022,0.0743,0-3,0,1.5
C100611,2019-01-25,2019-11-05,9,basic,22.29,244,1,monthly,credit_card,0,27.11,0,2199,2019,0.091,7-12,0,0.1
C100612,2022-06-06,2022-11-04,5,standard,39.07,581,1,monthly,credit_card,1,116.2,0,1104,2022,0.0671,4-6,0,0.167
C100613,2018-09-13,2019-12-03,14,standard,40.92,588,2,monthly,debit_card,0,42.0,0,2171,2018,0.0695,13-24,0,0.133
C100614,2019-12-10,2020-01-11,1,basic,24.43,143,3,monthly,bank_transfer,0,143.0,1,2132,2019,0.1697,0-3,0,1.5
C100615,2023-01-13,2023-02-25,1,basic,21.74,209,0,monthly,bank_transfer,1,209.0,0,991,2023,0.1035,0-3,0,0.0
C100616,2023-04-29,2023-06-20,1,basic,18.51,237,1,monthly,debit_card,1,237.0,0,876,2023,0.0778,0-3,0,0.5
C100617,2024-11-02,2024-12-06,1,basic,21.28,170,2,annual,credit_card,0,170.0,0,341,2024,0.1244,0-3,0,1.0
C100618,2018-01-10,2018-02-19,1,standard,38.97,546,2,monthly,debit_card,0,546.0,0,2823,2018,0.0712,0-3,0,1.0
C100619,2020-03-08,2020-06-07,3,basic,16.4,294,0,monthly,credit_card,1,98.0,0,1984,2020,0.0556,0-3,0,0.0
C100620,2020-05-26,2022-01-02,19,basic,22.71,209,0,monthly,credit_card,0,11.0,0,1410,2020,0.1081,13-24,0,0.0
C100621,2020-10-25,2023-09-24,35,basic,22.62,169,2,monthly,credit_card,0,4.83,0,780,2020,0.1331,24+,0,0.056
C100622,2020-10-12,2021-08-08,10,standard,40.43,604,3,monthly,debit_card,0,60.4,1,1557,2020,0.0668,7-12,0,0.273
C100623,2022-12-30,2025-08-07,31,basic,16.6,165,4,monthly,debit_card,1,5.32,1,97,2022,0.1,24+,0,0.125
C100624,2019-01-09,2020-05-23,16,basic,22.12,177,3,annual,paypal,0,11.06,1,1999,2019,0.1243,13-24,0,0.176
C100625,2024-01-03,2024-02-17,1,premium,82.31,1075,0,monthly,credit_card,0,1075.0,0,634,2024,0.0765,0-3,1,0.0
C100626,2018-08-12,2019-03-08,6,basic,20.62,199,3,monthly,paypal,0,33.17,1,2441,2018,0.1031,4-6,0,0.429
C100627,2021-06-16,2021-09-10,2,standard,39.88,467,2,monthly,debit_card,1,233.5,0,1524,2021,0.0852,0-3,0,0.667
C100628,2024-02-03,2025-12-06,22,standard,33.53,453,4,monthly,bank_transfer,1,20.59,1,-24,2024,0.0739,13-24,0,0.174
C100629,2022-12-08,2023-09-28,9,basic,13.98,208,1,monthly,debit_card,0,23.11,0,776,2022,0.0669,7-12,0,0.1
C100630,2020-05-02,2021-08-07,15,basic,17.07,179,1,monthly,paypal,0,11.93,0,1558,2020,0.0948,13-24,0,0.062
C100631,2018-03-04,2018-09-18,6,standard,40.84,485,0,monthly,credit_card,0,80.83,0,2612,2018,0.084,4-6,0,0.0
C100632,2021-05-25,2021-11-11,5,basic,25.05,183,0,monthly,credit_card,0,36.6,0,1462,2021,0.1361,4-6,0,0.0
C100633,2019-11-20,2020-03-22,4,basic,15.98,228,5,monthly,credit_card,0,57.0,1,2061,2019,0.0698,4-6,0,1.0
C100634,2022-01-24,2024-04-02,26,basic,21.43,200,1,monthly,bank_transfer,0,7.69,0,589,2022,0.1066,24+,0,0.037
C100635,2022-06-22,2023-05-20,11,standard,42.63,529,1,monthly,credit_card,0,48.09,0,907,2022,0.0804,7-12,0,0.083
C100636,2023-11-23,2026-02-25,27,basic,18.8,173,3,monthly,paypal,0,6.41,1,-105,2023,0.108,24+,0,0.107
C100637,2019-05-26,2019-07-09,1,standard,38.91,436,4,annual,credit_card,1,436.0,1,2318,2019,0.089,0-3,0,2.0
C100638,2019-01-20,2021-03-10,26,standard,38.18,423,1,monthly,credit_card,0,16.27,0,1708,2019,0.09,24+,0,0.037
C100639,2019-02-09,2019-06-11,4,basic,17.96,163,3,monthly,credit_card,0,40.75,1,2346,2019,0.1095,4-6,0,0.6
C100640,2019-06-02,2026-11-23,91,basic,21.42,157,2,monthly,credit_card,0,1.73,0,-376,2019,0.1356,24+,0,0.022
C100641,2019-04-21,2019-08-12,3,basic,21.14,250,4,annual,debit_card,1,83.33,1,2284,2019,0.0842,0-3,0,1.0
C100642,2023-06-24,2025-04-22,22,basic,20.57,296,2,annual,credit_card,1,13.45,0,204,2023,0.0693,13-24,0,0.087
C100643,2022-07-27,2024-05-20,22,basic,14.15,195,0,annual,debit_card,0,8.86,0,541,2022,0.0722,13-24,0,0.0
C100644,2023-03-09,2024-02-17,11,premium,77.93,1270,0,monthly,credit_card,0,115.45,0,634,2023,0.0613,7-12,1,0.0
C100645,2021-12-31,2025-10-05,45,standard,43.5,434,0,monthly,credit_card,0,9.64,0,38,2021,0.1,24+,0,0.0
C100646,2019-12-15,2020-10-07,9,basic,19.45,204,2,monthly,debit_card,0,22.67,0,1862,2019,0.0949,7-12,0,0.2
C100647,2018-03-24,2021-06-01,38,standard,40.97,490,0,monthly,bank_transfer,0,12.89,0,1625,2018,0.0834,24+,0,0.0
C100648,2021-03-14,2022-08-22,17,standard,43.26,410,0,monthly,credit_card,0,24.12,0,1178,2021,0.1053,13-24,0,0.0
C100649,2024-11-09,2027-03-27,28,standard,38.86,485,2,monthly,debit_card,0,17.32,0,-500,2024,0.08,24+,0,0.069
C100650,2023-03-17,2023-10-27,7,basic,23.65,238,0,monthly,credit_card,1,34.0,0,747,2023,0.099,7-12,0,0.0
C100651,2023-08-11,2025-02-06,18,basic,16.47,171,5,annual,debit_card,0,9.5,1,279,2023,0.0958,13-24,0,0.263
C100652,2018-02-20,2018-10-28,8,standard,45.54,621,0,annual,credit_card,0,77.62,0,2572,2018,0.0732,7-12,0,0.0
C100653,2019-11-16,2023-01-02,38,standard,44.93,483,1,monthly,credit_card,0,12.71,0,1045,2019,0.0928,24+,0,0.026
C100654,2019-12-18,2021-06-14,18,premium,81.82,1049,1,monthly,debit_card,0,58.28,0,1612,2019,0.0779,13-24,1,0.053
C100655,2022-01-09,2025-04-13,39,basic,16.62,124,0,monthly,credit_card,1,3.18,0,213,2022,0.133,24+,0,0.0
C100656,2019-03-25,2019-11-20,8,basic,20.75,162,1,monthly,paypal,1,20.25,0,2184,2019,0.1273,7-12,0,0.111
C100657,2020-05-30,2022-02-06,20,standard,39.87,403,0,monthly,debit_card,0,20.15,0,1375,2020,0.0987,13-24,0,0.0
C100658,2019-05-03,2019-10-13,5,basic,22.01,251,2,annual,paypal,0,50.2,0,2222,2019,0.0873,4-6,0,0.333
C100659,2022-12-29,2023-03-13,2,basic,18.9,208,3,monthly,paypal,0,104.0,1,975,2022,0.0904,0-3,0,1.0
C100660,2023-09-13,2026-08-27,35,premium,79.49,1397,0,monthly,credit_card,1,39.91,0,-288,2023,0.0569,24+,1,0.0
C100661,2023-11-13,2023-12-19,1,standard,34.76,476,1,monthly,credit_card,1,476.0,0,694,2023,0.0729,0-3,0,0.5
C100662,2022-04-24,2024-05-12,24,basic,24.61,269,3,annual,credit_card,1,11.21,1,549,2022,0.0911,13-24,0,0.12
C100663,2024-01-11,2024-09-10,8,standard,37.04,433,3,monthly,credit_card,0,54.12,1,428,2024,0.0853,7-12,0,0.333
C100664,2018-09-07,2021-06-20,33,premium,81.87,1163,0,annual,debit_card,1,35.24,0,1606,2018,0.0703,24+,1,0.0
C100665,2019-11-05,2020-07-10,8,standard,36.37,407,1,monthly,paypal,1,50.88,0,1951,2019,0.0891,7-12,0,0.111
C100666,2019-03-14,2021-06-21,27,premium,77.91,1307,0,monthly,credit_card,0,48.41,0,1605,2019,0.0596,24+,1,0.0
C100667,2023-12-06,2026-05-19,29,premium,79.82,1422,0,monthly,bank_transfer,0,49.03,0,-188,2023,0.0561,24+,1,0.0
C100668,2020-02-10,2021-11-30,21,standard,43.99,487,0,monthly,credit_card,0,23.19,0,1443,2020,0.0901,13-24,0,0.0
C100669,2018-09-25,2019-08-13,10,basic,24.72,178,2,monthly,bank_transfer,1,17.8,0,2283,2018,0.1381,7-12,0,0.182
C100670,2023-06-08,2026-04-19,34,basic,20.93,147,1,monthly,debit_card,0,4.32,0,-158,2023,0.1414,24+,0,0.029
C100671,2020-12-13,2022-08-28,20,premium,84.63,1232,0,annual,credit_card,0,61.6,0,1172,2020,0.0686,13-24,1,0.0
C100672,2018-08-24,2022-04-11,44,basic,20.26,178,1,monthly,debit_card,0,4.05,0,1311,2018,0.1132,24+,0,0.022
C100673,2019-01-24,2022-01-13,36,premium,77.6,1353,1,monthly,debit_card,0,37.58,0,1399,2019,0.0573,24+,1,0.027
C100674,2020-02-02,2023-10-11,44,basic,17.72,203,1,monthly,paypal,0,4.61,0,763,2020,0.0869,24+,0,0.022
C100675,2023-01-23,2023-08-29,7,premium,83.14,1055,1,monthly,credit_card,0,150.71,0,806,2023,0.0787,7-12,1,0.125
C100676,2024-09-14,2027-10-02,37,premium,79.62,1311,0,monthly,credit_card,0,35.43,0,-689,2024,0.0607,24+,1,0.0
C100677,2019-09-16,2020-01-13,3,basic,22.15,221,1,annual,debit_card,0,73.67,0,2130,2019,0.0998,0-3,0,0.25
C100678,2021-06-06,2022-01-15,7,basic,18.54,169,1,annual,credit_card,0,24.14,0,1397,2021,0.1091,7-12,0,0.125
C100679,2019-08-01,2021-04-25,21,premium,81.55,996,0,monthly,paypal,0,47.43,0,1662,2019,0.0818,13-24,1,0.0
C100680,2023-10-24,2026-05-10,30,standard,40.2,461,2,monthly,credit_card,0,15.37,0,-179,2023,0.087,24+,0,0.065
C100681,2019-03-11,2022-10-05,43,standard,44.0,332,4,annual,bank_transfer,0,7.72,1,1134,2019,0.1321,24+,0,0.091
C100682,2023-11-21,2024-09-29,10,basic,21.98,270,0,annual,bank_transfer,0,27.0,0,409,2023,0.0811,7-12,0,0.0
C100683,2020-02-03,2020-04-06,2,standard,42.82,596,1,monthly,credit_card,1,298.0,0,2046,2020,0.0717,0-3,0,0.333
C100684,2021-08-22,2021-11-20,3,basic,22.93,217,1,monthly,debit_card,1,72.33,0,1453,2021,0.1052,0-3,0,0.25
C100685,2023-11-16,2024-04-17,5,basic,23.49,272,1,annual,credit_card,0,54.4,0,574,2023,0.086,4-6,0,0.167
C100686,2021-09-20,2022-10-25,13,standard,45.06,516,2,monthly,bank_transfer,0,39.69,0,1114,2021,0.0872,13-24,0,0.143
C100687,2024-10-18,2025-03-02,4,standard,40.26,418,2,monthly,credit_card,0,104.5,0,255,2024,0.0961,4-6,0,0.4
C100688,2019-03-23,2020-02-29,11,basic,15.24,204,1,monthly,credit_card,1,18.55,0,2083,2019,0.0743,7-12,0,0.083
C100689,2023-07-11,2026-02-04,31,standard,37.48,422,1,monthly,credit_card,0,13.61,0,-84,2023,0.0886,24+,0,0.031
C100690,2021-08-24,2021-11-13,2,premium,82.65,1392,1,monthly,bank_transfer,0,696.0,0,1460,2021,0.0593,0-3,1,0.333
C100691,2018-09-06,2021-10-12,37,standard,40.38,517,1,monthly,credit_card,0,13.97,0,1492,2018,0.078,24+,0,0.026
C100692,2018-06-15,2021-11-20,41,standard,40.34,484,2,monthly,credit_card,0,11.8,0,1453,2018,0.0832,24+,0,0.048
C100693,2021-09-20,2021-12-09,2,basic,19.12,160,3,monthly,bank_transfer,0,80.0,1,1434,2021,0.1188,0-3,0,1.0
C100694,2020-10-16,2022-01-30,15,basic,18.12,190,3,annual,credit_card,0,12.67,1,1382,2020,0.0949,13-24,0,0.188
C100695,2019-06-26,2024-10-18,64,standard,41.31,436,0,monthly,bank_transfer,0,6.81,0,390,2019,0.0945,24+,0,0.0
C100696,2020-01-29,2020-09-12,7,standard,38.16,548,1,monthly,debit_card,0,78.29,0,1887,2020,0.0695,7-12,0,0.125
C100697,2023-10-30,2029-01-24,63,standard,43.13,514,0,annual,debit_card,0,8.16,0,-1169,2023,0.0837,24+,0,0.0
C100698,2023-12-21,2025-08-02,19,basic,24.43,274,1,monthly,debit_card,0,14.42,0,102,2023,0.0888,13-24,0,0.05
C100699,2020-03-07,2023-12-06,45,standard,44.13,489,0,monthly,bank_transfer,0,10.87,0,707,2020,0.0901,24+,0,0.0
C100700,2018-05-18,2019-10-18,17,basic,20.06,189,3,monthly,credit_card,0,11.12,1,2217,2018,0.1056,13-24,0,0.167
C100701,2024-02-10,2028-04-08,50,basic,18.75,223,2,monthly,credit_card,0,4.46,0,-878,2024,0.0837,24+,0,0.039
C100702,2021-09-15,2023-04-28,19,basic,22.54,168,3,monthly,credit_card,0,8.84,1,929,2021,0.1334,13-24,0,0.15
C100703,2023-02-19,2023-04-10,1,basic,25.4,150,7,monthly,credit_card,0,150.0,1,947,2023,0.1682,0-3,0,3.5
C100704,2018-03-10,2019-02-16,11,standard,38.12,416,2,monthly,bank_transfer,0,37.82,0,2461,2018,0.0914,7-12,0,0.167
C100705,2023-10-02,2024-09-27,12,standard,36.73,538,1,monthly,paypal,0,44.83,0,411,2023,0.0681,7-12,0,0.077
C100706,2022-01-13,2022-03-23,2,premium,77.04,1213,0,monthly,credit_card,1,606.5,0,1330,2022,0.0635,0-3,1,0.0
C100707,2018-07-24,2019-01-06,5,basic,18.24,217,4,annual,credit_card,0,43.4,1,2502,2018,0.0837,4-6,0,0.667
C100708,2023-12-14,2025-06-21,18,premium,81.0,1213,0,annual,credit_card,0,67.39,0,144,2023,0.0667,13-24,1,0.0
C100709,2018-02-12,2019-11-16,21,basic,20.91,102,3,monthly,paypal,0,4.86,1,2188,2018,0.203,13-24,0,0.136
C100710,2023-03-22,2024-12-03,20,standard,45.94,376,2,monthly,paypal,1,18.8,0,344,2023,0.1219,13-24,0,0.095
C100711,2023-11-29,2024-06-21,6,premium,76.05,1276,4,annual,debit_card,0,212.67,1,509,2023,0.0596,4-6,1,0.571
C100712,2020-01-31,2021-09-10,19,premium,77.41,1297,1,monthly,credit_card,1,68.26,0,1524,2020,0.0596,13-24,1,0.05
C100713,2023-11-13,2024-04-10,4,basic,18.07,84,2,monthly,credit_card,1,21.0,0,581,2023,0.2126,4-6,0,0.4
C100714,2023-06-18,2023-07-28,1,premium,80.94,1130,1,monthly,paypal,0,1130.0,0,838,2023,0.0716,0-3,1,0.5
C100715,2023-04-20,2023-06-12,1,basic,19.51,226,5,monthly,debit_card,0,226.0,1,884,2023,0.0859,0-3,0,2.5
C100716,2020-06-18,2023-04-15,34,standard,38.86,470,1,monthly,paypal,0,13.82,0,942,2020,0.0825,24+,0,0.029
C100717,2018-12-26,2020-05-14,16,basic,20.56,205,3,monthly,credit_card,0,12.81,1,2008,2018,0.0998,13-24,0,0.176
C100718,2022-09-16,2023-02-04,4,premium,81.38,1267,0,monthly,paypal,0,316.75,0,1012,2022,0.0642,4-6,1,0.0
C100719,2018-10-08,2020-05-09,19,basic,11.58,228,1,monthly,credit_card,0,12.0,0,2013,2018,0.0506,13-24,0,0.05
C100720,2023-03-03,2030-08-19,90,standard,42.32,610,1,monthly,credit_card,0,6.78,0,-1741,2023,0.0693,24+,0,0.011
C100721,2019-10-29,2020-03-01,4,premium,78.24,1100,0,annual,debit_card,1,275.0,0,2082,2019,0.0711,4-6,1,0.0
C100722,2018-04-03,2018-06-16,2,premium,79.64,1028,0,monthly,paypal,1,514.0,0,2706,2018,0.0774,0-3,1,0.0
C100723,2019-11-03,2021-07-29,21,standard,40.58,396,0,monthly,bank_transfer,0,18.86,0,1567,2019,0.1022,13-24,0,0.0
C100724,2023-05-24,2023-11-14,5,basic,15.62,234,1,monthly,paypal,1,46.8,0,729,2023,0.0665,4-6,0,0.167
C100725,2018-03-02,2019-10-31,20,standard,40.85,456,0,annual,credit_card,0,22.8,0,2204,2018,0.0894,13-24,0,0.0
C100726,2020-10-25,2021-08-07,9,basic,21.23,248,0,annual,credit_card,0,27.56,0,1558,2020,0.0853,7-12,0,0.0
C100727,2022-01-29,2023-06-16,16,basic,19.09,316,3,annual,paypal,0,19.75,1,880,2022,0.0602,13-24,0,0.176
C100728,2019-08-27,2021-03-05,18,basic,20.8,118,2,monthly,credit_card,0,6.56,0,1713,2019,0.1748,13-24,0,0.105
C100729,2019-11-13,2021-10-09,23,premium,82.47,1079,1,monthly,credit_card,0,46.91,0,1495,2019,0.0764,13-24,1,0.042
C100730,2021-11-29,2024-06-14,30,standard,41.11,541,0,monthly,credit_card,0,18.03,0,516,2021,0.0758,24+,0,0.0
C100731,2024-03-30,2025-06-22,14,standard,40.47,499,2,monthly,credit_card,0,35.64,0,143,2024,0.0809,13-24,0,0.133
C100732,2019-06-08,2021-01-20,19,basic,16.8,224,1,monthly,credit_card,0,11.79,0,1757,2019,0.0747,13-24,0,0.05
C100733,2024-07-21,2025-07-27,12,standard,37.58,422,1,monthly,credit_card,0,35.17,0,108,2024,0.0888,7-12,0,0.077
C100734,2023-05-23,2031-01-02,92,standard,45.88,399,1,monthly,credit_card,0,4.34,0,-1877,2023,0.1147,24+,0,0.011
C100735,2021-01-06,2024-03-29,39,standard,36.5,444,0,monthly,paypal,0,11.38,0,593,2021,0.082,24+,0,0.0
C100736,2022-10-20,2023-02-20,4,basic,20.18,180,2,monthly,debit_card,1,45.0,0,996,2022,0.1115,4-6,0,0.4
C100737,2023-01-11,2024-08-22,19,premium,81.67,1430,2,monthly,debit_card,0,75.26,0,447,2023,0.0571,13-24,1,0.1
C100738,2024-04-15,2030-11-24,80,basic,19.21,184,1,monthly,credit_card,0,2.3,0,-1838,2024,0.1038,24+,0,0.012
C100739,2023-09-26,2026-03-29,30,premium,85.69,918,1,monthly,credit_card,0,30.6,0,-137,2023,0.0932,24+,1,0.032
C100740,2021-02-18,2021-04-18,1,basic,17.79,178,2,monthly,credit_card,0,178.0,0,1669,2021,0.0994,0-3,0,1.0
C100741,2024-03-11,2027-04-14,37,basic,19.59,196,1,monthly,debit_card,0,5.3,0,-518,2024,0.0994,24+,0,0.026
C100742,2024-04-05,2025-12-15,20,standard,42.34,296,1,monthly,debit_card,0,14.8,0,-33,2024,0.1426,13-24,0,0.048
C100743,2020-12-15,2021-07-01,6,standard,42.42,523,1,annual,credit_card,0,87.17,0,1595,2020,0.081,4-6,0,0.143
C100744,2024-07-25,2024-10-17,2,standard,34.09,497,0,monthly,credit_card,0,248.5,0,391,2024,0.0685,0-3,0,0.0
C100745,2018-04-17,2018-07-04,2,standard,40.49,577,0,monthly,credit_card,0,288.5,0,2688,2018,0.0701,0-3,0,0.0
C100746,2018-02-17,2023-01-02,59,basic,12.64,155,2,monthly,paypal,0,2.63,0,1045,2018,0.081,24+,0,0.033
C100747,2018-12-03,2020-08-12,20,basic,12.97,194,5,monthly,credit_card,0,9.7,1,1918,2018,0.0665,13-24,0,0.238
C100748,2020-11-15,2024-11-22,48,standard,40.86,636,2,annual,credit_card,1,13.25,0,355,2020,0.0641,24+,0,0.041
C100749,2021-07-04,2021-08-24,1,premium,84.77,1220,0,monthly,debit_card,0,1220.0,0,1541,2021,0.0694,0-3,1,0.0
C100750,2023-08-18,2024-01-09,4,standard,44.55,453,3,monthly,credit_card,1,113.25,1,673,2023,0.0981,4-6,0,0.6
C100751,2019-09-17,2021-08-14,23,standard,40.56,594,1,monthly,debit_card,0,25.83,0,1551,2019,0.0682,13-24,0,0.042
C100752,2023-03-06,2024-02-09,11,basic,23.0,197,1,monthly,credit_card,0,17.91,0,642,2023,0.1162,7-12,0,0.083
C100753,2021-06-30,2021-08-28,1,standard,37.79,599,0,monthly,credit_card,0,599.0,0,1537,2021,0.063,0-3,0,0.0
C100754,2022-09-12,2026-03-30,43,standard,40.65,467,1,monthly,debit_card,0,10.86,0,-138,2022,0.0869,24+,0,0.023
C100755,2018-10-30,2021-07-17,33,basic,18.21,170,2,annual,credit_card,0,5.15,0,1579,2018,0.1065,24+,0,0.059
C100756,2019-10-01,2022-04-28,31,basic,19.39,256,0,monthly,debit_card,0,8.26,0,1294,2019,0.0754,24+,0,0.0
C100757,2018-02-25,2018-05-12,2,standard,40.12,382,2,monthly,credit_card,0,191.0,0,2741,2018,0.1048,0-3,0,0.667
C100758,2019-12-27,2022-03-11,26,standard,34.68,475,1,monthly,credit_card,0,18.27,0,1342,2019,0.0729,24+,0,0.037
C100759,2019-06-10,2019-11-30,5,premium,80.18,1303,0,monthly,debit_card,1,260.6,0,2174,2019,0.0615,4-6,1,0.0
C100760,2019-04-19,2019-11-18,7,basic,22.96,212,2,monthly,debit_card,0,30.29,0,2186,2019,0.1078,7-12,0,0.25
C100761,2018-01-28,2019-09-17,19,basic,17.37,201,3,monthly,credit_card,0,10.58,1,2248,2018,0.086,13-24,0,0.15
C100762,2023-10-27,2025-06-10,19,basic,22.02,186,1,annual,credit_card,0,9.79,0,155,2023,0.1178,13-24,0,0.05
C100763,2018-12-31,2020-01-22,12,standard,39.34,564,1,monthly,credit_card,0,47.0,0,2121,2018,0.0696,7-12,0,0.077
C100764,2019-06-10,2020-05-21,11,standard,38.4,497,1,monthly,debit_card,0,45.18,0,2001,2019,0.0771,7-12,0,0.083
C100765,2021-08-28,2021-10-01,1,premium,76.35,1133,0,monthly,credit_card,0,1133.0,0,1503,2021,0.0673,0-3,1,0.0
C100766,2020-06-01,2031-10-15,138,standard,39.81,410,1,monthly,credit_card,0,2.97,0,-2163,2020,0.0969,,0,0.007
C100767,2020-10-27,2022-07-21,21,standard,39.85,532,0,annual,bank_transfer,0,25.33,0,1210,2020,0.0748,13-24,0,0.0
C100768,2020-10-23,2022-02-05,15,premium,75.38,1161,1,monthly,credit_card,0,77.4,0,1376,2020,0.0649,13-24,1,0.062
C100769,2022-07-05,2024-02-21,19,standard,44.57,473,2,monthly,credit_card,0,24.89,0,630,2022,0.094,13-24,0,0.1
C100770,2020-07-07,2021-09-20,14,standard,41.67,540,3,monthly,credit_card,0,38.57,1,1514,2020,0.077,13-24,0,0.2
C100771,2024-08-07,2025-03-28,7,basic,20.42,147,2,monthly,paypal,0,21.0,0,229,2024,0.138,7-12,0,0.25
C100772,2022-11-10,2023-07-28,8,premium,84.36,1444,2,annual,bank_transfer,1,180.5,0,838,2022,0.0584,7-12,1,0.222
C100773,2022-03-12,2025-03-28,37,standard,41.76,475,3,monthly,debit_card,0,12.84,1,229,2022,0.0877,24+,0,0.079
C100774,2023-03-22,2023-05-05,1,standard,39.34,633,1,monthly,debit_card,0,633.0,0,922,2023,0.0621,0-3,0,0.5
C100775,2021-04-30,2021-06-08,1,standard,40.88,588,1,monthly,paypal,0,588.0,0,1618,2021,0.0694,0-3,0,0.5
C100776,2022-07-13,2023-12-12,17,basic,23.48,200,1,annual,bank_transfer,0,11.76,0,701,2022,0.1168,13-24,0,0.056
C100777,2019-04-30,2020-01-03,8,basic,21.49,117,5,annual,credit_card,0,14.62,1,2140,2019,0.1821,7-12,0,0.556
C100778,2023-09-07,2025-10-17,25,basic,17.57,230,0,annual,credit_card,0,9.2,0,26,2023,0.0761,24+,0,0.0
C100779,2019-12-15,2024-09-13,57,basic,23.12,168,1,annual,bank_transfer,1,2.95,0,425,2019,0.1368,24+,0,0.017
C100780,2020-11-28,2020-12-31,1,basic,20.79,146,1,annual,debit_card,0,146.0,0,1777,2020,0.1414,0-3,0,0.5
C100781,2023-05-31,2024-09-11,15,premium,83.13,1429,1,monthly,credit_card,0,95.27,0,427,2023,0.0581,13-24,1,0.062
C100782,2021-07-20,2021-11-17,4,standard,39.48,374,1,annual,credit_card,0,93.5,0,1456,2021,0.1053,4-6,0,0.2
C100783,2021-06-08,2022-06-06,12,basic,21.3,233,2,monthly,bank_transfer,0,19.42,0,1255,2021,0.091,7-12,0,0.154
C100784,2023-11-04,2028-02-18,52,premium,78.4,1246,0,monthly,paypal,0,23.96,0,-828,2023,0.0629,24+,1,0.0
C100785,2018-05-06,2020-12-03,31,basic,19.81,218,4,annual,credit_card,0,7.03,1,1805,2018,0.0905,24+,0,0.125
C100786,2019-06-21,2024-06-08,60,standard,42.97,611,0,monthly,credit_card,0,10.18,0,522,2019,0.0702,24+,0,0.0
C100787,2024-01-02,2024-06-26,5,basic,20.71,189,1,annual,paypal,0,37.8,0,504,2024,0.109,4-6,0,0.167
C100788,2023-09-04,2023-11-04,2,basic,19.53,176,1,monthly,paypal,0,88.0,0,739,2023,0.1103,0-3,0,0.333
C100789,2022-05-23,2024-01-18,20,premium,80.42,927,0,monthly,debit_card,0,46.35,0,664,2022,0.0867,13-24,1,0.0
C100790,2018-03-08,2019-06-08,15,standard,41.69,513,1,annual,credit_card,0,34.2,0,2349,2018,0.0811,13-24,0,0.062
C100791,2018-08-21,2021-09-29,37,standard,42.99,529,1,monthly,credit_card,0,14.3,0,1505,2018,0.0811,24+,0,0.026
C100792,2023-11-27,2028-12-26,61,basic,20.26,211,2,monthly,credit_card,0,3.46,0,-1140,2023,0.0956,24+,0,0.032
C100793,2021-03-15,2021-08-29,5,basic,14.87,222,2,monthly,debit_card,0,44.4,0,1536,2021,0.0667,4-6,0,0.333
C100794,2023-11-29,2025-03-18,15,basic,25.43,231,2,monthly,debit_card,0,15.4,0,239,2023,0.1096,13-24,0,0.125
C100795,2024-03-25,2025-01-31,10,premium,78.44,1180,2,monthly,credit_card,0,118.0,0,285,2024,0.0664,7-12,1,0.182
C100796,2018-04-21,2025-05-27,86,standard,38.12,503,3,monthly,credit_card,1,5.85,1,169,2018,0.0756,24+,0,0.034
C100797,2022-02-02,2023-04-03,14,basic,15.27,203,1,annual,credit_card,0,14.5,0,954,2022,0.0749,13-24,0,0.067
C100798,2023-09-13,2026-10-12,37,premium,79.88,1085,0,annual,credit_card,0,29.32,0,-334,2023,0.0736,24+,1,0.0
C100799,2019-09-15,2026-04-20,80,premium,81.58,996,0,annual,debit_card,0,12.45,0,-159,2019,0.0818,24+,1,0.0
C100800,2024-10-08,2026-11-23,25,standard,43.16,582,1,monthly,credit_card,0,23.28,0,-376,2024,0.074,24+,0,0.038
C100801,2022-03-22,2023-02-25,11,basic,17.94,125,1,monthly,debit_card,0,11.36,0,991,2022,0.1424,7-12,0,0.083
C100802,2021-07-29,2023-06-13,22,basic,22.44,119,3,annual,credit_card,0,5.41,1,883,2021,0.187,13-24,0,0.13
C100803,2022-10-28,2025-11-21,37,standard,37.85,657,1,monthly,credit_card,0,17.76,0,-9,2022,0.0575,24+,0,0.026
C100804,2023-05-30,2028-07-17,62,basic,24.75,216,3,monthly,bank_transfer,0,3.48,1,-978,2023,0.1141,24+,0,0.048
C100805,2024-06-20,2027-06-14,36,basic,15.54,207,4,annual,debit_card,0,5.75,1,-579,2024,0.0747,24+,0,0.108
C100806,2020-05-26,2021-06-05,12,basic,19.13,184,0,monthly,debit_card,0,15.33,0,1621,2020,0.1034,7-12,0,0.0
C100807,2023-06-13,2023-12-20,6,standard,45.96,377,1,monthly,bank_transfer,1,62.83,0,693,2023,0.1216,4-6,0,0.143
C100808,2021-08-05,2022-03-10,7,basic,19.31,204,1,annual,bank_transfer,0,29.14,0,1343,2021,0.0942,7-12,0,0.125
C100809,2021-12-31,2023-04-26,16,basic,20.21,91,2,monthly,debit_card,1,5.69,0,931,2021,0.2197,13-24,0,0.118
C100810,2024-05-13,2034-02-13,118,standard,39.63,403,1,annual,debit_card,0,3.42,0,-3015,2024,0.0981,24+,0,0.008
C100811,2022-09-30,2022-11-14,1,basic,18.68,191,2,annual,bank_transfer,0,191.0,0,1094,2022,0.0973,0-3,0,1.0
C100812,2022-05-25,2024-09-12,28,basic,18.56,277,2,monthly,credit_card,1,9.89,0,426,2022,0.0668,24+,0,0.069
C100813,2022-03-07,2022-11-07,8,standard,40.35,521,1,annual,credit_card,0,65.12,0,1101,2022,0.0773,7-12,0,0.111
C100814,2024-07-25,2026-01-19,18,basic,17.47,148,1,annual,credit_card,0,8.22,0,-68,2024,0.1172,13-24,0,0.053
C100815,2022-06-19,2022-07-19,1,basic,20.49,185,2,monthly,debit_card,1,185.0,0,1212,2022,0.1102,0-3,0,1.0
C100816,2021-03-06,2023-04-12,25,standard,43.57,419,1,annual,credit_card,0,16.76,0,945,2021,0.1037,24+,0,0.038
C100817,2020-01-29,2020-10-25,9,basic,14.34,217,2,monthly,credit_card,0,24.11,0,1844,2020,0.0658,7-12,0,0.2
C100818,2018-08-31,2020-04-09,19,standard,38.74,579,2,monthly,paypal,1,30.47,0,2043,2018,0.0668,13-24,0,0.1
C100819,2020-11-29,2021-02-16,2,basic,18.87,168,2,monthly,credit_card,1,84.0,0,1730,2020,0.1117,0-3,0,0.667
C100820,2018-08-17,2019-03-28,7,basic,20.23,53,2,annual,credit_card,0,7.57,0,2421,2018,0.3746,7-12,0,0.25
C100821,2020-07-08,2023-10-23,40,standard,40.05,548,0,monthly,paypal,1,13.7,0,751,2020,0.073,24+,0,0.0
C100822,2021-05-31,2021-12-17,6,premium,79.73,1314,2,monthly,debit_card,1,219.0,0,1426,2021,0.0606,4-6,1,0.286
C100823,2018-01-06,2019-09-11,20,premium,84.21,1131,0,monthly,bank_transfer,0,56.55,0,2254,2018,0.0744,13-24,1,0.0
C100824,2019-04-13,2021-06-30,26,standard,43.65,476,1,monthly,bank_transfer,0,18.31,0,1596,2019,0.0915,24+,0,0.037
C100825,2022-10-22,2022-12-30,2,premium,80.9,1134,0,monthly,credit_card,1,567.0,0,1048,2022,0.0713,0-3,1,0.0
C100826,2018-03-16,2018-05-03,1,premium,82.05,1185,0,annual,credit_card,0,1185.0,0,2750,2018,0.0692,0-3,1,0.0
C100827,2018-01-04,2019-04-16,15,standard,40.86,471,0,monthly,debit_card,0,31.4,0,2402,2018,0.0866,13-24,0,0.0
C100828,2023-02-14,2023-09-23,7,basic,15.61,177,2,monthly,bank_transfer,0,25.29,0,781,2023,0.0877,7-12,0,0.25
C100829,2019-10-08,2021-01-26,15,standard,45.05,516,3,monthly,bank_transfer,1,34.4,1,1751,2019,0.0871,13-24,0,0.188
C100830,2018-04-28,2018-06-02,1,basic,22.33,223,2,monthly,credit_card,0,223.0,0,2720,2018,0.0997,0-3,0,1.0
C100831,2022-06-18,2022-10-23,4,basic,21.55,222,1,annual,credit_card,0,55.5,0,1116,2022,0.0966,4-6,0,0.2
C100832,2024-12-26,2032-07-28,92,basic,18.57,209,0,monthly,credit_card,0,2.27,0,-2450,2024,0.0884,24+,0,0.0
C100833,2023-07-15,2026-08-19,37,premium,81.94,1306,0,annual,credit_card,0,35.3,0,-280,2023,0.0627,24+,1,0.0
C100834,2020-08-04,2020-09-18,1,premium,86.89,1362,0,monthly,debit_card,1,1362.0,0,1881,2020,0.0637,0-3,1,0.0
C100835,2022-01-04,2023-01-13,12,standard,43.71,622,2,monthly,credit_card,1,51.83,0,1034,2022,0.0702,7-12,0,0.154
C100836,2018-07-13,2019-11-13,16,standard,45.12,498,1,monthly,credit_card,1,31.12,0,2191,2018,0.0904,13-24,0,0.059
C100837,2020-04-26,2020-09-02,4,premium,74.77,1367,1,monthly,credit_card,1,341.75,0,1897,2020,0.0547,4-6,1,0.2
C100838,2021-11-16,2027-09-29,71,basic,18.34,238,2,monthly,credit_card,0,3.35,0,-686,2021,0.0767,24+,0,0.028
C100839,2021-12-29,2022-10-18,9,premium,82.79,1162,0,annual,credit_card,0,129.11,0,1121,2021,0.0712,7-12,1,0.0
C100840,2024-01-30,2024-03-05,1,standard,36.67,471,0,annual,credit_card,0,471.0,0,617,2024,0.0777,0-3,0,0.0
C100841,2022-07-27,2024-11-14,28,standard,38.83,496,1,monthly,credit_card,0,17.71,0,363,2022,0.0781,24+,0,0.034
C100842,2024-07-01,2027-01-04,30,premium,79.14,1092,0,monthly,credit_card,0,36.4,0,-418,2024,0.0724,24+,1,0.0
C100843,2021-12-04,2023-07-21,19,basic,20.73,218,1,annual,paypal,0,11.47,0,845,2021,0.0947,13-24,0,0.05
C100844,2021-02-15,2024-05-31,40,standard,45.74,613,1,monthly,paypal,1,15.32,0,530,2021,0.0745,24+,0,0.024
C100845,2022-12-16,2023-07-15,7,basic,17.56,136,2,monthly,credit_card,1,19.43,0,851,2022,0.1282,7-12,0,0.25
C100846,2019-12-25,2021-01-26,13,basic,15.67,187,1,annual,credit_card,0,14.38,0,1751,2019,0.0834,13-24,0,0.071
C100847,2018-08-13,2022-03-27,44,standard,44.26,460,2,monthly,credit_card,0,10.45,0,1326,2018,0.096,24+,0,0.044
C100848,2019-06-16,2019-12-05,5,standard,40.86,392,0,annual,bank_transfer,0,78.4,0,2169,2019,0.104,4-6,0,0.0
C100849,2018-04-23,2021-06-21,38,premium,84.28,1014,0,monthly,credit_card,1,26.68,0,1605,2018,0.083,24+,1,0.0
C100850,2023-12-28,2026-08-16,32,basic,23.39,172,1,monthly,bank_transfer,0,5.38,0,-277,2023,0.1352,24+,0,0.03
C100851,2019-07-13,2020-04-11,9,premium,84.66,995,0,monthly,credit_card,0,110.56,0,2041,2019,0.085,7-12,1,0.0
C100852,2023-08-11,2024-06-06,10,standard,45.71,519,0,monthly,paypal,0,51.9,0,524,2023,0.0879,7-12,0,0.0
C100853,2023-11-08,2023-12-19,1,standard,37.69,460,0,monthly,credit_card,0,460.0,0,694,2023,0.0818,0-3,0,0.0
C100854,2019-10-16,2020-01-20,3,standard,38.83,454,0,monthly,credit_card,0,151.33,0,2123,2019,0.0853,0-3,0,0.0
C100855,2018-11-16,2020-01-28,14,basic,16.85,175,3,monthly,credit_card,0,12.5,1,2115,2018,0.0957,13-24,0,0.2
C100856,2022-04-23,2022-11-19,7,standard,35.35,448,1,monthly,credit_card,1,64.0,0,1089,2022,0.0787,7-12,0,0.125
C100857,2023-01-03,2024-03-20,14,standard,37.72,514,0,monthly,credit_card,0,36.71,0,602,2023,0.0732,13-24,0,0.0
C100858,2023-04-02,2025-02-14,22,premium,85.49,1271,0,annual,credit_card,0,57.77,0,271,2023,0.0672,13-24,1,0.0
C100859,2018-05-19,2021-02-06,33,standard,38.67,595,2,annual,debit_card,0,18.03,0,1740,2018,0.0649,24+,0,0.059
C100860,2023-07-20,2023-09-04,1,basic,22.3,249,2,monthly,credit_card,1,249.0,0,800,2023,0.0892,0-3,0,1.0
C100861,2024-04-25,2025-09-07,16,basic,14.74,287,0,annual,debit_card,0,17.94,0,66,2024,0.0512,13-24,0,0.0
C100862,2020-06-20,2022-05-05,22,basic,24.09,155,0,annual,credit_card,0,7.05,0,1287,2020,0.1544,13-24,0,0.0
C100863,2019-11-21,2023-01-22,38,basic,21.06,134,3,monthly,credit_card,0,3.53,1,1025,2019,0.156,24+,0,0.077
C100864,2023-08-02,2029-08-19,73,standard,35.67,514,3,monthly,credit_card,1,7.04,1,-1376,2023,0.0693,24+,0,0.041
C100865,2018-01-10,2018-05-19,4,basic,25.59,239,1,monthly,debit_card,1,59.75,0,2734,2018,0.1066,4-6,0,0.2
C100866,2018-09-18,2019-01-30,4,basic,19.33,287,2,monthly,credit_card,0,71.75,0,2478,2018,0.0671,4-6,0,0.4
C100867,2023-04-27,2024-06-15,13,basic,22.58,270,3,monthly,debit_card,0,20.77,1,515,2023,0.0833,13-24,0,0.214
C100868,2022-08-01,2027-07-31,60,basic,18.28,228,1,monthly,debit_card,1,3.8,0,-626,2022,0.0798,24+,0,0.016
C100869,2024-01-29,2024-02-28,1,basic,17.54,174,1,monthly,paypal,1,174.0,0,623,2024,0.1002,0-3,0,0.5
C100870,2023-08-23,2023-09-22,1,basic,21.13,114,1,monthly,credit_card,0,114.0,0,782,2023,0.1837,0-3,0,0.5
C100871,2021-04-06,2021-05-13,1,basic,21.69,77,0,monthly,credit_card,0,77.0,0,1644,2021,0.2781,0-3,0,0.0
C100872,2022-06-08,2022-09-12,3,standard,40.05,521,3,annual,credit_card,0,173.67,1,1157,2022,0.0767,0-3,0,0.75
C100873,2018-11-17,2019-02-16,3,standard,36.34,419,1,monthly,credit_card,0,139.67,0,2461,2018,0.0865,0-3,0,0.25
C100874,2021-09-04,2023-11-04,26,basic,17.45,209,3,annual,debit_card,0,8.04,1,739,2021,0.0831,24+,0,0.111
C100875,2022-06-25,2023-10-25,16,standard,40.94,578,0,monthly,paypal,0,36.12,0,749,2022,0.0707,13-24,0,0.0
C100876,2024-07-04,2025-10-29,16,standard,38.26,450,1,annual,credit_card,0,28.12,0,14,2024,0.0848,13-24,0,0.059
C100877,2023-06-18,2023-07-28,1,premium,80.18,1129,0,monthly,debit_card,0,1129.0,0,838,2023,0.071,0-3,1,0.0
C100878,2023-04-28,2025-04-03,23,basic,24.91,199,1,annual,credit_card,0,8.65,0,223,2023,0.1246,13-24,0,0.042
C100879,2023-08-01,2023-11-04,3,standard,34.24,584,1,monthly,debit_card,0,194.67,0,739,2023,0.0585,0-3,0,0.25
C100880,2021-01-23,2021-08-16,6,basic,18.73,208,3,monthly,debit_card,0,34.67,1,1549,2021,0.0896,4-6,0,0.429
C100881,2022-05-24,2023-03-08,9,basic,9.87,162,1,monthly,paypal,1,18.0,0,980,2022,0.0606,7-12,0,0.1
C100882,2024-06-23,2026-05-02,22,premium,78.6,1191,1,annual,debit_card,0,54.14,0,-171,2024,0.0659,13-24,1,0.043
C100883,2018-08-24,2019-05-30,9,standard,35.71,478,0,monthly,credit_card,1,53.11,0,2358,2018,0.0746,7-12,0,0.0
C100884,2023-05-24,2024-06-27,13,standard,40.74,488,0,monthly,credit_card,1,37.54,0,503,2023,0.0833,13-24,0,0.0
C100885,2018-11-30,2020-05-14,17,standard,41.52,547,2,monthly,bank_transfer,0,32.18,0,2008,2018,0.0758,13-24,0,0.111
C100886,2023-03-24,2026-08-18,41,standard,40.58,471,2,annual,bank_transfer,0,11.49,0,-279,2023,0.086,24+,0,0.048
C100887,2019-01-11,2022-06-12,41,standard,37.17,611,3,monthly,credit_card,0,14.9,1,1249,2019,0.0607,24+,0,0.071
C100888,2021-03-06,2024-10-01,43,premium,78.93,1160,1,monthly,credit_card,0,26.98,0,407,2021,0.068,24+,1,0.023
C100889,2022-04-20,2023-04-13,11,standard,40.64,425,0,monthly,paypal,0,38.64,0,944,2022,0.0954,7-12,0,0.0
C100890,2021-08-12,2024-07-12,35,basic,21.0,172,1,monthly,paypal,0,4.91,0,488,2021,0.1214,24+,0,0.028
C100891,2023-01-30,2025-01-08,23,basic,19.86,155,4,monthly,debit_card,1,6.74,1,308,2023,0.1273,13-24,0,0.167
C100892,2021-10-04,2024-12-23,39,standard,38.11,370,0,monthly,debit_card,0,9.49,0,324,2021,0.1027,24+,0,0.0
C100893,2020-05-22,2022-10-29,29,basic,18.02,186,2,monthly,credit_card,0,6.41,0,1110,2020,0.0964,24+,0,0.067
C100894,2021-06-06,2021-11-07,5,standard,45.32,413,3,monthly,paypal,0,82.6,1,1466,2021,0.1095,4-6,0,0.5
C100895,2024-05-06,2025-02-06,9,premium,79.35,1185,0,monthly,credit_card,1,131.67,0,279,2024,0.0669,7-12,1,0.0
C100896,2023-01-26,2023-04-20,2,premium,81.69,1210,0,monthly,paypal,1,605.0,0,937,2023,0.0675,0-3,1,0.0
C100897,2021-08-07,2028-04-28,81,premium,79.26,992,0,monthly,credit_card,0,12.25,0,-898,2021,0.0798,24+,1,0.0
C100898,2019-12-26,2020-08-29,8,standard,41.59,410,0,monthly,paypal,0,51.25,0,1901,2019,0.1012,7-12,0,0.0
C100899,2023-08-15,2024-10-17,14,basic,20.82,220,7,annual,debit_card,0,15.71,1,391,2023,0.0942,13-24,0,0.467
C100900,2018-03-19,2018-05-04,1,standard,35.74,480,3,annual,paypal,0,480.0,1,2749,2018,0.0743,0-3,0,1.5
C100901,2018-05-12,2019-10-01,16,standard,50.13,611,0,annual,credit_card,1,38.19,0,2234,2018,0.0819,13-24,0,0.0
C100902,2019-08-24,2020-08-04,11,standard,37.99,445,0,monthly,debit_card,0,40.45,0,1926,2019,0.0852,7-12,0,0.0
C100903,2022-11-08,2024-12-05,25,standard,41.64,459,3,annual,debit_card,0,18.36,1,342,2022,0.0905,24+,0,0.115
C100904,2020-12-01,2021-02-19,2,basic,15.94,195,1,monthly,debit_card,1,97.5,0,1727,2020,0.0813,0-3,0,0.333
C100905,2023-11-07,2024-02-23,3,basic,16.13,248,1,annual,credit_card,0,82.67,0,628,2023,0.0648,0-3,0,0.25
C100906,2024-09-15,2028-05-04,44,premium,79.28,1190,0,monthly,paypal,0,27.05,0,-904,2024,0.0666,24+,1,0.0
C100907,2024-06-01,2025-04-01,10,basic,22.55,275,2,annual,credit_card,0,27.5,0,225,2024,0.0817,7-12,0,0.182
C100908,2023-02-07,2026-12-28,47,basic,22.19,220,3,annual,credit_card,0,4.68,1,-411,2023,0.1004,24+,0,0.062
C100909,2021-08-11,2025-02-07,42,standard,39.89,404,1,annual,credit_card,0,9.62,0,278,2021,0.0985,24+,0,0.023
C100910,2019-09-08,2023-01-05,40,basic,21.89,116,5,monthly,credit_card,0,2.9,1,1042,2019,0.1871,24+,0,0.122
C100911,2024-10-05,2026-08-26,23,premium,81.77,1253,2,monthly,credit_card,0,54.48,0,-287,2024,0.0652,13-24,1,0.083
C100912,2023-03-04,2024-03-30,13,premium,77.22,1195,0,monthly,debit_card,0,91.92,0,592,2023,0.0646,13-24,1,0.0
C100913,2020-11-12,2021-11-17,12,basic,21.11,165,2,monthly,credit_card,0,13.75,0,1456,2020,0.1272,7-12,0,0.154
C100914,2019-07-29,2020-02-28,7,standard,39.35,480,1,monthly,paypal,1,68.57,0,2084,2019,0.0818,7-12,0,0.125
C100915,2023-12-31,2025-04-24,16,premium,75.07,1326,0,monthly,credit_card,0,82.88,0,202,2023,0.0566,13-24,1,0.0
C100916,2020-09-19,2023-02-01,28,standard,36.51,588,2,monthly,bank_transfer,0,21.0,0,1015,2020,0.062,24+,0,0.069
C100917,2024-01-02,2027-03-14,38,basic,19.34,161,0,monthly,credit_card,1,4.24,0,-487,2024,0.1194,24+,0,0.0
C100918,2021-06-02,2023-02-12,20,standard,41.05,356,4,annual,bank_transfer,0,17.8,1,1004,2021,0.115,13-24,0,0.19
C100919,2019-05-18,2020-04-11,10,basic,22.33,140,1,monthly,credit_card,0,14.0,0,2041,2019,0.1584,7-12,0,0.091
C100920,2023-06-21,2024-11-27,17,basic,21.42,261,2,monthly,paypal,0,15.35,0,350,2023,0.0818,13-24,0,0.111
C100921,2020-03-31,2023-12-08,44,standard,39.48,409,0,annual,credit_card,0,9.3,0,705,2020,0.0963,24+,0,0.0
C100922,2023-11-22,2024-06-24,7,standard,41.79,473,0,monthly,credit_card,0,67.57,0,506,2023,0.0882,7-12,0,0.0
C100923,2023-05-25,2025-02-06,20,basic,17.73,160,4,monthly,bank_transfer,1,8.0,1,279,2023,0.1101,13-24,0,0.19
C100924,2018-07-17,2019-03-25,8,basic,21.47,260,3,monthly,debit_card,1,32.5,1,2424,2018,0.0823,7-12,0,0.333
C100925,2022-07-28,2023-11-16,15,basic,20.91,164,1,annual,credit_card,0,10.93,0,727,2022,0.1267,13-24,0,0.062
C100926,2024-09-04,2027-02-21,30,premium,78.74,1305,0,annual,credit_card,0,43.5,0,-466,2024,0.0603,24+,1,0.0
C100927,2021-04-17,2023-08-31,28,standard,43.27,544,1,monthly,credit_card,0,19.43,0,804,2021,0.0794,24+,0,0.034
C100928,2022-01-11,2022-04-22,3,basic,27.0,297,2,monthly,credit_card,0,99.0,0,1300,2022,0.0906,0-3,0,0.5
C100929,2022-07-05,2022-08-14,1,standard,37.84,586,3,monthly,debit_card,1,586.0,1,1186,2022,0.0645,0-3,0,1.5
C100930,2022-08-20,2024-08-03,23,standard,41.43,462,0,monthly,paypal,0,20.09,0,466,2022,0.0895,13-24,0,0.0
C100931,2021-08-05,2022-04-18,8,basic,21.77,190,6,monthly,paypal,0,23.75,1,1304,2021,0.114,7-12,0,0.667
C100932,2023-07-29,2023-11-25,3,standard,39.96,535,1,monthly,credit_card,0,178.33,0,718,2023,0.0746,0-3,0,0.25
C100933,2019-04-23,2020-06-29,14,premium,84.53,1212,1,monthly,credit_card,0,86.57,0,1962,2019,0.0697,13-24,1,0.067
C100934,2021-06-08,2025-03-07,45,standard,37.07,461,3,monthly,credit_card,0,10.24,1,250,2021,0.0802,24+,0,0.065
C100935,2020-07-11,2021-06-05,10,basic,18.48,215,5,monthly,debit_card,0,21.5,1,1621,2020,0.0856,7-12,0,0.455
C100936,2019-02-24,2022-01-21,35,basic,18.01,184,0,annual,credit_card,0,5.26,0,1391,2019,0.0974,24+,0,0.0
C100937,2024-01-14,2024-07-29,6,basic,13.76,174,1,monthly,credit_card,0,29.0,0,471,2024,0.0786,4-6,0,0.143
C100938,2021-01-25,2023-01-08,23,basic,19.74,250,1,annual,debit_card,0,10.87,0,1039,2021,0.0786,13-24,0,0.042
C100939,2020-08-08,2022-09-28,26,basic,18.11,116,3,annual,debit_card,0,4.46,1,1141,2020,0.1548,24+,0,0.111
C100940,2024-05-25,2027-05-28,36,standard,42.37,485,1,monthly,paypal,0,13.47,0,-562,2024,0.0872,24+,0,0.027
C100941,2021-07-01,2022-04-09,9,basic,23.32,208,2,monthly,credit_card,0,23.11,0,1313,2021,0.1116,7-12,0,0.2
C100942,2024-02-22,2024-12-14,9,premium,81.56,1134,0,annual,debit_card,0,126.0,0,333,2024,0.0719,7-12,1,0.0
C100943,2023-02-01,2023-08-03,6,basic,22.81,185,0,annual,bank_transfer,0,30.83,0,832,2023,0.1226,4-6,0,0.0
C100944,2019-06-01,2020-06-22,12,basic,16.98,124,2,monthly,credit_card,0,10.33,0,1969,2019,0.1358,7-12,0,0.154
C100945,2022-07-17,2022-08-17,1,basic,18.44,165,1,annual,debit_card,0,165.0,0,1183,2022,0.1111,0-3,0,0.5
C100946,2023-02-09,2023-04-30,2,standard,40.32,432,2,monthly,debit_card,1,216.0,0,927,2023,0.0931,0-3,0,0.667
C100947,2021-02-15,2021-08-13,5,basic,16.89,190,2,annual,paypal,0,38.0,0,1552,2021,0.0884,4-6,0,0.333
C100948,2023-04-17,2024-02-08,9,basic,26.94,203,1,monthly,debit_card,0,22.56,0,643,2023,0.1321,7-12,0,0.1
C100949,2020-03-25,2023-08-21,41,premium,81.09,1202,0,annual,paypal,0,29.32,0,814,2020,0.0674,24+,1,0.0
C100950,2024-03-25,2024-12-24,9,standard,41.2,610,0,annual,paypal,0,67.78,0,323,2024,0.0674,7-12,0,0.0
C100951,2023-03-16,2023-12-08,8,standard,35.73,549,1,monthly,bank_transfer,0,68.62,0,705,2023,0.065,7-12,0,0.111
C100952,2024-03-13,2026-07-12,28,basic,22.11,188,2,monthly,debit_card,0,6.71,0,-242,2024,0.117,24+,0,0.069
C100953,2023-08-25,2024-12-26,16,basic,16.65,241,2,monthly,credit_card,0,15.06,0,321,2023,0.0688,13-24,0,0.118
C100954,2023-09-26,2025-02-11,16,premium,81.6,1504,0,monthly,credit_card,0,94.0,0,274,2023,0.0542,13-24,1,0.0
C100955,2024-06-29,2027-05-31,35,basic,16.65,272,0,annual,credit_card,0,7.77,0,-565,2024,0.061,24+,0,0.0
C100956,2018-05-10,2019-01-04,7,standard,40.48,476,4,monthly,credit_card,0,68.0,1,2504,2018,0.0849,7-12,0,0.5
C100957,2018-04-05,2024-03-26,72,basic,21.26,166,1,monthly,credit_card,0,2.31,0,596,2018,0.1273,24+,0,0.014
C100958,2023-05-10,2026-09-09,40,standard,43.28,422,0,monthly,credit_card,0,10.55,0,-301,2023,0.1023,24+,0,0.0
C100959,2020-03-04,2020-07-25,4,standard,40.25,411,2,monthly,credit_card,0,102.75,0,1936,2020,0.0977,4-6,0,0.4
C100960,2023-01-09,2024-03-07,14,basic,20.56,278,2,monthly,credit_card,0,19.86,0,615,2023,0.0737,13-24,0,0.133
C100961,2023-10-18,2025-02-26,16,basic,18.04,298,2,monthly,debit_card,1,18.62,0,259,2023,0.0603,13-24,0,0.118
C100962,2022-08-11,2023-08-12,12,basic,21.19,156,1,monthly,debit_card,0,13.0,0,823,2022,0.135,7-12,0,0.077
C100963,2018-01-11,2018-02-26,1,premium,81.53,1438,0,monthly,debit_card,1,1438.0,0,2816,2018,0.0567,0-3,1,0.0
C100964,2023-02-09,2024-04-17,14,basic,21.89,174,1,annual,credit_card,0,12.43,0,574,2023,0.1251,13-24,0,0.067
C100965,2019-12-13,2025-07-02,67,standard,37.17,517,3,monthly,bank_transfer,0,7.72,1,133,2019,0.0718,24+,0,0.044
C100966,2023-09-02,2026-01-06,28,basic,20.51,174,2,monthly,credit_card,0,6.21,0,-55,2023,0.1172,24+,0,0.069
C100967,2020-03-25,2025-11-06,68,basic,12.38,272,1,monthly,credit_card,0,4.0,0,6,2020,0.0453,24+,0,0.014
C100968,2018-12-12,2021-06-23,30,premium,84.2,1342,1,monthly,paypal,0,44.73,0,1603,2018,0.0627,24+,1,0.032
C100969,2024-06-07,2025-10-24,16,basic,20.23,238,2,monthly,debit_card,0,14.88,0,19,2024,0.0846,13-24,0,0.118
C100970,2018-12-29,2019-02-26,1,basic,21.53,260,2,monthly,credit_card,1,260.0,0,2451,2018,0.0825,0-3,0,1.0
C100971,2024-09-09,2025-08-03,10,basic,23.91,199,0,monthly,bank_transfer,0,19.9,0,101,2024,0.1196,7-12,0,0.0
C100972,2024-03-15,2027-06-26,39,basic,18.3,213,1,annual,debit_card,0,5.46,0,-591,2024,0.0855,24+,0,0.025
C100973,2023-12-29,2029-11-22,71,basic,23.09,207,1,annual,credit_card,1,2.92,0,-1471,2023,0.111,24+,0,0.014
C100974,2020-09-11,2021-09-15,12,premium,79.41,1382,1,monthly,credit_card,0,115.17,0,1519,2020,0.0574,7-12,1,0.077
C100975,2022-06-28,2027-07-12,61,basic,20.06,149,4,annual,debit_card,0,2.44,1,-607,2022,0.1337,24+,0,0.065
C100976,2020-04-07,2023-03-12,35,standard,39.46,452,0,annual,paypal,0,12.91,0,976,2020,0.0871,24+,0,0.0
C100977,2018-12-22,2019-11-08,10,basic,17.98,266,2,annual,bank_transfer,0,26.6,0,2196,2018,0.0673,7-12,0,0.182
C100978,2021-09-09,2025-10-28,50,standard,40.65,461,2,monthly,credit_card,0,9.22,0,15,2021,0.088,24+,0,0.039
C100979,2023-02-07,2026-03-07,37,standard,39.49,537,2,monthly,credit_card,0,14.51,0,-115,2023,0.0734,24+,0,0.053
C100980,2018-05-07,2018-07-04,1,basic,14.33,149,1,monthly,credit_card,1,149.0,0,2688,2018,0.0955,0-3,0,0.5
C100981,2019-08-27,2021-11-08,26,basic,21.49,296,1,annual,credit_card,0,11.38,0,1465,2019,0.0724,24+,0,0.037
C100982,2023-04-13,2024-12-27,20,basic,17.27,149,2,monthly,paypal,1,7.45,0,320,2023,0.1151,13-24,0,0.095
C100983,2020-10-10,2021-10-03,11,basic,17.59,259,0,annual,paypal,0,23.55,0,1501,2020,0.0677,7-12,0,0.0
C100984,2018-02-20,2019-07-03,16,standard,37.58,529,0,monthly,bank_transfer,0,33.06,0,2324,2018,0.0709,13-24,0,0.0
C100985,2021-12-01,2022-04-22,4,basic,22.15,147,0,monthly,paypal,1,36.75,0,1300,2021,0.1497,4-6,0,0.0
C100986,2022-11-28,2026-02-15,39,basic,18.51,217,3,monthly,credit_card,0,5.56,1,-95,2022,0.0849,24+,0,0.075
C100987,2022-06-25,2022-11-02,4,premium,76.41,1115,0,annual,credit_card,0,278.75,0,1106,2022,0.0685,4-6,1,0.0
C100988,2022-07-04,2023-01-09,6,standard,37.12,441,2,monthly,credit_card,0,73.5,0,1038,2022,0.084,4-6,0,0.286
C100989,2024-10-03,2026-07-22,21,basic,17.27,234,2,annual,credit_card,0,11.14,0,-252,2024,0.0735,13-24,0,0.091
C100990,2021-04-20,2023-07-31,27,basic,17.01,174,3,monthly,credit_card,1,6.44,1,835,2021,0.0972,24+,0,0.107
C100991,2023-01-29,2024-11-06,21,basic,20.71,210,2,annual,credit_card,0,10.0,0,371,2023,0.0982,13-24,0,0.091
C100992,2019-07-21,2019-09-08,1,standard,45.17,601,0,monthly,bank_transfer,0,601.0,0,2257,2019,0.075,0-3,0,0.0
C100993,2024-08-15,2024-10-10,1,standard,35.79,495,1,monthly,debit_card,1,495.0,0,398,2024,0.0722,0-3,0,0.5
C100994,2020-07-24,2023-06-01,34,premium,82.03,1465,0,monthly,bank_transfer,0,43.09,0,895,2020,0.056,24+,1,0.0
C100995,2023-04-19,2024-09-05,16,standard,40.05,377,3,monthly,credit_card,0,23.56,1,433,2023,0.106,13-24,0,0.176
C100996,2021-08-25,2023-09-15,25,basic,18.39,152,3,annual,debit_card,0,6.08,1,789,2021,0.1202,24+,0,0.115
C100997,2018-07-21,2018-12-16,4,basic,20.16,195,4,monthly,credit_card,1,48.75,1,2523,2018,0.1029,4-6,0,0.8
C100998,2024-06-18,2026-12-29,30,standard,34.51,575,0,annual,paypal,0,19.17,0,-412,2024,0.0599,24+,0,0.0
C100999,2018-04-27,2018-06-09,1,standard,40.86,524,1,monthly,debit_card,0,524.0,0,2713,2018,0.0778,0-3,0,0.5
C101000,2020-07-25,2020-08-25,1,basic,20.47,174,3,monthly,debit_card,1,174.0,1,1905,2020,0.117,0-3,0,1.5
C101001,2019-07-29,2024-04-24,57,basic,14.16,163,0,monthly,paypal,0,2.86,0,567,2019,0.0863,24+,0,0.0
C101002,2024-04-10,2028-01-12,45,standard,38.08,450,0,annual,debit_card,1,10.0,0,-791,2024,0.0844,24+,0,0.0
C101003,2019-06-21,2019-11-10,4,basic,23.17,199,2,monthly,credit_card,0,49.75,0,2194,2019,0.1158,4-6,0,0.4
C101004,2022-06-14,2025-01-25,31,basic,19.41,250,4,monthly,debit_card,1,8.06,1,291,2022,0.0773,24+,0,0.125
C101005,2023-10-24,2024-08-03,9,standard,38.97,394,2,monthly,bank_transfer,0,43.78,0,466,2023,0.0987,7-12,0,0.2
C101006,2019-01-21,2021-09-24,32,basic,22.05,266,3,monthly,paypal,0,8.31,1,1510,2019,0.0826,24+,0,0.091
C101007,2019-04-20,2020-07-17,15,basic,23.28,57,4,monthly,debit_card,0,3.8,1,1944,2019,0.4014,13-24,0,0.25
C101008,2019-02-22,2019-11-22,9,basic,18.9,201,0,annual,paypal,0,22.33,0,2182,2019,0.0936,7-12,0,0.0
C101009,2024-07-22,2025-06-25,11,basic,23.37,89,2,monthly,credit_card,0,8.09,0,140,2024,0.2597,7-12,0,0.167
C101010,2020-07-27,2023-07-22,36,standard,38.16,524,0,monthly,credit_card,1,14.56,0,844,2020,0.0727,24+,0,0.0
C101011,2020-08-12,2021-09-23,13,basic,20.15,225,3,monthly,debit_card,0,17.31,1,1511,2020,0.0892,13-24,0,0.214
C101012,2020-05-25,2021-02-25,9,basic,22.39,193,1,monthly,paypal,0,21.44,0,1721,2020,0.1154,7-12,0,0.1
C101013,2020-02-02,2022-09-15,31,basic,22.46,128,2,monthly,debit_card,0,4.13,0,1154,2020,0.1741,24+,0,0.062
C101014,2021-04-17,2021-07-07,2,standard,34.28,421,1,monthly,credit_card,0,210.5,0,1589,2021,0.0812,0-3,0,0.333
C101015,2021-04-20,2021-06-07,1,basic,21.1,289,1,annual,debit_card,0,289.0,0,1619,2021,0.0728,0-3,0,0.5
C101016,2019-10-26,2020-04-17,5,standard,38.69,585,1,monthly,credit_card,0,117.0,0,2035,2019,0.066,4-6,0,0.167
C101017,2018-01-25,2018-10-31,9,standard,36.01,512,1,monthly,debit_card,0,56.89,0,2569,2018,0.0702,7-12,0,0.1
C101018,2023-06-14,2025-03-18,21,standard,40.63,474,0,monthly,credit_card,0,22.57,0,239,2023,0.0855,13-24,0,0.0
C101019,2021-04-18,2023-01-26,21,premium,81.41,1136,0,monthly,credit_card,0,54.1,0,1021,2021,0.0716,13-24,1,0.0
C101020,2019-12-11,2021-04-19,16,standard,39.63,578,2,annual,credit_card,0,36.12,0,1668,2019,0.0684,13-24,0,0.118
C101021,2023-02-23,2027-02-24,48,standard,40.69,440,1,monthly,credit_card,0,9.17,0,-469,2023,0.0923,24+,0,0.02
C101022,2021-03-30,2022-12-17,20,basic,18.14,236,2,annual,debit_card,0,11.8,0,1061,2021,0.0765,13-24,0,0.095
C101023,2024-02-03,2025-08-27,19,premium,74.62,1230,0,monthly,credit_card,1,64.74,0,77,2024,0.0606,13-24,1,0.0
C101024,2018-10-12,2021-08-21,34,basic,24.75,215,4,annual,credit_card,0,6.32,1,1544,2018,0.1146,24+,0,0.114
C101025,2018-03-04,2018-12-22,9,standard,37.58,461,0,monthly,credit_card,1,51.22,0,2517,2018,0.0813,7-12,0,0.0
C101026,2020-09-29,2022-11-27,26,basic,22.42,177,2,annual,credit_card,0,6.81,0,1081,2020,0.126,24+,0,0.074
C101027,2019-10-24,2020-10-29,12,basic,20.32,190,1,monthly,credit_card,0,15.83,0,1840,2019,0.1064,7-12,0,0.077
C101028,2024-01-13,2024-05-05,3,basic,21.39,182,2,monthly,bank_transfer,0,60.67,0,556,2024,0.1169,0-3,0,0.5
C101029,2022-02-01,2022-03-08,1,premium,79.64,1091,1,monthly,debit_card,0,1091.0,0,1345,2022,0.0729,0-3,1,0.5
C101030,2020-08-24,2022-04-05,19,basic,14.03,175,1,monthly,credit_card,0,9.21,0,1317,2020,0.0797,13-24,0,0.05
C101031,2020-04-28,2024-10-10,54,standard,38.86,675,2,monthly,credit_card,1,12.5,0,398,2020,0.0575,24+,0,0.036
C101032,2021-01-12,2027-08-26,80,basic,18.06,140,1,monthly,credit_card,0,1.75,0,-652,2021,0.1281,24+,0,0.012
C101033,2019-11-20,2022-03-28,28,basic,14.72,205,1,monthly,debit_card,1,7.32,0,1325,2019,0.0715,24+,0,0.034
C101034,2018-05-28,2018-12-17,6,basic,20.02,185,1,monthly,paypal,1,30.83,0,2522,2018,0.1076,4-6,0,0.143
C101035,2018-12-08,2019-10-04,10,premium,83.29,1198,1,monthly,credit_card,0,119.8,0,2231,2018,0.0695,7-12,1,0.091
C101036,2024-11-28,2025-04-02,4,basic,19.71,322,1,monthly,credit_card,1,80.5,0,224,2024,0.061,4-6,0,0.2
C101037,2020-12-22,2023-09-29,33,basic,20.67,215,1,monthly,paypal,0,6.52,0,775,2020,0.0957,24+,0,0.029
C101038,2022-09-21,2023-05-04,7,standard,40.06,577,3,monthly,debit_card,0,82.43,1,923,2022,0.0693,7-12,0,0.375
C101039,2021-10-15,2025-06-12,44,standard,34.66,474,2,monthly,debit_card,0,10.77,0,153,2021,0.073,24+,0,0.044
C101040,2018-11-23,2023-09-07,58,basic,25.03,247,1,monthly,credit_card,1,4.26,0,797,2018,0.1009,24+,0,0.017
C101041,2022-11-28,2028-12-16,73,basic,22.58,187,2,monthly,credit_card,0,2.56,0,-1130,2022,0.1201,24+,0,0.027
C101042,2022-10-26,2024-05-30,19,premium,85.79,1007,0,annual,debit_card,0,53.0,0,531,2022,0.0851,13-24,1,0.0
C101043,2020-09-16,2022-12-07,27,basic,19.65,193,4,monthly,credit_card,0,7.15,1,1071,2020,0.1013,24+,0,0.143
C101044,2024-03-12,2024-06-14,3,basic,21.95,182,4,annual,paypal,0,60.67,1,516,2024,0.1199,0-3,0,1.0
C101045,2024-10-18,2025-07-09,8,premium,83.3,1116,2,monthly,debit_card,0,139.5,0,126,2024,0.0746,7-12,1,0.222
C101046,2020-08-09,2021-01-17,5,basic,21.51,156,2,monthly,credit_card,0,31.2,0,1760,2020,0.137,4-6,0,0.333
C101047,2019-12-24,2020-01-31,1,basic,19.83,158,5,annual,credit_card,1,158.0,1,2112,2019,0.1247,0-3,0,2.5
C101048,2023-09-11,2023-12-12,3,premium,78.78,1226,0,annual,credit_card,0,408.67,0,701,2023,0.0642,0-3,1,0.0
C101049,2024-05-21,2027-02-01,32,standard,41.61,501,2,monthly,bank_transfer,0,15.66,0,-446,2024,0.0829,24+,0,0.061
C101050,2019-03-05,2019-10-28,7,standard,42.22,461,2,monthly,debit_card,0,65.86,0,2207,2019,0.0914,7-12,0,0.25
C101051,2022-02-09,2028-02-03,72,basic,12.09,166,1,monthly,credit_card,0,2.31,0,-813,2022,0.0724,24+,0,0.014
C101052,2018-10-13,2024-03-22,66,basic,20.38,176,0,monthly,bank_transfer,0,2.67,0,600,2018,0.1151,24+,0,0.0
C101053,2023-08-28,2023-12-22,3,basic,19.84,171,3,monthly,paypal,0,57.0,1,691,2023,0.1153,0-3,0,0.75
C101054,2020-02-08,2027-05-27,88,standard,34.42,471,0,annual,debit_card,0,5.35,0,-561,2020,0.0729,24+,0,0.0
C101055,2021-10-26,2025-02-04,39,standard,40.47,574,1,monthly,debit_card,0,14.72,0,281,2021,0.0704,24+,0,0.025
C101056,2018-07-13,2022-07-06,48,standard,39.19,450,4,monthly,credit_card,0,9.38,1,1225,2018,0.0869,24+,0,0.082
C101057,2024-12-24,2028-04-08,40,basic,23.03,130,1,monthly,credit_card,0,3.25,0,-878,2024,0.1758,24+,0,0.024
C101058,2020-09-14,2022-05-10,20,basic,21.91,216,2,monthly,credit_card,0,10.8,0,1282,2020,0.101,13-24,0,0.095
C101059,2021-02-10,2021-08-04,5,basic,18.99,178,2,monthly,credit_card,0,35.6,0,1561,2021,0.1061,4-6,0,0.333
C101060,2023-12-02,2024-11-30,12,premium,83.36,1463,0,monthly,paypal,0,121.92,0,347,2023,0.0569,7-12,1,0.0
C101061,2022-08-29,2024-03-17,18,basic,19.37,148,2,monthly,debit_card,0,8.22,0,605,2022,0.13,13-24,0,0.105
C101062,2020-08-04,2023-02-09,30,standard,35.59,562,1,annual,paypal,0,18.73,0,1007,2020,0.0632,24+,0,0.032
C101063,2020-04-10,2021-08-21,16,standard,38.36,466,1,monthly,credit_card,0,29.12,0,1544,2020,0.0821,13-24,0,0.059
C101064,2023-04-05,2025-12-24,33,standard,43.52,621,2,annual,debit_card,0,18.82,0,-42,2023,0.07,24+,0,0.059
C101065,2018-02-24,2018-08-09,5,basic,22.4,153,2,monthly,credit_card,0,30.6,0,2652,2018,0.1455,4-6,0,0.333
C101066,2020-03-10,2020-09-01,5,basic,16.49,119,1,monthly,credit_card,0,23.8,0,1898,2020,0.1374,4-6,0,0.167
C101067,2020-02-17,2021-01-30,11,basic,18.29,210,3,annual,debit_card,1,19.09,1,1747,2020,0.0867,7-12,0,0.25
C101068,2022-01-21,2022-08-14,6,standard,40.62,624,1,monthly,credit_card,1,104.0,0,1186,2022,0.065,4-6,0,0.143
C101069,2023-03-17,2025-05-28,26,standard,40.92,365,0,monthly,credit_card,1,14.04,0,168,2023,0.1118,24+,0,0.0
C101070,2024-01-19,2026-06-05,28,premium,74.58,1368,0,monthly,credit_card,0,48.86,0,-205,2024,0.0545,24+,1,0.0
C101071,2023-11-05,2026-09-19,34,premium,79.76,1146,0,monthly,credit_card,1,33.71,0,-311,2023,0.0695,24+,1,0.0
C101072,2018-02-24,2019-07-26,17,basic,19.14,217,2,monthly,credit_card,1,12.76,0,2301,2018,0.0878,13-24,0,0.111
C101073,2022-12-29,2024-03-12,14,basic,20.29,174,0,monthly,credit_card,0,12.43,0,610,2022,0.1159,13-24,0,0.0
C101074,2021-04-16,2021-08-04,3,basic,19.46,232,1,monthly,credit_card,0,77.33,0,1561,2021,0.0835,0-3,0,0.25
C101075,2020-04-12,2021-07-18,15,basic,22.83,185,4,annual,debit_card,0,12.33,1,1578,2020,0.1227,13-24,0,0.25
C101076,2018-11-09,2019-07-12,8,basic,17.74,223,1,monthly,paypal,0,27.88,0,2315,2018,0.0792,7-12,0,0.111
C101077,2023-02-02,2025-08-07,30,standard,37.37,479,3,monthly,credit_card,1,15.97,1,97,2023,0.0779,24+,0,0.097
C101078,2023-07-01,2025-06-13,23,basic,19.73,135,2,monthly,debit_card,0,5.87,0,152,2023,0.1451,13-24,0,0.083
C101079,2023-06-30,2023-10-14,3,standard,37.55,575,0,annual,credit_card,0,191.67,0,760,2023,0.0652,0-3,0,0.0
C101080,2024-10-26,2025-04-04,5,premium,82.31,1479,1,monthly,paypal,1,295.8,0,222,2024,0.0556,4-6,1,0.167
C101081,2022-11-26,2023-01-17,1,basic,17.6,112,2,monthly,credit_card,0,112.0,0,1030,2022,0.1558,0-3,0,1.0
C101082,2018-11-24,2024-05-29,67,standard,41.52,468,3,monthly,credit_card,0,6.99,1,532,2018,0.0885,24+,0,0.044
C101083,2021-07-11,2022-07-11,12,standard,35.48,452,1,monthly,credit_card,0,37.67,0,1220,2021,0.0783,7-12,0,0.077
C101084,2023-11-14,2024-10-26,11,basic,26.62,144,1,monthly,credit_card,1,13.09,0,382,2023,0.1836,7-12,0,0.083
C101085,2021-01-16,2021-08-17,7,standard,46.21,530,1,annual,paypal,0,75.71,0,1548,2021,0.087,7-12,0,0.125
C101086,2021-08-04,2022-03-23,7,standard,39.11,597,1,monthly,credit_card,0,85.29,0,1330,2021,0.0654,7-12,0,0.125
C101087,2024-12-13,2025-08-07,7,standard,40.75,411,1,monthly,credit_card,1,58.71,0,97,2024,0.0989,7-12,0,0.125
C101088,2019-03-28,2024-09-01,66,standard,39.51,364,1,annual,credit_card,1,5.52,0,437,2019,0.1082,24+,0,0.015
C101089,2022-03-04,2023-01-28,11,premium,87.2,1464,0,monthly,credit_card,0,133.09,0,1019,2022,0.0595,7-12,1,0.0
C101090,2018-06-14,2020-09-07,27,basic,23.23,125,1,annual,credit_card,0,4.63,0,1892,2018,0.1844,24+,0,0.036
C101091,2018-07-01,2019-12-24,18,standard,38.48,371,1,annual,debit_card,0,20.61,0,2150,2018,0.1034,13-24,0,0.053
C101092,2024-11-21,2026-08-16,21,basic,19.2,157,1,monthly,credit_card,0,7.48,0,-277,2024,0.1215,13-24,0,0.045
C101093,2020-06-28,2020-11-22,4,basic,13.59,218,1,monthly,credit_card,1,54.5,0,1816,2020,0.0621,4-6,0,0.2
C101094,2020-04-02,2020-11-23,7,standard,42.45,415,0,monthly,debit_card,1,59.29,0,1815,2020,0.102,7-12,0,0.0
C101095,2020-08-01,2022-03-29,20,standard,37.92,498,1,monthly,debit_card,0,24.9,0,1324,2020,0.076,13-24,0,0.048
C101096,2023-06-25,2023-08-16,1,premium,81.58,1054,0,monthly,debit_card,0,1054.0,0,819,2023,0.0773,0-3,1,0.0
C101097,2023-08-17,2023-12-30,4,basic,19.82,221,3,monthly,credit_card,0,55.25,1,683,2023,0.0893,4-6,0,0.6
C101098,2018-11-26,2019-03-21,3,standard,40.45,606,2,monthly,debit_card,0,202.0,0,2428,2018,0.0666,0-3,0,0.5
C101099,2020-02-14,2022-08-13,30,standard,45.66,407,0,monthly,bank_transfer,0,13.57,0,1187,2020,0.1119,24+,0,0.0
C101100,2024-01-08,2024-02-24,1,basic,21.21,104,3,monthly,credit_card,1,104.0,1,627,2024,0.202,0-3,0,1.5
C101101,2018-05-27,2018-10-15,4,standard,46.23,404,1,monthly,debit_card,0,101.0,0,2585,2018,0.1141,4-6,0,0.2
C101102,2020-07-03,2020-08-23,1,basic,20.21,308,3,annual,credit_card,1,308.0,1,1907,2020,0.0654,0-3,0,1.5
C101103,2022-04-21,2023-03-02,10,standard,36.26,491,1,annual,credit_card,0,49.1,0,986,2022,0.0737,7-12,0,0.091
C101104,2021-08-01,2022-10-03,14,standard,42.86,601,1,annual,debit_card,0,42.93,0,1136,2021,0.0712,13-24,0,0.067
C101105,2018-03-23,2022-02-10,47,basic,18.17,227,2,monthly,bank_transfer,1,4.83,0,1371,2018,0.0797,24+,0,0.042
C101106,2019-05-29,2021-07-01,25,basic,24.2,183,1,annual,debit_card,0,7.32,0,1595,2019,0.1315,24+,0,0.038
C101107,2023-04-05,2026-11-17,44,basic,21.42,187,2,monthly,credit_card,0,4.25,0,-370,2023,0.1139,24+,0,0.044
C101108,2023-04-24,2023-08-13,3,premium,80.3,1007,2,monthly,credit_card,1,335.67,0,822,2023,0.0797,0-3,1,0.5
C101109,2020-01-16,2020-02-23,1,standard,37.92,537,1,annual,credit_card,1,537.0,0,2089,2020,0.0705,0-3,0,0.5
C101110,2021-11-10,2023-03-10,16,standard,41.83,488,1,monthly,credit_card,0,30.5,0,978,2021,0.0855,13-24,0,0.059
C101111,2019-12-08,2022-10-14,34,basic,21.99,287,1,monthly,paypal,1,8.44,0,1125,2019,0.0764,24+,0,0.029
C101112,2019-04-16,2023-03-10,47,basic,23.55,230,0,monthly,debit_card,1,4.89,0,978,2019,0.1019,24+,0,0.0
C101113,2019-01-31,2022-04-10,38,basic,17.88,211,0,annual,debit_card,0,5.55,0,1312,2019,0.0843,24+,0,0.0
C101114,2022-04-05,2022-10-27,6,standard,40.09,602,1,annual,credit_card,0,100.33,0,1112,2022,0.0665,4-6,0,0.143
C101115,2024-04-27,2024-12-22,7,basic,24.48,157,1,monthly,debit_card,0,22.43,0,325,2024,0.1549,7-12,0,0.125
C101116,2020-03-15,2020-04-24,1,standard,38.95,479,5,monthly,debit_card,0,479.0,1,2028,2020,0.0811,0-3,0,2.5
C101117,2020-07-22,2026-05-01,70,standard,39.28,566,2,monthly,bank_transfer,0,8.09,0,-170,2020,0.0693,24+,0,0.028
C101118,2021-07-03,2022-01-06,6,standard,39.34,490,0,annual,debit_card,1,81.67,0,1406,2021,0.0801,4-6,0,0.0
C101119,2022-10-24,2026-08-30,46,standard,40.85,460,3,annual,debit_card,0,10.0,1,-291,2022,0.0886,24+,0,0.064
C101120,2020-06-23,2026-11-15,77,basic,21.53,247,0,monthly,credit_card,0,3.21,0,-368,2020,0.0868,24+,0,0.0
C101121,2020-12-12,2021-05-21,5,basic,17.05,254,2,annual,debit_card,0,50.8,0,1636,2020,0.0669,4-6,0,0.333
C101122,2023-03-06,2024-09-24,18,basic,20.65,241,1,monthly,paypal,0,13.39,0,414,2023,0.0853,13-24,0,0.053
C101123,2022-03-04,2023-09-09,18,standard,43.02,561,1,annual,credit_card,0,31.17,0,795,2022,0.0765,13-24,0,0.053
C101124,2021-10-19,2024-06-06,32,premium,81.36,1026,1,monthly,paypal,0,32.06,0,524,2021,0.0792,24+,1,0.03
C101125,2021-07-27,2026-08-24,61,standard,38.32,486,0,monthly,credit_card,0,7.97,0,-285,2021,0.0787,24+,0,0.0
C101126,2019-08-16,2019-10-21,2,basic,15.48,152,2,annual,debit_card,0,76.0,0,2214,2019,0.1012,0-3,0,0.667
C101127,2023-10-08,2024-09-08,11,basic,20.89,329,2,monthly,bank_transfer,0,29.91,0,430,2023,0.0633,7-12,0,0.167
C101128,2018-05-08,2019-12-13,19,basic,20.82,191,1,monthly,credit_card,0,10.05,0,2161,2018,0.1084,13-24,0,0.05
C101129,2020-01-06,2020-08-31,7,standard,36.46,529,1,annual,paypal,1,75.57,0,1899,2020,0.0688,7-12,0,0.125
C101130,2019-06-05,2019-11-28,5,basic,20.19,217,1,annual,credit_card,0,43.4,0,2176,2019,0.0926,4-6,0,0.167
C101131,2018-08-25,2020-01-08,16,basic,22.74,106,3,monthly,credit_card,0,6.62,1,2135,2018,0.2125,13-24,0,0.176
C101132,2021-07-28,2022-12-18,16,basic,22.11,178,5,monthly,debit_card,0,11.12,1,1060,2021,0.1235,13-24,0,0.294
C101133,2022-11-17,2023-07-13,7,standard,43.21,483,1,monthly,bank_transfer,0,69.0,0,853,2022,0.0893,7-12,0,0.125
C101134,2021-07-25,2023-10-02,26,standard,38.02,545,1,monthly,bank_transfer,0,20.96,0,772,2021,0.0696,24+,0,0.037
C101135,2024-12-16,2028-03-22,39,basic,20.0,321,0,monthly,credit_card,0,8.23,0,-861,2024,0.0621,24+,0,0.0
C101136,2023-08-14,2024-01-17,5,standard,41.29,557,3,annual,debit_card,0,111.4,1,665,2023,0.074,4-6,0,0.5
C101137,2019-03-18,2019-05-12,1,standard,37.3,469,0,annual,credit_card,0,469.0,0,2376,2019,0.0794,0-3,0,0.0
C101138,2023-09-08,2023-12-17,3,basic,23.41,201,0,monthly,credit_card,0,67.0,0,696,2023,0.1159,0-3,0,0.0
C101139,2020-03-15,2022-02-24,23,standard,41.91,583,4,annual,credit_card,0,25.35,1,1357,2020,0.0718,13-24,0,0.167
C101140,2018-03-16,2018-07-05,3,standard,37.18,467,1,monthly,debit_card,1,155.67,0,2687,2018,0.0794,0-3,0,0.25
C101141,2023-12-16,2024-01-19,1,standard,42.37,588,4,monthly,credit_card,1,588.0,1,663,2023,0.0719,0-3,0,2.0
C101142,2023-09-21,2024-01-31,4,standard,41.44,598,1,monthly,debit_card,1,149.5,0,651,2023,0.0692,4-6,0,0.2
C101143,2021-10-11,2021-12-07,1,basic,21.8,145,1,monthly,credit_card,0,145.0,0,1436,2021,0.1493,0-3,0,0.5
C101144,2018-02-10,2018-04-28,2,standard,38.23,557,0,monthly,debit_card,0,278.5,0,2755,2018,0.0685,0-3,0,0.0
C101145,2023-09-13,2025-11-26,26,basic,17.07,144,2,annual,credit_card,0,5.54,0,-14,2023,0.1177,24+,0,0.074
C101146,2022-08-28,2023-03-07,6,standard,40.5,630,0,monthly,paypal,0,105.0,0,981,2022,0.0642,4-6,0,0.0
C101147,2021-11-02,2021-12-09,1,standard,42.73,593,1,monthly,paypal,0,593.0,0,1434,2021,0.0719,0-3,0,0.5
C101148,2019-08-11,2019-09-22,1,basic,18.66,153,2,annual,credit_card,0,153.0,0,2243,2019,0.1212,0-3,0,1.0
C101149,2022-06-11,2022-08-16,2,standard,37.53,475,1,monthly,paypal,0,237.5,0,1184,2022,0.0788,0-3,0,0.333
C101150,2018-12-08,2020-09-15,21,premium,78.33,1181,0,monthly,credit_card,0,56.24,0,1884,2018,0.0663,13-24,1,0.0
C101151,2023-09-06,2024-11-08,14,basic,19.34,141,4,monthly,credit_card,0,10.07,1,369,2023,0.1362,13-24,0,0.267
C101152,2019-10-08,2020-10-21,12,basic,21.13,283,3,monthly,paypal,0,23.58,1,1848,2019,0.0744,7-12,0,0.231
C101153,2020-01-01,2021-07-06,18,basic,12.07,173,2,annual,credit_card,0,9.61,0,1590,2020,0.0694,13-24,0,0.105
C101154,2018-06-17,2019-04-17,10,standard,40.1,578,2,annual,credit_card,0,57.8,0,2401,2018,0.0693,7-12,0,0.182
C101155,2019-09-02,2019-10-12,1,basic,21.48,253,2,monthly,credit_card,1,253.0,0,2223,2019,0.0846,0-3,0,1.0
C101156,2024-05-04,2026-06-16,25,basic,17.56,129,3,monthly,debit_card,0,5.16,1,-216,2024,0.1351,24+,0,0.115
C101157,2022-11-08,2024-09-28,23,basic,16.71,227,2,annual,paypal,0,9.87,0,410,2022,0.0733,13-24,0,0.083
C101158,2023-08-03,2025-08-26,25,standard,40.07,437,5,monthly,credit_card,1,17.48,1,78,2023,0.0915,24+,0,0.192
C101159,2019-03-31,2021-02-01,22,standard,37.58,401,1,monthly,credit_card,0,18.23,0,1745,2019,0.0935,13-24,0,0.043
C101160,2022-09-05,2022-12-24,3,standard,38.64,671,0,annual,paypal,0,223.67,0,1054,2022,0.0575,0-3,0,0.0
C101161,2019-12-03,2022-06-10,30,basic,19.42,113,1,annual,credit_card,0,3.77,0,1251,2019,0.1704,24+,0,0.032
C101162,2022-05-19,2023-08-21,15,standard,39.72,328,1,monthly,credit_card,0,21.87,0,814,2022,0.1207,13-24,0,0.062
C101163,2018-05-10,2018-06-14,1,basic,20.93,186,1,monthly,paypal,0,186.0,0,2708,2018,0.1119,0-3,0,0.5
C101164,2023-01-20,2023-08-23,7,basic,21.13,229,1,monthly,credit_card,0,32.71,0,812,2023,0.0919,7-12,0,0.125
C101165,2021-10-18,2023-05-10,18,premium,86.13,1347,0,monthly,credit_card,0,74.83,0,917,2021,0.0639,13-24,1,0.0
C101166,2019-11-24,2021-11-05,23,basic,20.9,170,1,monthly,debit_card,0,7.39,0,1468,2019,0.1222,13-24,0,0.042
C101167,2021-10-26,2022-08-20,9,basic,20.09,300,0,monthly,debit_card,0,33.33,0,1180,2021,0.0667,7-12,0,0.0
C101168,2020-03-04,2025-07-20,65,premium,83.76,1086,0,monthly,credit_card,1,16.71,0,115,2020,0.0771,24+,1,0.0
C101169,2018-01-29,2018-10-16,8,standard,43.57,482,2,annual,credit_card,0,60.25,0,2584,2018,0.0902,7-12,0,0.222
C101170,2018-05-29,2021-03-08,33,premium,80.33,1103,0,monthly,bank_transfer,0,33.42,0,1710,2018,0.0728,24+,1,0.0
C101171,2021-08-12,2022-03-05,6,standard,41.09,454,1,monthly,credit_card,0,75.67,0,1348,2021,0.0903,4-6,0,0.143
C101172,2023-08-21,2025-03-17,19,standard,41.33,556,2,monthly,debit_card,0,29.26,0,240,2023,0.0742,13-24,0,0.1
C101173,2021-02-10,2024-02-09,36,standard,41.82,550,3,monthly,debit_card,0,15.28,1,642,2021,0.0759,24+,0,0.081
C101174,2018-07-06,2019-08-14,13,premium,79.55,1232,1,annual,credit_card,0,94.77,0,2282,2018,0.0645,13-24,1,0.071
C101175,2021-06-04,2024-01-18,31,basic,16.52,141,2,monthly,paypal,1,4.55,0,664,2021,0.1163,24+,0,0.062
C101176,2021-08-26,2024-08-01,35,premium,83.84,1302,0,annual,debit_card,0,37.2,0,468,2021,0.0643,24+,1,0.0
C101177,2018-04-08,2022-01-09,45,standard,40.41,396,0,monthly,credit_card,0,8.8,0,1403,2018,0.1018,24+,0,0.0
C101178,2018-02-24,2023-11-09,69,standard,37.55,532,1,monthly,debit_card,0,7.71,0,734,2018,0.0705,24+,0,0.014
C101179,2020-01-28,2021-10-01,20,basic,19.98,265,1,monthly,paypal,0,13.25,0,1503,2020,0.0751,13-24,0,0.048
C101180,2019-02-10,2022-02-26,37,standard,40.06,350,1,monthly,credit_card,0,9.46,0,1355,2019,0.1141,24+,0,0.026
C101181,2023-10-18,2023-11-24,1,standard,38.85,521,1,monthly,debit_card,0,521.0,0,719,2023,0.0744,0-3,0,0.5
C101182,2021-08-05,2022-01-07,5,premium,79.97,1198,0,monthly,debit_card,0,239.6,0,1405,2021,0.0667,4-6,1,0.0
C101183,2022-11-21,2025-02-13,27,standard,40.38,322,1,monthly,paypal,0,11.93,0,272,2022,0.125,24+,0,0.036
C101184,2020-01-21,2021-06-29,17,basic,17.1,144,1,monthly,paypal,0,8.47,0,1597,2020,0.1179,13-24,0,0.056
C101185,2022-10-29,2024-11-22,25,standard,41.84,367,1,annual,credit_card,0,14.68,0,355,2022,0.1137,24+,0,0.038
C101186,2018-12-31,2024-11-29,72,basic,20.35,286,0,annual,debit_card,0,3.97,0,348,2018,0.0709,24+,0,0.0
C101187,2023-07-20,2026-04-25,33,basic,25.34,306,0,monthly,credit_card,0,9.27,0,-164,2023,0.0825,24+,0,0.0
C101188,2019-04-27,2021-09-17,29,basic,20.31,212,1,monthly,credit_card,0,7.31,0,1517,2019,0.0954,24+,0,0.033
C101189,2024-02-27,2026-12-04,33,standard,40.78,511,2,monthly,paypal,0,15.48,0,-387,2024,0.0796,24+,0,0.059
C101190,2018-06-03,2024-04-09,71,standard,36.24,460,1,annual,credit_card,0,6.48,0,582,2018,0.0786,24+,0,0.014
C101191,2022-03-05,2022-09-05,6,basic,21.79,161,1,annual,debit_card,0,26.83,0,1164,2022,0.1345,4-6,0,0.143
C101192,2023-10-22,2024-02-12,3,standard,38.93,465,0,annual,credit_card,0,155.0,0,639,2023,0.0835,0-3,0,0.0
C101193,2024-06-01,2025-08-18,14,basic,16.27,140,0,monthly,paypal,0,10.0,0,86,2024,0.1154,13-24,0,0.0
C101194,2020-11-06,2020-12-12,1,standard,37.14,554,2,monthly,credit_card,0,554.0,0,1796,2020,0.0669,0-3,0,1.0
C101195,2022-07-23,2023-05-01,9,basic,21.3,173,2,monthly,credit_card,0,19.22,0,926,2022,0.1224,7-12,0,0.2
C101196,2021-05-25,2022-04-16,10,basic,19.58,163,1,annual,credit_card,0,16.3,0,1306,2021,0.1194,7-12,0,0.091
C101197,2018-03-02,2018-11-21,8,basic,14.44,249,1,monthly,debit_card,0,31.12,0,2548,2018,0.0578,7-12,0,0.111
C101198,2020-07-27,2021-02-21,6,premium,79.57,1032,0,annual,credit_card,0,172.0,0,1725,2020,0.077,4-6,1,0.0
C101199,2022-06-28,2022-09-27,3,basic,15.68,206,1,annual,credit_card,1,68.67,0,1142,2022,0.0757,0-3,0,0.25
C101200,2023-09-21,2024-03-23,6,basic,19.85,189,2,monthly,debit_card,0,31.5,0,599,2023,0.1045,4-6,0,0.286
C101201,2018-01-25,2020-08-30,31,basic,18.58,158,1,monthly,credit_card,0,5.1,0,1900,2018,0.1169,24+,0,0.031
C101202,2020-11-28,2021-05-19,5,standard,38.03,477,1,annual,paypal,1,95.4,0,1638,2020,0.0796,4-6,0,0.167
C101203,2018-05-11,2018-06-13,1,standard,40.92,490,3,monthly,credit_card,0,490.0,1,2709,2018,0.0833,0-3,0,1.5
C101204,2021-06-06,2021-07-23,1,premium,78.44,991,1,monthly,credit_card,0,991.0,0,1573,2021,0.0791,0-3,1,0.5
C101205,2018-04-18,2019-03-12,10,basic,17.14,157,0,monthly,credit_card,1,15.7,0,2437,2018,0.1085,7-12,0,0.0
C101206,2018-06-21,2018-09-26,3,basic,19.75,281,1,monthly,debit_card,0,93.67,0,2604,2018,0.07,0-3,0,0.25
C101207,2021-12-29,2024-06-13,29,standard,40.64,504,2,monthly,paypal,0,17.38,0,517,2021,0.0805,24+,0,0.067
C101208,2018-04-12,2019-11-15,19,premium,79.94,1386,0,monthly,debit_card,0,72.95,0,2189,2018,0.0576,13-24,1,0.0
C101209,2024-05-11,2024-08-15,3,basic,22.83,139,2,monthly,paypal,0,46.33,0,454,2024,0.1631,0-3,0,0.5
C101210,2022-06-25,2022-12-30,6,standard,43.17,535,1,monthly,paypal,0,89.17,0,1048,2022,0.0805,4-6,0,0.143
C101211,2020-11-06,2022-08-12,21,standard,38.53,553,0,monthly,paypal,0,26.33,0,1188,2020,0.0695,13-24,0,0.0
C101212,2018-11-26,2021-01-06,25,standard,35.18,527,1,monthly,paypal,0,21.08,0,1771,2018,0.0666,24+,0,0.038
C101213,2022-03-01,2022-10-24,7,basic,17.36,128,2,monthly,bank_transfer,1,18.29,0,1115,2022,0.1346,7-12,0,0.25
C101214,2018-01-12,2018-08-28,7,standard,40.3,498,0,monthly,credit_card,0,71.14,0,2633,2018,0.0808,7-12,0,0.0
C101215,2021-09-03,2024-05-13,32,basic,17.35,218,0,monthly,credit_card,0,6.81,0,548,2021,0.0792,24+,0,0.0
C101216,2018-08-04,2018-09-13,1,basic,25.15,226,5,monthly,debit_card,0,226.0,1,2617,2018,0.1108,0-3,0,2.5
C101217,2018-12-05,2019-06-15,6,basic,19.12,147,3,monthly,credit_card,0,24.5,1,2342,2018,0.1292,4-6,0,0.429
C101218,2022-12-05,2023-07-13,7,basic,14.76,208,6,monthly,debit_card,0,29.71,1,853,2022,0.0706,7-12,0,0.75
C101219,2022-10-17,2023-04-12,5,basic,23.43,196,1,annual,credit_card,0,39.2,0,945,2022,0.1189,4-6,0,0.167
C101220,2022-02-17,2030-06-30,101,standard,41.0,545,1,monthly,paypal,0,5.4,0,-1691,2022,0.0751,24+,0,0.01
C101221,2024-08-18,2025-06-23,10,basic,17.81,147,4,annual,bank_transfer,0,14.7,1,142,2024,0.1203,7-12,0,0.364
C101222,2019-12-11,2020-10-08,10,premium,75.25,1058,1,monthly,debit_card,0,105.8,0,1861,2019,0.0711,7-12,1,0.091
C101223,2021-05-08,2024-02-24,34,premium,83.64,1112,2,annual,bank_transfer,0,32.71,0,627,2021,0.0751,24+,1,0.057
C101224,2024-11-18,2025-11-03,11,premium,80.43,988,0,monthly,debit_card,1,89.82,0,9,2024,0.0813,7-12,1,0.0
C101225,2021-01-17,2021-09-02,7,basic,19.76,267,3,monthly,debit_card,1,38.14,1,1532,2021,0.0737,7-12,0,0.375
C101226,2021-07-15,2028-01-02,78,basic,25.29,186,2,monthly,debit_card,0,2.38,0,-781,2021,0.1352,24+,0,0.025
C101227,2019-05-04,2022-10-22,42,premium,79.17,981,1,monthly,debit_card,0,23.36,0,1117,2019,0.0806,24+,1,0.023
C101228,2022-04-11,2022-12-06,7,standard,41.48,501,0,monthly,credit_card,0,71.57,0,1072,2022,0.0826,7-12,0,0.0
C101229,2018-02-16,2018-04-12,1,standard,44.58,524,0,monthly,debit_card,0,524.0,0,2771,2018,0.0849,0-3,0,0.0
C101230,2020-02-17,2025-08-31,67,basic,23.09,178,1,annual,bank_transfer,0,2.66,0,73,2020,0.129,24+,0,0.015
C101231,2020-11-05,2021-08-15,9,basic,19.58,207,2,monthly,credit_card,1,23.0,0,1550,2020,0.0941,7-12,0,0.2
C101232,2019-12-12,2020-12-31,12,basic,21.3,129,4,monthly,bank_transfer,0,10.75,1,1777,2019,0.1638,7-12,0,0.308
C101233,2019-02-05,2019-03-09,1,standard,36.53,447,0,monthly,debit_card,0,447.0,0,2440,2019,0.0815,0-3,0,0.0
C101234,2022-12-23,2023-06-09,5,basic,18.37,174,3,annual,credit_card,0,34.8,1,887,2022,0.105,4-6,0,0.5
C101235,2018-09-07,2020-11-01,26,basic,16.41,190,1,monthly,credit_card,1,7.31,0,1837,2018,0.0859,24+,0,0.037
C101236,2019-01-26,2019-03-08,1,basic,22.52,104,0,monthly,credit_card,0,104.0,0,2441,2019,0.2145,0-3,0,0.0
C101237,2018-12-01,2019-02-21,2,basic,19.26,166,3,annual,credit_card,0,83.0,1,2456,2018,0.1153,0-3,0,1.0
C101238,2019-09-21,2021-11-04,25,basic,18.52,223,3,monthly,debit_card,1,8.92,1,1469,2019,0.0827,24+,0,0.115
C101239,2018-05-17,2019-03-17,10,standard,45.63,471,2,monthly,credit_card,0,47.1,0,2432,2018,0.0967,7-12,0,0.182
C101240,2022-03-02,2022-04-04,1,basic,13.63,156,2,annual,credit_card,0,156.0,0,1318,2022,0.0868,0-3,0,1.0
C101241,2020-04-06,2021-12-18,20,standard,36.24,381,2,annual,credit_card,0,19.05,0,1425,2020,0.0949,13-24,0,0.095
C101242,2019-12-28,2020-08-11,7,basic,17.43,203,2,monthly,credit_card,0,29.0,0,1919,2019,0.0854,7-12,0,0.25
C101243,2022-02-09,2022-05-13,3,basic,16.38,276,3,annual,credit_card,1,92.0,1,1279,2022,0.0591,0-3,0,0.75
C101244,2020-09-16,2022-12-28,27,basic,21.75,234,4,monthly,paypal,0,8.67,1,1050,2020,0.0926,24+,0,0.143
C101245,2024-08-16,2028-11-28,52,standard,41.41,427,1,monthly,credit_card,0,8.21,0,-1112,2024,0.0968,24+,0,0.019
C101246,2020-07-23,2022-02-07,18,basic,19.51,206,5,annual,paypal,0,11.44,1,1374,2020,0.0943,13-24,0,0.263
C101247,2019-02-06,2020-11-01,21,basic,17.18,214,1,monthly,paypal,0,10.19,0,1837,2019,0.0799,13-24,0,0.045
C101248,2022-01-06,2023-02-21,13,basic,16.99,202,1,annual,credit_card,0,15.54,0,995,2022,0.0837,13-24,0,0.071
C101249,2019-09-07,2021-01-14,16,basic,20.61,268,1,monthly,paypal,0,16.75,0,1763,2019,0.0766,13-24,0,0.059
C101250,2021-07-20,2021-09-12,1,premium,81.7,1276,1,monthly,debit_card,0,1276.0,0,1522,2021,0.064,0-3,1,0.5
C101251,2021-03-28,2021-08-13,4,standard,35.7,354,2,annual,debit_card,1,88.5,0,1552,2021,0.1006,4-6,0,0.4
C101252,2024-02-14,2024-12-08,9,basic,18.54,257,1,annual,credit_card,0,28.56,0,339,2024,0.0719,7-12,0,0.1
C101253,2021-01-26,2022-04-03,14,basic,16.4,195,1,annual,credit_card,0,13.93,0,1319,2021,0.0837,13-24,0,0.067
C101254,2018-05-11,2020-02-10,21,basic,22.37,211,2,annual,bank_transfer,0,10.05,0,2102,2018,0.1055,13-24,0,0.091
C101255,2021-04-09,2021-06-16,2,standard,39.34,545,2,monthly,debit_card,0,272.5,0,1610,2021,0.0721,0-3,0,0.667
C101256,2018-07-02,2019-05-08,10,premium,83.35,1003,1,monthly,credit_card,0,100.3,0,2380,2018,0.083,7-12,1,0.091
C101257,2018-12-30,2028-11-24,120,standard,40.75,687,1,monthly,credit_card,0,5.72,0,-1108,2018,0.0592,24+,0,0.008
C101258,2018-02-08,2018-11-08,9,standard,38.91,503,1,monthly,credit_card,0,55.89,0,2561,2018,0.0772,7-12,0,0.1
C101259,2024-12-19,2027-08-23,32,premium,78.68,1361,0,monthly,credit_card,1,42.53,0,-649,2024,0.0578,24+,1,0.0
C101260,2021-10-04,2022-06-04,8,standard,41.07,551,2,monthly,bank_transfer,1,68.88,0,1257,2021,0.0744,7-12,0,0.222
C101261,2020-07-09,2021-05-25,10,standard,36.27,580,0,annual,paypal,0,58.0,0,1632,2020,0.0624,7-12,0,0.0
C101262,2018-01-16,2019-02-21,13,standard,40.57,528,0,monthly,credit_card,0,40.62,0,2456,2018,0.0767,13-24,0,0.0
C101263,2019-05-08,2021-07-25,26,basic,20.64,168,3,monthly,credit_card,0,6.46,1,1571,2019,0.1221,24+,0,0.111
C101264,2021-12-20,2024-03-21,27,standard,36.42,467,0,annual,credit_card,0,17.3,0,601,2021,0.0778,24+,0,0.0
C101265,2021-02-05,2023-01-20,23,standard,42.79,633,0,monthly,credit_card,0,27.52,0,1027,2021,0.0675,13-24,0,0.0
C101266,2018-11-07,2019-05-13,6,standard,37.76,461,0,monthly,paypal,0,76.83,0,2375,2018,0.0817,4-6,0,0.0
C101267,2020-01-09,2024-04-11,51,basic,17.86,217,2,monthly,credit_card,0,4.25,0,580,2020,0.0819,24+,0,0.038
C101268,2019-06-30,2019-08-21,1,premium,82.43,1062,0,monthly,paypal,0,1062.0,0,2275,2019,0.0775,0-3,1,0.0
C101269,2024-09-27,2025-11-17,13,premium,74.37,1313,0,monthly,credit_card,0,101.0,0,-5,2024,0.0566,13-24,1,0.0
C101270,2018-09-08,2021-08-30,36,basic,17.66,214,1,monthly,credit_card,0,5.94,0,1535,2018,0.0821,24+,0,0.027
C101271,2020-01-29,2022-05-16,27,standard,40.8,573,1,annual,credit_card,0,21.22,0,1276,2020,0.0711,24+,0,0.036
C101272,2022-12-10,2024-02-09,14,standard,38.79,565,1,monthly,debit_card,1,40.36,0,642,2022,0.0685,13-24,0,0.067
C101273,2021-07-21,2022-06-04,10,premium,82.09,897,0,monthly,bank_transfer,0,89.7,0,1257,2021,0.0914,7-12,1,0.0
C101274,2022-06-20,2028-01-10,67,premium,83.14,1030,1,annual,credit_card,0,15.37,0,-789,2022,0.0806,24+,1,0.015
C101275,2023-03-30,2025-05-18,26,standard,37.68,433,0,annual,credit_card,0,16.65,0,178,2023,0.0868,24+,0,0.0
C101276,2020-03-24,2020-12-12,8,basic,21.27,215,0,monthly,credit_card,0,26.88,0,1796,2020,0.0985,7-12,0,0.0
C101277,2018-01-29,2019-01-23,11,basic,19.63,193,3,annual,debit_card,0,17.55,1,2485,2018,0.1012,7-12,0,0.25
C101278,2020-08-15,2023-05-18,33,standard,38.95,451,5,monthly,credit_card,1,13.67,1,909,2020,0.0862,24+,0,0.147
C101279,2023-07-26,2023-12-22,4,basic,20.67,232,3,monthly,paypal,0,58.0,1,691,2023,0.0887,4-6,0,0.6
C101280,2019-04-22,2021-08-28,28,standard,36.79,529,0,monthly,credit_card,1,18.89,0,1537,2019,0.0694,24+,0,0.0
C101281,2018-11-14,2021-04-07,29,standard,38.63,597,2,monthly,credit_card,0,20.59,0,1680,2018,0.0646,24+,0,0.067
C101282,2018-09-02,2019-01-05,4,basic,22.48,231,3,annual,credit_card,0,57.75,1,2503,2018,0.0969,4-6,0,0.6
C101283,2020-01-18,2022-09-18,32,standard,38.61,358,0,monthly,paypal,0,11.19,0,1151,2020,0.1075,24+,0,0.0
C101284,2019-11-28,2020-04-27,5,basic,24.15,242,1,monthly,debit_card,0,48.4,0,2025,2019,0.0994,4-6,0,0.167
C101285,2018-09-29,2022-02-19,41,standard,39.2,545,0,annual,bank_transfer,0,13.29,0,1362,2018,0.0718,24+,0,0.0
C101286,2022-11-07,2022-12-11,1,basic,28.16,210,2,monthly,credit_card,0,210.0,0,1067,2022,0.1335,0-3,0,1.0
C101287,2021-06-16,2021-09-14,3,basic,22.77,207,6,monthly,paypal,0,69.0,1,1520,2021,0.1095,0-3,0,1.5
C101288,2024-08-21,2028-07-01,47,standard,42.37,376,0,monthly,credit_card,0,8.0,0,-962,2024,0.1124,24+,0,0.0
C101289,2018-09-23,2020-02-13,16,premium,73.49,1289,0,annual,credit_card,0,80.56,0,2099,2018,0.057,13-24,1,0.0
C101290,2020-07-09,2021-01-16,6,basic,21.95,121,0,monthly,debit_card,0,20.17,0,1761,2020,0.1799,4-6,0,0.0
C101291,2018-12-06,2019-04-10,4,basic,18.5,148,2,annual,debit_card,0,37.0,0,2408,2018,0.1242,4-6,0,0.4
C101292,2019-01-24,2021-04-07,26,basic,17.99,222,2,monthly,credit_card,0,8.54,0,1680,2019,0.0807,24+,0,0.074
C101293,2023-08-13,2026-06-11,34,basic,22.47,197,0,monthly,paypal,0,5.79,0,-211,2023,0.1135,24+,0,0.0
C101294,2021-03-11,2022-05-17,14,basic,17.07,241,3,monthly,credit_card,0,17.21,1,1275,2021,0.0705,13-24,0,0.2
C101295,2019-01-11,2022-11-13,46,standard,43.89,459,0,monthly,credit_card,0,9.98,0,1095,2019,0.0954,24+,0,0.0
C101296,2023-07-27,2024-08-31,13,basic,20.93,231,3,monthly,credit_card,0,17.77,1,438,2023,0.0902,13-24,0,0.214
C101297,2024-06-29,2028-09-14,51,basic,21.83,282,1,annual,debit_card,0,5.53,0,-1037,2024,0.0771,24+,0,0.019
C101298,2018-05-26,2022-03-20,46,standard,42.75,520,1,monthly,credit_card,1,11.3,0,1333,2018,0.0821,24+,0,0.021
C101299,2023-06-05,2027-07-25,50,basic,15.04,215,3,annual,credit_card,1,4.3,1,-620,2023,0.0696,24+,0,0.059
C101300,2018-10-20,2022-02-12,40,basic,16.61,152,1,annual,credit_card,0,3.8,0,1369,2018,0.1086,24+,0,0.024
C101301,2019-03-08,2019-04-21,1,premium,83.56,993,0,monthly,credit_card,0,993.0,0,2397,2019,0.0841,0-3,1,0.0
C101302,2019-12-06,2020-09-10,9,standard,36.68,354,1,monthly,debit_card,0,39.33,0,1889,2019,0.1033,7-12,0,0.1
C101303,2023-06-22,2030-06-08,84,basic,18.7,97,0,annual,debit_card,0,1.15,0,-1669,2023,0.1908,24+,0,0.0
C101304,2019-02-03,2019-10-28,8,basic,29.73,264,4,monthly,credit_card,0,33.0,1,2207,2019,0.1122,7-12,0,0.444
C101305,2020-08-21,2021-05-18,9,basic,17.01,235,2,monthly,credit_card,0,26.11,0,1639,2020,0.0721,7-12,0,0.2
C101306,2024-02-13,2024-10-02,7,standard,42.8,544,0,monthly,debit_card,0,77.71,0,406,2024,0.0785,7-12,0,0.0
C101307,2023-08-04,2024-01-28,5,standard,38.16,434,0,monthly,credit_card,1,86.8,0,654,2023,0.0877,4-6,0,0.0
C101308,2023-01-03,2023-04-04,3,standard,32.62,576,2,monthly,bank_transfer,0,192.0,0,953,2023,0.0565,0-3,0,0.5
C101309,2023-10-10,2024-09-02,10,standard,41.99,446,1,monthly,debit_card,0,44.6,0,436,2023,0.0939,7-12,0,0.091
C101310,2020-07-27,2022-04-29,21,premium,77.22,1244,0,annual,debit_card,0,59.24,0,1293,2020,0.062,13-24,1,0.0
C101311,2019-12-11,2025-10-22,71,basic,20.11,206,2,monthly,credit_card,0,2.9,0,21,2019,0.0971,24+,0,0.028
C101312,2020-03-17,2020-06-20,3,basic,21.59,275,2,monthly,credit_card,1,91.67,0,1971,2020,0.0782,0-3,0,0.5
C101313,2022-01-03,2024-01-30,25,basic,15.59,257,1,annual,paypal,0,10.28,0,652,2022,0.0604,24+,0,0.038
C101314,2021-08-18,2023-09-07,25,basic,22.17,203,2,monthly,debit_card,0,8.12,0,797,2021,0.1087,24+,0,0.077
C101315,2018-01-11,2021-01-10,36,standard,38.46,529,0,monthly,credit_card,0,14.69,0,1767,2018,0.0726,24+,0,0.0
C101316,2020-12-21,2023-10-30,34,basic,22.02,273,1,monthly,credit_card,0,8.03,0,744,2020,0.0804,24+,0,0.029
C101317,2023-02-12,2023-04-12,1,standard,38.39,619,5,monthly,debit_card,0,619.0,1,945,2023,0.0619,0-3,0,2.5
C101318,2024-03-23,2025-06-28,15,standard,33.99,478,2,annual,credit_card,0,31.87,0,137,2024,0.071,13-24,0,0.125
C101319,2020-02-11,2022-09-25,31,standard,41.77,401,2,monthly,credit_card,0,12.94,0,1144,2020,0.1039,24+,0,0.062
C101320,2022-05-14,2023-01-24,8,basic,18.53,184,2,monthly,credit_card,0,23.0,0,1023,2022,0.1002,7-12,0,0.222
C101321,2022-05-27,2023-12-03,18,basic,18.35,153,3,annual,bank_transfer,0,8.5,1,710,2022,0.1192,13-24,0,0.158
C101322,2021-08-26,2021-10-20,1,basic,20.5,323,2,monthly,credit_card,0,323.0,0,1484,2021,0.0633,0-3,0,1.0
C101323,2020-06-03,2021-05-13,11,premium,79.24,1389,0,monthly,bank_transfer,0,126.27,0,1644,2020,0.057,7-12,1,0.0
C101324,2021-10-21,2021-12-15,1,basic,17.94,208,1,annual,credit_card,0,208.0,0,1428,2021,0.0858,0-3,0,0.5
C101325,2018-08-14,2019-07-26,11,basic,15.25,149,4,monthly,paypal,0,13.55,1,2301,2018,0.1017,7-12,0,0.333
C101326,2020-04-04,2022-07-08,27,basic,19.99,153,0,monthly,paypal,0,5.67,0,1223,2020,0.1298,24+,0,0.0
C101327,2024-03-15,2026-03-04,23,standard,41.09,546,0,annual,debit_card,0,23.74,0,-112,2024,0.0751,13-24,0,0.0
C101328,2020-07-25,2021-11-13,15,premium,81.19,1042,1,monthly,paypal,0,69.47,0,1460,2020,0.0778,13-24,1,0.062
C101329,2024-12-28,2025-02-28,2,basic,20.09,150,1,annual,debit_card,0,75.0,0,257,2024,0.133,0-3,0,0.333
C101330,2024-04-25,2026-03-22,23,standard,37.09,470,1,monthly,debit_card,0,20.43,0,-130,2024,0.0787,13-24,0,0.042
C101331,2023-03-27,2024-02-13,10,basic,25.26,280,0,monthly,credit_card,0,28.0,0,638,2023,0.0899,7-12,0,0.0
C101332,2022-12-02,2025-10-14,34,basic,21.98,146,0,monthly,credit_card,1,4.29,0,29,2022,0.1495,24+,0,0.0
C101333,2018-02-23,2020-09-23,31,basic,23.64,170,3,annual,debit_card,1,5.48,1,1876,2018,0.1382,24+,0,0.094
C101334,2019-12-28,2023-10-11,46,standard,36.88,522,5,monthly,credit_card,0,11.35,1,763,2019,0.0705,24+,0,0.106
C101335,2022-03-25,2023-02-01,10,standard,48.4,542,1,monthly,credit_card,0,54.2,0,1015,2022,0.0891,7-12,0,0.091
C101336,2020-11-09,2021-08-04,8,basic,13.1,211,1,annual,credit_card,0,26.38,0,1561,2020,0.0618,7-12,0,0.111
C101337,2023-03-29,2027-06-23,51,basic,21.12,203,3,monthly,bank_transfer,0,3.98,1,-588,2023,0.1035,24+,0,0.058
C101338,2022-11-12,2024-05-15,18,basic,22.7,157,1,annual,debit_card,0,8.72,0,546,2022,0.1437,13-24,0,0.053
C101339,2022-05-16,2023-02-13,9,basic,20.12,214,1,monthly,credit_card,0,23.78,0,1003,2022,0.0936,7-12,0,0.1
C101340,2023-03-30,2024-08-02,16,standard,40.28,458,2,annual,debit_card,0,28.62,0,467,2023,0.0878,13-24,0,0.118
C101341,2024-10-02,2025-04-12,6,basic,18.83,141,0,monthly,credit_card,0,23.5,0,214,2024,0.1326,4-6,0,0.0
C101342,2020-04-29,2023-08-26,40,standard,39.12,413,1,monthly,paypal,0,10.32,0,809,2020,0.0945,24+,0,0.024
C101343,2023-10-11,2025-02-02,16,basic,15.66,204,3,monthly,debit_card,0,12.75,1,283,2023,0.0764,13-24,0,0.176
C101344,2024-03-13,2024-11-08,8,basic,24.02,138,0,monthly,credit_card,0,17.25,0,369,2024,0.1728,7-12,0,0.0
C101345,2018-01-03,2018-05-27,4,standard,42.0,522,1,monthly,debit_card,0,130.5,0,2726,2018,0.0803,4-6,0,0.2
C101346,2018-06-09,2019-12-15,18,standard,38.42,428,0,monthly,credit_card,0,23.78,0,2159,2018,0.0896,13-24,0,0.0
C101347,2020-02-20,2021-07-02,16,basic,15.99,323,2,annual,credit_card,0,20.19,0,1594,2020,0.0494,13-24,0,0.118
C101348,2020-06-11,2021-07-08,13,standard,44.81,505,2,monthly,credit_card,0,38.85,0,1588,2020,0.0886,13-24,0,0.143
C101349,2023-07-24,2029-04-21,69,basic,24.52,163,1,monthly,credit_card,0,2.36,0,-1256,2023,0.1495,24+,0,0.014
C101350,2024-07-04,2025-08-03,13,basic,19.02,213,2,annual,credit_card,0,16.38,0,101,2024,0.0889,13-24,0,0.143
C101351,2019-08-03,2020-12-21,16,basic,20.32,194,2,monthly,debit_card,0,12.12,0,1787,2019,0.1042,13-24,0,0.118
C101352,2023-04-18,2033-08-23,126,premium,84.57,1199,0,monthly,credit_card,0,9.52,0,-2841,2023,0.0705,,1,0.0
C101353,2021-10-12,2024-01-16,27,basic,19.55,217,0,monthly,paypal,0,8.04,0,666,2021,0.0897,24+,0,0.0
C101354,2021-07-14,2022-10-04,14,basic,21.65,164,2,annual,debit_card,0,11.71,0,1135,2021,0.1312,13-24,0,0.133
C101355,2022-06-29,2023-12-16,17,basic,15.8,155,3,annual,credit_card,0,9.12,1,697,2022,0.1013,13-24,0,0.167
C101356,2020-08-09,2022-01-17,17,standard,34.1,534,1,monthly,credit_card,0,31.41,0,1395,2020,0.0637,13-24,0,0.056
C101357,2020-09-14,2021-06-26,9,premium,84.18,1179,0,monthly,credit_card,0,131.0,0,1600,2020,0.0713,7-12,1,0.0
C101358,2021-05-03,2024-09-01,40,standard,38.75,430,0,monthly,credit_card,0,10.75,0,437,2021,0.0899,24+,0,0.0
C101359,2020-07-09,2020-09-22,2,basic,22.09,177,2,annual,credit_card,1,88.5,0,1877,2020,0.1241,0-3,0,0.667
C101360,2021-09-17,2021-11-07,1,premium,79.55,1458,0,monthly,credit_card,1,1458.0,0,1466,2021,0.0545,0-3,1,0.0
C101361,2018-06-19,2019-12-02,17,basic,20.72,197,2,monthly,credit_card,1,11.59,0,2172,2018,0.1046,13-24,0,0.111
C101362,2019-06-05,2020-06-11,12,basic,20.58,110,2,annual,credit_card,1,9.17,0,1980,2019,0.1854,7-12,0,0.154
C101363,2022-01-26,2024-06-25,29,standard,37.68,474,1,monthly,credit_card,0,16.34,0,505,2022,0.0793,24+,0,0.033
C101364,2018-02-09,2018-07-25,5,basic,21.93,85,7,monthly,debit_card,0,17.0,1,2667,2018,0.255,4-6,0,1.167
C101365,2022-04-10,2023-02-15,10,basic,15.64,140,2,monthly,credit_card,1,14.0,0,1001,2022,0.1109,7-12,0,0.182
C101366,2021-11-19,2023-01-08,13,standard,42.63,569,0,annual,debit_card,0,43.77,0,1039,2021,0.0748,13-24,0,0.0
C101367,2020-08-12,2021-05-23,9,standard,40.65,531,1,monthly,credit_card,0,59.0,0,1634,2020,0.0764,7-12,0,0.1
C101368,2020-09-10,2022-05-10,20,premium,77.28,1218,0,monthly,debit_card,0,60.9,0,1282,2020,0.0634,13-24,1,0.0
C101369,2020-09-01,2022-11-22,27,standard,38.32,382,2,monthly,credit_card,0,14.15,0,1086,2020,0.1001,24+,0,0.071
C101370,2018-02-07,2019-05-07,15,basic,19.08,232,3,annual,credit_card,0,15.47,1,2381,2018,0.0819,13-24,0,0.188
C101371,2024-07-03,2029-01-08,55,standard,44.76,531,0,monthly,credit_card,0,9.65,0,-1153,2024,0.0841,24+,0,0.0
C101372,2021-06-28,2023-07-28,25,basic,20.12,128,0,annual,bank_transfer,0,5.12,0,838,2021,0.156,24+,0,0.0
C101373,2021-04-14,2023-09-28,29,basic,21.3,125,3,monthly,credit_card,1,4.31,1,776,2021,0.169,24+,0,0.1
C101374,2022-06-14,2022-09-20,3,basic,22.96,280,2,annual,credit_card,0,93.33,0,1149,2022,0.0817,0-3,0,0.5
C101375,2020-07-02,2022-04-08,21,basic,23.53,201,1,monthly,debit_card,0,9.57,0,1314,2020,0.1165,13-24,0,0.045
C101376,2019-03-30,2024-02-10,59,basic,20.02,171,2,monthly,bank_transfer,1,2.9,0,641,2019,0.1164,24+,0,0.033
C101377,2018-02-06,2019-11-24,21,standard,37.41,571,1,monthly,credit_card,1,27.19,0,2180,2018,0.0654,13-24,0,0.045
C101378,2022-09-08,2022-10-30,1,premium,75.08,999,0,monthly,bank_transfer,1,999.0,0,1109,2022,0.0751,0-3,1,0.0
C101379,2020-03-06,2020-09-20,6,basic,18.65,225,3,monthly,debit_card,1,37.5,1,1879,2020,0.0825,4-6,0,0.429
C101380,2020-08-30,2022-02-10,17,premium,83.63,1380,0,annual,credit_card,0,81.18,0,1371,2020,0.0606,13-24,1,0.0
C101381,2019-08-16,2022-05-13,33,standard,38.48,489,0,monthly,bank_transfer,0,14.82,0,1279,2019,0.0785,24+,0,0.0
C101382,2021-02-11,2022-01-10,11,basic,16.86,259,0,monthly,debit_card,1,23.55,0,1402,2021,0.0648,7-12,0,0.0
C101383,2021-08-17,2023-03-06,18,premium,81.3,1174,0,monthly,credit_card,0,65.22,0,982,2021,0.0692,13-24,1,0.0
C101384,2024-03-21,2028-01-20,46,premium,74.95,1042,1,monthly,paypal,0,22.65,0,-799,2024,0.0719,24+,1,0.021
C101385,2018-11-14,2019-02-28,3,premium,79.64,1344,0,annual,credit_card,0,448.0,0,2449,2018,0.0592,0-3,1,0.0
C101386,2024-07-24,2028-04-07,45,premium,74.45,1243,1,annual,credit_card,1,27.62,0,-877,2024,0.0598,24+,1,0.022
C101387,2023-12-03,2024-03-28,3,basic,16.23,207,1,monthly,credit_card,0,69.0,0,594,2023,0.078,0-3,0,0.25
C101388,2021-09-08,2026-12-21,64,standard,37.66,569,1,monthly,paypal,0,8.89,0,-404,2021,0.0661,24+,0,0.015
C101389,2022-05-11,2022-11-12,6,standard,37.7,406,1,monthly,credit_card,1,67.67,0,1096,2022,0.0926,4-6,0,0.143
C101390,2023-03-05,2023-04-12,1,basic,20.38,289,1,annual,debit_card,1,289.0,0,945,2023,0.0703,0-3,0,0.5
C101391,2023-09-19,2025-04-02,18,basic,21.93,178,1,annual,credit_card,0,9.89,0,224,2023,0.1225,13-24,0,0.053
C101392,2023-06-20,2024-08-16,14,standard,42.47,633,6,annual,credit_card,0,45.21,1,453,2023,0.067,13-24,0,0.4
C101393,2022-11-08,2023-01-20,2,basic,22.8,124,2,monthly,debit_card,0,62.0,0,1027,2022,0.1824,0-3,0,0.667
C101394,2021-08-05,2022-09-21,13,basic,22.01,127,3,monthly,credit_card,1,9.77,1,1148,2021,0.172,13-24,0,0.214
C101395,2021-07-09,2022-01-14,6,basic,23.06,261,2,monthly,debit_card,0,43.5,0,1398,2021,0.088,4-6,0,0.286
C101396,2018-08-04,2018-12-19,4,standard,39.77,634,3,annual,bank_transfer,1,158.5,1,2520,2018,0.0626,4-6,0,0.6
C101397,2024-07-11,2024-10-08,2,standard,45.87,540,1,monthly,debit_card,0,270.0,0,400,2024,0.0848,0-3,0,0.333
C101398,2023-11-10,2029-04-03,65,premium,83.43,1109,0,annual,bank_transfer,0,17.06,0,-1238,2023,0.0752,24+,1,0.0
C101399,2024-07-28,2024-11-29,4,basic,17.84,194,2,monthly,debit_card,0,48.5,0,348,2024,0.0915,4-6,0,0.4
C101400,2022-09-01,2024-03-03,18,basic,16.14,226,2,annual,credit_card,0,12.56,0,619,2022,0.0711,13-24,0,0.105
C101401,2018-12-29,2021-01-02,24,standard,40.46,575,1,monthly,paypal,0,23.96,0,1775,2018,0.0702,13-24,0,0.04
C101402,2022-09-13,2025-10-19,37,standard,41.11,408,2,monthly,bank_transfer,0,11.03,0,24,2022,0.1005,24+,0,0.053
C101403,2021-04-08,2022-03-08,11,premium,79.99,1096,0,monthly,debit_card,1,99.64,0,1345,2021,0.0729,7-12,1,0.0
C101404,2018-12-22,2019-02-06,1,basic,15.38,187,2,annual,bank_transfer,0,187.0,0,2471,2018,0.0818,0-3,0,1.0
C101405,2018-07-10,2019-10-14,15,basic,18.79,257,2,monthly,credit_card,0,17.13,0,2221,2018,0.0728,13-24,0,0.125
C101406,2024-10-05,2025-06-13,8,standard,37.47,487,1,monthly,bank_transfer,1,60.88,0,152,2024,0.0768,7-12,0,0.111
C101407,2019-12-01,2023-08-15,45,basic,20.78,219,3,monthly,credit_card,0,4.87,1,820,2019,0.0945,24+,0,0.065
C101408,2023-08-17,2026-08-15,36,basic,19.04,196,1,monthly,debit_card,1,5.44,0,-276,2023,0.0966,24+,0,0.027
C101409,2023-12-21,2024-02-13,1,standard,43.43,445,1,monthly,bank_transfer,0,445.0,0,638,2023,0.0974,0-3,0,0.5
C101410,2019-07-11,2020-09-20,14,premium,82.37,993,0,monthly,credit_card,0,70.93,0,1879,2019,0.0829,13-24,1,0.0
C101411,2020-04-05,2020-11-04,7,standard,37.04,511,0,annual,credit_card,0,73.0,0,1834,2020,0.0723,7-12,0,0.0
C101412,2020-11-20,2022-05-29,18,basic,20.77,215,3,monthly,paypal,0,11.94,1,1263,2020,0.0962,13-24,0,0.158
C101413,2019-03-02,2021-12-09,33,basic,22.06,176,1,monthly,credit_card,0,5.33,0,1434,2019,0.1246,24+,0,0.029
C101414,2024-08-07,2031-11-18,88,basic,24.55,227,1,annual,credit_card,0,2.58,0,-2197,2024,0.1077,24+,0,0.011
C101415,2022-04-24,2022-11-17,6,basic,22.44,205,1,monthly,credit_card,0,34.17,0,1091,2022,0.1089,4-6,0,0.143
C101416,2023-10-31,2025-10-01,23,basic,18.04,202,2,monthly,paypal,0,8.78,0,42,2023,0.0889,13-24,0,0.083
C101417,2024-07-31,2027-03-18,32,basic,18.71,265,3,annual,credit_card,0,8.28,1,-491,2024,0.0703,24+,0,0.091
C101418,2019-08-12,2019-11-23,3,premium,74.6,1140,0,monthly,bank_transfer,0,380.0,0,2181,2019,0.0654,0-3,1,0.0
C101419,2023-07-06,2024-07-26,12,standard,36.24,470,2,annual,bank_transfer,0,39.17,0,474,2023,0.0769,7-12,0,0.154
C101420,2022-03-28,2022-11-28,8,basic,19.39,176,2,monthly,paypal,0,22.0,0,1080,2022,0.1095,7-12,0,0.222
C101421,2018-10-22,2021-08-08,34,premium,77.7,966,0,monthly,debit_card,0,28.41,0,1557,2018,0.0804,24+,1,0.0
C101422,2023-06-09,2024-01-07,7,basic,17.02,185,3,annual,debit_card,0,26.43,1,675,2023,0.0915,7-12,0,0.375
C101423,2021-06-01,2022-05-09,11,basic,24.2,125,1,annual,credit_card,0,11.36,0,1283,2021,0.1921,7-12,0,0.083
C101424,2022-03-29,2022-06-04,2,premium,79.03,1190,1,monthly,bank_transfer,0,595.0,0,1257,2022,0.0664,0-3,1,0.333
C101425,2022-08-18,2023-10-24,14,premium,83.33,999,0,monthly,credit_card,0,71.36,0,750,2022,0.0833,13-24,1,0.0
C101426,2021-02-10,2022-03-10,13,standard,38.16,415,1,monthly,credit_card,1,31.92,0,1343,2021,0.0917,13-24,0,0.071
C101427,2021-06-10,2022-08-19,14,basic,20.86,220,2,annual,debit_card,0,15.71,0,1181,2021,0.0944,13-24,0,0.133
C101428,2023-08-27,2024-09-10,12,basic,21.48,183,0,monthly,credit_card,0,15.25,0,428,2023,0.1167,7-12,0,0.0
C101429,2018-12-26,2019-01-26,1,standard,43.45,470,1,annual,credit_card,1,470.0,0,2482,2018,0.0923,0-3,0,0.5
C101430,2019-12-01,2020-09-17,9,basic,23.63,184,2,monthly,debit_card,0,20.44,0,1882,2019,0.1277,7-12,0,0.2
C101431,2019-03-24,2024-07-23,64,standard,42.77,533,1,monthly,bank_transfer,1,8.33,0,477,2019,0.0801,24+,0,0.015
C101432,2024-08-09,2025-05-28,9,basic,18.02,135,4,monthly,bank_transfer,0,15.0,1,168,2024,0.1325,7-12,0,0.4
C101433,2019-11-06,2020-12-27,13,basic,20.03,235,0,monthly,bank_transfer,0,18.08,0,1781,2019,0.0849,13-24,0,0.0
C101434,2020-10-04,2021-04-15,6,basic,14.91,263,2,monthly,credit_card,0,43.83,0,1672,2020,0.0565,4-6,0,0.286
C101435,2021-09-11,2023-05-24,20,standard,43.81,423,0,annual,debit_card,0,21.15,0,903,2021,0.1033,13-24,0,0.0
C101436,2024-11-19,2026-08-22,21,standard,44.24,457,1,monthly,credit_card,1,21.76,0,-283,2024,0.0966,13-24,0,0.045
C101437,2024-09-27,2025-12-30,15,basic,19.62,227,1,monthly,credit_card,0,15.13,0,-48,2024,0.0861,13-24,0,0.062
C101438,2019-08-09,2020-11-29,15,premium,83.96,1308,0,annual,paypal,0,87.2,0,1809,2019,0.0641,13-24,1,0.0
C101439,2021-06-10,2022-02-19,8,standard,38.17,576,0,monthly,debit_card,1,72.0,0,1362,2021,0.0662,7-12,0,0.0
C101440,2021-06-01,2023-11-05,29,standard,39.58,464,2,annual,debit_card,0,16.0,0,738,2021,0.0851,24+,0,0.067
C101441,2020-09-20,2022-09-25,24,basic,16.69,206,4,monthly,credit_card,0,8.58,1,1144,2020,0.0806,13-24,0,0.16
C101442,2021-12-06,2023-06-16,18,basic,17.38,190,1,monthly,bank_transfer,0,10.56,0,880,2021,0.091,13-24,0,0.053
C101443,2019-07-26,2021-07-19,24,standard,40.97,482,2,annual,credit_card,0,20.08,0,1577,2019,0.0848,13-24,0,0.08
C101444,2024-07-10,2025-04-04,8,basic,24.37,143,0,monthly,debit_card,0,17.88,0,222,2024,0.1692,7-12,0,0.0
C101445,2021-05-30,2022-04-23,10,basic,22.02,180,0,monthly,credit_card,1,18.0,0,1299,2021,0.1217,7-12,0,0.0
C101446,2023-09-16,2025-12-01,26,basic,19.19,186,4,annual,debit_card,1,7.15,1,-19,2023,0.1026,24+,0,0.148
C101447,2020-09-15,2022-04-11,19,basic,17.93,105,1,monthly,debit_card,0,5.53,0,1311,2020,0.1692,13-24,0,0.05
C101448,2018-10-05,2020-07-22,21,standard,42.77,483,2,annual,debit_card,0,23.0,0,1939,2018,0.0884,13-24,0,0.091
C101449,2021-05-04,2021-11-05,6,premium,77.66,1104,1,monthly,credit_card,0,184.0,0,1468,2021,0.0703,4-6,1,0.143
C101450,2023-03-03,2028-09-04,67,basic,25.45,98,2,monthly,credit_card,0,1.46,0,-1027,2023,0.2571,24+,0,0.029
C101451,2019-04-29,2019-06-27,1,premium,82.69,890,0,monthly,debit_card,0,890.0,0,2330,2019,0.0928,0-3,1,0.0
C101452,2021-06-19,2021-10-09,3,premium,70.01,1205,0,monthly,credit_card,1,401.67,0,1495,2021,0.0581,0-3,1,0.0
C101453,2020-01-01,2020-07-12,6,basic,22.79,262,4,annual,paypal,1,43.67,1,1949,2020,0.0867,4-6,0,0.571
C101454,2024-02-18,2025-05-13,15,standard,36.24,516,3,monthly,credit_card,0,34.4,1,183,2024,0.0701,13-24,0,0.188
C101455,2020-11-06,2021-07-25,8,premium,80.48,1252,0,monthly,credit_card,0,156.5,0,1571,2020,0.0642,7-12,1,0.0
C101456,2020-07-06,2027-04-21,82,premium,77.79,1195,2,monthly,paypal,0,14.57,0,-525,2020,0.065,24+,1,0.024
C101457,2024-09-14,2024-12-01,2,standard,39.04,591,0,monthly,debit_card,1,295.5,0,346,2024,0.0659,0-3,0,0.0
C101458,2020-06-04,2022-03-31,22,premium,84.33,1197,0,annual,credit_card,0,54.41,0,1322,2020,0.0704,13-24,1,0.0
C101459,2018-01-22,2019-04-29,15,basic,13.47,212,0,monthly,credit_card,0,14.13,0,2389,2018,0.0632,13-24,0,0.0
C101460,2019-04-19,2019-10-17,6,standard,34.28,483,0,annual,credit_card,0,80.5,0,2218,2019,0.0708,4-6,0,0.0
C101461,2024-03-07,2025-05-15,14,basic,22.33,145,0,monthly,credit_card,0,10.36,0,181,2024,0.1529,13-24,0,0.0
C101462,2024-06-11,2026-05-11,23,basic,23.64,170,0,annual,credit_card,0,7.39,0,-180,2024,0.1382,13-24,0,0.0
C101463,2019-12-05,2024-12-11,61,premium,77.22,1375,0,annual,credit_card,0,22.54,0,336,2019,0.0561,24+,1,0.0
C101464,2019-11-18,2020-11-09,11,standard,38.76,399,1,monthly,paypal,0,36.27,0,1829,2019,0.0969,7-12,0,0.083
C101465,2018-10-12,2022-03-21,41,standard,37.81,438,0,annual,debit_card,0,10.68,0,1332,2018,0.0861,24+,0,0.0
C101466,2019-12-17,2020-07-26,7,basic,23.05,147,2,annual,credit_card,0,21.0,0,1935,2019,0.1557,7-12,0,0.25
C101467,2020-02-02,2020-12-09,10,basic,20.26,215,3,monthly,credit_card,0,21.5,1,1799,2020,0.0938,7-12,0,0.273
C101468,2021-06-04,2025-01-13,43,standard,37.11,533,2,monthly,debit_card,0,12.4,0,303,2021,0.0695,24+,0,0.045
C101469,2020-08-05,2022-09-04,25,premium,77.48,1170,0,monthly,credit_card,0,46.8,0,1165,2020,0.0662,24+,1,0.0
C101470,2024-08-25,2025-09-08,12,basic,22.55,135,2,monthly,credit_card,1,11.25,0,65,2024,0.1658,7-12,0,0.154
C101471,2024-11-12,2024-12-16,1,premium,80.44,1330,0,monthly,debit_card,0,1330.0,0,331,2024,0.0604,0-3,1,0.0
C101472,2020-10-27,2029-02-25,101,basic,21.6,262,4,annual,credit_card,0,2.59,1,-1201,2020,0.0821,24+,0,0.039
C101473,2018-01-29,2019-03-30,14,premium,79.71,1377,0,monthly,paypal,1,98.36,0,2419,2018,0.0578,13-24,1,0.0
C101474,2020-06-25,2026-05-08,71,basic,21.3,170,2,monthly,credit_card,1,2.39,0,-177,2020,0.1246,24+,0,0.028
C101475,2023-10-28,2023-12-26,1,standard,45.91,526,1,annual,credit_card,0,526.0,0,687,2023,0.0871,0-3,0,0.5
C101476,2024-11-11,2025-02-25,3,basic,23.22,203,2,annual,credit_card,0,67.67,0,260,2024,0.1138,0-3,0,0.5
C101477,2019-07-24,2019-10-28,3,basic,21.24,141,1,monthly,credit_card,0,47.0,0,2207,2019,0.1496,0-3,0,0.25
C101478,2023-06-30,2025-05-27,23,premium,79.13,1321,0,monthly,debit_card,0,57.43,0,169,2023,0.0599,13-24,1,0.0
C101479,2021-12-24,2024-07-14,31,basic,20.11,106,2,monthly,bank_transfer,0,3.42,0,486,2021,0.1879,24+,0,0.062
C101480,2020-01-08,2023-05-01,40,basic,24.38,303,3,monthly,credit_card,0,7.58,1,926,2020,0.0802,24+,0,0.073
C101481,2019-05-31,2021-05-29,24,standard,45.55,524,1,monthly,credit_card,1,21.83,0,1628,2019,0.0868,13-24,0,0.04
C101482,2023-06-24,2023-07-27,1,standard,37.68,607,0,monthly,paypal,0,607.0,0,839,2023,0.062,0-3,0,0.0
C101483,2024-09-10,2026-03-28,18,basic,19.7,267,1,monthly,credit_card,0,14.83,0,-136,2024,0.0735,13-24,0,0.053
C101484,2018-02-08,2018-04-05,1,standard,42.03,440,2,monthly,bank_transfer,0,440.0,0,2778,2018,0.0953,0-3,0,1.0
C101485,2020-06-05,2021-10-06,16,basic,22.59,164,1,monthly,credit_card,0,10.25,0,1498,2020,0.1369,13-24,0,0.059
C101486,2024-01-14,2026-09-27,32,basic,17.05,220,1,monthly,credit_card,1,6.88,0,-319,2024,0.0771,24+,0,0.03
C101487,2021-01-03,2021-10-05,9,basic,16.26,138,3,annual,credit_card,1,15.33,1,1499,2021,0.117,7-12,0,0.3
C101488,2022-12-29,2023-03-29,3,standard,37.27,634,1,annual,bank_transfer,0,211.33,0,959,2022,0.0587,0-3,0,0.25
C101489,2022-09-07,2024-07-14,22,standard,38.4,453,1,monthly,debit_card,0,20.59,0,486,2022,0.0846,13-24,0,0.043
C101490,2020-08-31,2020-12-02,3,basic,20.73,287,1,monthly,bank_transfer,0,95.67,0,1806,2020,0.072,0-3,0,0.25
C101491,2022-04-12,2022-06-04,1,standard,41.04,574,2,annual,debit_card,0,574.0,0,1257,2022,0.0714,0-3,0,1.0
C101492,2020-09-15,2027-04-24,80,premium,76.91,1117,0,annual,credit_card,0,13.96,0,-528,2020,0.0688,24+,1,0.0
C101493,2018-01-21,2020-05-16,28,basic,16.46,206,2,monthly,credit_card,0,7.36,0,2006,2018,0.0795,24+,0,0.069
C101494,2024-06-08,2027-10-28,41,basic,25.02,258,1,monthly,bank_transfer,0,6.29,0,-715,2024,0.0966,24+,0,0.024
C101495,2020-05-18,2023-10-13,41,basic,22.26,132,2,monthly,debit_card,0,3.22,0,761,2020,0.1674,24+,0,0.048
C101496,2018-03-25,2018-10-14,6,standard,41.94,483,1,monthly,credit_card,0,80.5,0,2586,2018,0.0867,4-6,0,0.143
C101497,2022-08-10,2023-05-14,9,basic,16.65,162,1,monthly,debit_card,0,18.0,0,913,2022,0.1021,7-12,0,0.1
C101498,2023-05-31,2024-08-02,14,basic,15.95,158,1,monthly,bank_transfer,0,11.29,0,467,2023,0.1003,13-24,0,0.067
C101499,2021-11-11,2022-09-13,10,basic,21.48,245,3,monthly,credit_card,0,24.5,1,1156,2021,0.0873,7-12,0,0.273
C101500,2022-03-11,2026-02-13,47,basic,17.97,172,2,annual,debit_card,0,3.66,0,-93,2022,0.1039,24+,0,0.042
C101501,2019-07-24,2019-10-08,2,basic,17.07,163,2,annual,debit_card,1,81.5,0,2227,2019,0.1041,0-3,0,0.667
C101502,2020-07-22,2021-03-04,7,standard,41.5,447,1,monthly,bank_transfer,0,63.86,0,1714,2020,0.0926,7-12,0,0.125
C101503,2023-06-04,2024-10-02,16,premium,84.6,1397,0,monthly,paypal,0,87.31,0,406,2023,0.0605,13-24,1,0.0
C101504,2023-01-30,2023-04-13,2,premium,76.72,1394,1,monthly,debit_card,0,697.0,0,944,2023,0.055,0-3,1,0.333
C101505,2020-03-03,2021-09-27,19,basic,20.04,318,1,monthly,debit_card,1,16.74,0,1507,2020,0.0628,13-24,0,0.05
C101506,2020-03-02,2021-10-29,20,basic,22.74,209,0,monthly,debit_card,0,10.45,0,1475,2020,0.1083,13-24,0,0.0
C101507,2022-12-15,2023-07-18,7,premium,77.95,991,1,monthly,paypal,0,141.57,0,848,2022,0.0786,7-12,1,0.125
C101508,2021-07-18,2022-03-16,8,standard,42.19,517,1,monthly,credit_card,0,64.62,0,1337,2021,0.0814,7-12,0,0.111
C101509,2024-12-14,2025-10-23,10,basic,26.1,217,3,annual,credit_card,0,21.7,1,20,2024,0.1197,7-12,0,0.273
C101510,2024-03-05,2025-07-26,16,basic,19.27,199,0,monthly,credit_card,0,12.44,0,109,2024,0.0963,13-24,0,0.0
C101511,2022-05-27,2023-07-25,14,basic,21.41,239,1,monthly,credit_card,0,17.07,0,841,2022,0.0892,13-24,0,0.067
C101512,2020-12-19,2024-02-13,38,premium,78.84,1038,0,annual,paypal,0,27.32,0,638,2020,0.0759,24+,1,0.0
C101513,2024-10-13,2025-07-13,9,basic,18.04,200,1,monthly,credit_card,0,22.22,0,122,2024,0.0898,7-12,0,0.1
C101514,2020-09-11,2021-01-21,4,standard,42.28,567,1,monthly,credit_card,0,141.75,0,1756,2020,0.0744,4-6,0,0.2
C101515,2022-08-08,2025-04-23,32,premium,78.84,1255,3,monthly,debit_card,0,39.22,1,203,2022,0.0628,24+,1,0.091
C101516,2019-06-04,2020-03-31,10,standard,41.04,485,3,monthly,credit_card,0,48.5,1,2052,2019,0.0844,7-12,0,0.273
C101517,2019-08-14,2019-09-23,1,basic,17.64,282,3,annual,paypal,1,282.0,1,2242,2019,0.0623,0-3,0,1.5
C101518,2020-11-16,2022-04-29,17,basic,21.69,250,1,annual,credit_card,0,14.71,0,1293,2020,0.0864,13-24,0,0.056
C101519,2022-09-06,2025-03-08,30,basic,17.3,232,1,monthly,credit_card,1,7.73,0,249,2022,0.0742,24+,0,0.032
C101520,2023-07-29,2026-07-29,36,basic,18.43,267,3,annual,credit_card,0,7.42,1,-259,2023,0.0688,24+,0,0.081
C101521,2024-02-25,2025-09-07,18,basic,17.73,251,0,annual,credit_card,0,13.94,0,66,2024,0.0704,13-24,0,0.0
C101522,2024-08-31,2025-12-19,15,premium,76.67,1027,1,annual,debit_card,1,68.47,0,-37,2024,0.0746,13-24,1,0.062
C101523,2018-12-15,2019-12-10,12,standard,41.35,493,3,monthly,paypal,0,41.08,1,2164,2018,0.0837,7-12,0,0.231
C101524,2020-08-17,2021-05-29,9,standard,38.8,375,0,monthly,paypal,0,41.67,0,1628,2020,0.1032,7-12,0,0.0
C101525,2023-05-18,2025-08-24,27,premium,82.59,986,0,monthly,debit_card,0,36.52,0,80,2023,0.0837,24+,1,0.0
C101526,2019-11-24,2020-07-08,7,basic,18.63,246,2,monthly,credit_card,0,35.14,0,1953,2019,0.0754,7-12,0,0.25
C101527,2022-04-09,2023-11-24,19,premium,79.55,1436,0,annual,credit_card,0,75.58,0,719,2022,0.0554,13-24,1,0.0
C101528,2019-01-13,2020-08-28,19,standard,45.98,613,7,monthly,paypal,0,32.26,1,1902,2019,0.0749,13-24,0,0.35
C101529,2019-06-11,2022-03-24,33,basic,23.27,164,2,monthly,paypal,0,4.97,0,1329,2019,0.141,24+,0,0.059
C101530,2024-03-03,2024-04-08,1,basic,21.26,187,1,annual,paypal,0,187.0,0,583,2024,0.1131,0-3,0,0.5
C101531,2024-11-07,2028-10-26,48,standard,45.45,442,2,monthly,credit_card,0,9.21,0,-1079,2024,0.1026,24+,0,0.041
C101532,2021-06-13,2023-04-18,22,basic,15.44,237,1,annual,debit_card,1,10.77,0,939,2021,0.0649,13-24,0,0.043
C101533,2023-02-19,2024-12-21,22,standard,42.63,519,0,monthly,paypal,1,23.59,0,326,2023,0.082,13-24,0,0.0
C101534,2022-10-30,2025-02-09,27,basic,16.79,221,3,monthly,paypal,1,8.19,1,276,2022,0.0756,24+,0,0.107
C101535,2019-06-05,2020-06-02,12,standard,38.43,563,1,monthly,credit_card,0,46.92,0,1989,2019,0.0681,7-12,0,0.077
C101536,2022-08-29,2022-11-25,2,basic,20.36,193,1,annual,debit_card,0,96.5,0,1083,2022,0.1049,0-3,0,0.333
C101537,2020-10-13,2021-06-22,8,basic,17.53,193,0,annual,paypal,0,24.12,0,1604,2020,0.0904,7-12,0,0.0
C101538,2020-10-10,2021-11-11,13,premium,78.46,1433,0,annual,credit_card,0,110.23,0,1462,2020,0.0547,13-24,1,0.0
C101539,2024-12-23,2026-02-14,13,standard,34.05,461,2,monthly,bank_transfer,0,35.46,0,-94,2024,0.0737,13-24,0,0.143
C101540,2018-04-27,2018-06-09,1,standard,42.96,333,0,annual,debit_card,0,333.0,0,2713,2018,0.1286,0-3,0,0.0
C101541,2024-08-30,2026-08-15,23,basic,17.64,125,2,monthly,credit_card,0,5.43,0,-276,2024,0.14,13-24,0,0.083
C101542,2021-09-29,2021-11-19,1,standard,43.78,362,0,annual,credit_card,0,362.0,0,1454,2021,0.1206,0-3,0,0.0
C101543,2019-08-07,2020-11-09,15,basic,13.47,227,4,monthly,bank_transfer,0,15.13,1,1829,2019,0.0591,13-24,0,0.25
C101544,2019-01-30,2020-01-15,11,basic,23.68,185,1,monthly,credit_card,0,16.82,0,2128,2019,0.1273,7-12,0,0.083
C101545,2020-12-23,2022-12-16,24,standard,43.02,658,1,monthly,credit_card,0,27.42,0,1062,2020,0.0653,13-24,0,0.04
C101546,2018-03-13,2022-01-10,46,basic,22.77,297,1,annual,paypal,0,6.46,0,1402,2018,0.0764,24+,0,0.021
C101547,2018-10-01,2020-06-12,20,basic,17.47,155,0,monthly,credit_card,1,7.75,0,1979,2018,0.112,13-24,0,0.0
C101548,2023-07-07,2025-01-07,18,standard,39.45,491,0,monthly,paypal,0,27.28,0,309,2023,0.0802,13-24,0,0.0
C101549,2021-09-05,2022-04-21,7,standard,43.64,488,1,monthly,bank_transfer,0,69.71,0,1301,2021,0.0892,7-12,0,0.125
C101550,2018-12-04,2024-12-29,73,standard,43.87,449,0,annual,debit_card,0,6.15,0,318,2018,0.0975,24+,0,0.0
C101551,2021-10-21,2024-04-20,30,basic,20.45,194,0,monthly,paypal,0,6.47,0,571,2021,0.1049,24+,0,0.0
C101552,2019-08-30,2023-06-21,46,basic,20.35,258,4,annual,debit_card,1,5.61,1,875,2019,0.0786,24+,0,0.085
C101553,2018-06-15,2019-06-21,12,basic,23.11,265,3,monthly,bank_transfer,0,22.08,1,2336,2018,0.0869,7-12,0,0.231
C101554,2022-04-17,2024-09-17,29,premium,76.99,1187,0,annual,paypal,0,40.93,0,421,2022,0.0648,24+,1,0.0
C101555,2023-08-21,2028-08-09,60,standard,34.81,609,0,annual,bank_transfer,1,10.15,0,-1001,2023,0.0571,24+,0,0.0
C101556,2021-08-17,2024-08-04,36,basic,19.5,271,2,monthly,paypal,0,7.53,0,465,2021,0.0717,24+,0,0.054
C101557,2019-12-30,2020-06-09,5,basic,18.46,194,0,annual,debit_card,0,38.8,0,1982,2019,0.0947,4-6,0,0.0
C101558,2023-08-06,2028-09-20,62,basic,20.59,164,0,annual,credit_card,0,2.65,0,-1043,2023,0.1248,24+,0,0.0
C101559,2018-04-12,2020-05-15,25,basic,19.85,277,1,monthly,debit_card,0,11.08,0,2007,2018,0.0714,24+,0,0.038
C101560,2021-11-16,2022-07-31,8,standard,43.96,346,3,monthly,paypal,0,43.25,1,1200,2021,0.1267,7-12,0,0.333
C101561,2020-02-18,2024-01-03,47,basic,23.02,246,0,monthly,debit_card,0,5.23,0,679,2020,0.0932,24+,0,0.0
C101562,2018-08-02,2019-06-04,10,standard,39.85,582,2,monthly,bank_transfer,0,58.2,0,2353,2018,0.0684,7-12,0,0.182
C101563,2021-01-16,2022-10-07,20,standard,35.21,461,3,monthly,debit_card,0,23.05,1,1132,2021,0.0762,13-24,0,0.143
C101564,2022-04-26,2023-06-18,13,basic,23.04,253,1,monthly,credit_card,0,19.46,0,878,2022,0.0907,13-24,0,0.071
C101565,2024-09-14,2026-12-14,27,basic,22.78,161,4,annual,credit_card,0,5.96,1,-397,2024,0.1406,24+,0,0.143
C101566,2022-08-23,2023-04-22,8,standard,39.68,493,3,annual,credit_card,0,61.62,1,935,2022,0.0803,7-12,0,0.333
C101567,2019-08-15,2022-04-07,32,basic,21.09,102,2,annual,credit_card,0,3.19,0,1315,2019,0.2048,24+,0,0.061
C101568,2021-08-26,2030-07-05,107,standard,38.88,462,3,annual,credit_card,1,4.32,1,-1696,2021,0.084,24+,0,0.028
C101569,2021-01-14,2021-04-15,3,basic,22.21,142,1,annual,credit_card,0,47.33,0,1672,2021,0.1553,0-3,0,0.25
C101570,2023-11-10,2025-05-07,18,standard,33.35,408,2,annual,paypal,0,22.67,0,189,2023,0.0815,13-24,0,0.105
C101571,2019-12-15,2020-03-22,3,basic,21.97,223,0,monthly,credit_card,0,74.33,0,2061,2019,0.0981,0-3,0,0.0
C101572,2020-07-24,2022-02-23,19,premium,81.63,1232,0,monthly,credit_card,0,64.84,0,1358,2020,0.0662,13-24,1,0.0
C101573,2023-05-06,2024-06-19,13,premium,79.76,1165,2,annual,credit_card,0,89.62,0,511,2023,0.0684,13-24,1,0.143
C101574,2018-08-30,2019-06-10,9,basic,22.49,210,3,annual,credit_card,0,23.33,1,2347,2018,0.1066,7-12,0,0.3
C101575,2023-08-06,2027-10-01,50,premium,80.41,1347,1,annual,paypal,0,26.94,0,-688,2023,0.0597,24+,1,0.02
C101576,2018-01-02,2018-02-04,1,basic,14.65,83,0,annual,credit_card,0,83.0,0,2838,2018,0.1744,0-3,0,0.0
C101577,2024-03-22,2024-10-20,7,basic,21.38,179,1,monthly,paypal,0,25.57,0,388,2024,0.1188,7-12,0,0.125
C101578,2022-11-04,2023-07-26,8,basic,14.88,230,3,monthly,credit_card,1,28.75,1,840,2022,0.0644,7-12,0,0.333
C101579,2023-05-04,2023-11-09,6,standard,37.09,484,1,annual,credit_card,0,80.67,0,734,2023,0.0765,4-6,0,0.143
C101580,2023-12-04,2024-03-23,3,standard,39.95,470,1,annual,credit_card,0,156.67,0,599,2023,0.0848,0-3,0,0.25
C101581,2020-07-06,2024-03-08,44,basic,21.68,207,2,monthly,credit_card,1,4.7,0,614,2020,0.1042,24+,0,0.044
C101582,2024-02-20,2024-08-02,5,basic,17.86,158,2,monthly,credit_card,0,31.6,0,467,2024,0.1123,4-6,0,0.333
C101583,2018-03-31,2020-07-26,28,basic,15.48,169,2,monthly,debit_card,0,6.04,0,1935,2018,0.0911,24+,0,0.069
C101584,2022-09-06,2027-05-29,57,basic,21.88,160,1,monthly,credit_card,0,2.81,0,-563,2022,0.1359,24+,0,0.017
C101585,2023-12-10,2024-01-20,1,basic,16.92,196,1,annual,credit_card,0,196.0,0,662,2023,0.0859,0-3,0,0.5
C101586,2018-05-23,2022-01-18,44,standard,42.57,475,2,annual,debit_card,0,10.8,0,1394,2018,0.0894,24+,0,0.044
C101587,2018-04-16,2019-12-19,20,basic,24.62,214,0,annual,credit_card,1,10.7,0,2155,2018,0.1145,13-24,0,0.0
C101588,2020-06-05,2022-10-04,28,standard,41.37,621,2,annual,debit_card,0,22.18,0,1135,2020,0.0665,24+,0,0.069
C101589,2019-03-04,2023-08-23,54,standard,36.65,461,3,monthly,paypal,0,8.54,1,812,2019,0.0793,24+,0,0.055
C101590,2021-08-21,2024-05-26,33,standard,39.01,474,2,monthly,credit_card,0,14.36,0,535,2021,0.0821,24+,0,0.059
C101591,2023-03-11,2025-03-17,24,basic,19.76,199,1,monthly,credit_card,0,8.29,0,240,2023,0.0988,13-24,0,0.04
C101592,2023-06-18,2024-04-28,10,standard,45.91,372,2,annual,credit_card,0,37.2,0,563,2023,0.1231,7-12,0,0.182
C101593,2018-11-13,2019-04-11,4,premium,81.56,1178,0,monthly,debit_card,1,294.5,0,2407,2018,0.0692,4-6,1,0.0
C101594,2023-06-10,2027-04-08,46,basic,22.5,192,1,monthly,debit_card,1,4.17,0,-512,2023,0.1166,24+,0,0.021
C101595,2019-09-27,2020-07-21,9,basic,26.18,154,0,monthly,credit_card,0,17.11,0,1940,2019,0.1689,7-12,0,0.0
C101596,2023-04-10,2025-08-12,28,premium,82.28,920,0,monthly,debit_card,0,32.86,0,92,2023,0.0893,24+,1,0.0
C101597,2023-08-19,2024-08-25,12,premium,82.34,1240,0,monthly,paypal,0,103.33,0,444,2023,0.0663,7-12,1,0.0
C101598,2024-03-20,2024-05-04,1,basic,18.33,168,3,monthly,bank_transfer,1,168.0,1,557,2024,0.1085,0-3,0,1.5
C101599,2021-12-10,2027-04-05,64,basic,21.66,126,1,monthly,debit_card,0,1.97,0,-509,2021,0.1706,24+,0,0.015
C101600,2019-07-07,2019-10-18,3,basic,19.92,174,3,monthly,credit_card,0,58.0,1,2217,2019,0.1138,0-3,0,0.75
C101601,2019-12-17,2021-10-08,22,standard,40.57,637,0,annual,debit_card,0,28.95,0,1496,2019,0.0636,13-24,0,0.0
C101602,2021-07-11,2022-09-30,14,basic,20.53,204,5,monthly,credit_card,0,14.57,1,1139,2021,0.1001,13-24,0,0.333
C101603,2022-09-10,2023-04-15,7,standard,45.17,446,1,annual,credit_card,0,63.71,0,942,2022,0.1011,7-12,0,0.125
C101604,2023-02-27,2023-09-23,6,premium,77.47,1210,0,annual,paypal,0,201.67,0,781,2023,0.064,4-6,1,0.0
C101605,2021-01-12,2021-07-18,6,basic,20.56,117,2,monthly,bank_transfer,0,19.5,0,1578,2021,0.1742,4-6,0,0.286
C101606,2021-09-03,2022-04-26,7,standard,44.6,591,2,monthly,credit_card,0,84.43,0,1296,2021,0.0753,7-12,0,0.25
C101607,2018-04-21,2018-08-23,4,basic,21.2,180,3,monthly,bank_transfer,0,45.0,1,2638,2018,0.1171,4-6,0,0.6
C101608,2018-09-08,2020-06-10,21,standard,45.06,543,3,monthly,credit_card,0,25.86,1,1981,2018,0.0828,13-24,0,0.136
C101609,2024-08-27,2025-05-12,8,premium,78.01,1096,0,monthly,debit_card,0,137.0,0,184,2024,0.0711,7-12,1,0.0
C101610,2023-08-17,2024-03-09,6,standard,42.12,455,0,monthly,credit_card,0,75.83,0,613,2023,0.0924,4-6,0,0.0
C101611,2019-04-04,2019-05-20,1,basic,20.43,161,4,monthly,bank_transfer,0,161.0,1,2368,2019,0.1261,0-3,0,2.0
C101612,2021-01-12,2022-01-06,11,premium,79.3,1295,3,monthly,credit_card,0,117.73,1,1406,2021,0.0612,7-12,1,0.25
C101613,2018-07-27,2019-06-29,11,standard,40.22,562,0,monthly,bank_transfer,0,51.09,0,2328,2018,0.0714,7-12,0,0.0
C101614,2020-06-18,2020-08-03,1,standard,35.44,578,2,monthly,credit_card,0,578.0,0,1927,2020,0.0612,0-3,0,1.0
C101615,2018-01-22,2019-01-31,12,standard,39.29,563,2,monthly,credit_card,0,46.92,0,2477,2018,0.0697,7-12,0,0.154
C101616,2019-02-14,2020-03-24,13,standard,39.17,487,1,annual,credit_card,0,37.46,0,2059,2019,0.0803,13-24,0,0.071
C101617,2020-06-13,2021-06-08,12,basic,21.23,308,3,monthly,debit_card,0,25.67,1,1618,2020,0.0687,7-12,0,0.231
C101618,2019-05-30,2019-06-29,1,basic,19.65,237,3,monthly,paypal,1,237.0,1,2328,2019,0.0826,0-3,0,1.5
C101619,2020-03-19,2021-08-15,17,basic,18.84,236,4,annual,credit_card,0,13.88,1,1550,2020,0.0795,13-24,0,0.222
C101620,2020-05-23,2020-08-07,2,standard,40.59,409,1,monthly,debit_card,0,204.5,0,1923,2020,0.099,0-3,0,0.333
C101621,2018-01-14,2022-08-21,56,basic,23.51,221,0,monthly,credit_card,1,3.95,0,1179,2018,0.1059,24+,0,0.0
C101622,2020-08-28,2021-08-27,12,basic,18.08,216,2,annual,paypal,1,18.0,0,1538,2020,0.0833,7-12,0,0.154
C101623,2023-11-05,2026-01-09,26,basic,13.95,266,1,monthly,paypal,0,10.23,0,-58,2023,0.0522,24+,0,0.037
C101624,2022-04-10,2022-07-29,3,premium,77.75,1230,1,monthly,debit_card,0,410.0,0,1202,2022,0.0632,0-3,1,0.25
C101625,2021-08-17,2024-01-13,29,premium,81.34,1010,1,annual,credit_card,0,34.83,0,669,2021,0.0805,24+,1,0.033
C101626,2021-06-20,2023-08-14,26,standard,44.8,591,0,monthly,paypal,0,22.73,0,821,2021,0.0757,24+,0,0.0
C101627,2023-12-10,2025-12-25,24,premium,77.55,963,0,monthly,debit_card,0,40.12,0,-43,2023,0.0804,13-24,1,0.0
C101628,2020-01-20,2020-09-25,8,basic,17.98,258,0,annual,debit_card,0,32.25,0,1874,2020,0.0694,7-12,0,0.0
C101629,2019-11-16,2022-06-06,31,standard,40.15,411,0,annual,debit_card,1,13.26,0,1255,2019,0.0975,24+,0,0.0
C101630,2023-04-12,2025-01-12,21,basic,19.59,137,4,annual,credit_card,0,6.52,1,304,2023,0.142,13-24,0,0.182
C101631,2024-06-14,2026-02-20,20,premium,81.02,1393,2,monthly,credit_card,0,69.65,0,-100,2024,0.0581,13-24,1,0.095
C101632,2019-11-26,2020-11-09,11,standard,44.63,462,2,monthly,bank_transfer,0,42.0,0,1829,2019,0.0964,7-12,0,0.167
C101633,2024-05-24,2025-03-25,10,basic,17.87,278,1,monthly,debit_card,0,27.8,0,232,2024,0.0641,7-12,0,0.091
C101634,2018-11-03,2019-04-09,5,standard,37.23,524,0,annual,credit_card,0,104.8,0,2409,2018,0.0709,4-6,0,0.0
C101635,2023-06-13,2024-11-10,17,standard,34.4,462,2,monthly,credit_card,0,27.18,0,367,2023,0.0743,13-24,0,0.111
C101636,2019-10-24,2021-08-04,21,standard,39.9,487,0,annual,credit_card,0,23.19,0,1561,2019,0.0818,13-24,0,0.0
C101637,2019-07-03,2020-10-11,15,standard,38.62,579,2,monthly,credit_card,0,38.6,0,1858,2019,0.0666,13-24,0,0.125
C101638,2018-11-08,2018-12-28,1,basic,18.69,174,1,annual,debit_card,1,174.0,0,2511,2018,0.1068,0-3,0,0.5
C101639,2020-12-18,2021-12-22,12,basic,25.22,186,2,annual,debit_card,0,15.5,0,1421,2020,0.1349,7-12,0,0.154
C101640,2022-10-04,2023-01-24,3,basic,17.66,155,0,monthly,bank_transfer,0,51.67,0,1023,2022,0.1132,0-3,0,0.0
C101641,2020-01-25,2020-09-23,8,basic,26.05,154,3,monthly,debit_card,0,19.25,1,1876,2020,0.1681,7-12,0,0.333
C101642,2018-02-04,2019-12-27,23,basic,19.94,204,1,annual,debit_card,0,8.87,0,2147,2018,0.0973,13-24,0,0.042
C101643,2019-03-21,2022-10-13,43,standard,42.33,404,0,monthly,credit_card,0,9.4,0,1126,2019,0.1045,24+,0,0.0
C101644,2023-11-11,2028-01-25,51,basic,18.42,287,1,monthly,credit_card,0,5.63,0,-804,2023,0.064,24+,0,0.019
C101645,2023-06-06,2024-04-21,10,basic,17.31,143,0,monthly,credit_card,0,14.3,0,570,2023,0.1202,7-12,0,0.0
C101646,2021-05-15,2021-07-08,1,basic,16.31,187,3,annual,bank_transfer,0,187.0,1,1588,2021,0.0868,0-3,0,1.5
C101647,2018-12-19,2022-06-15,42,standard,42.12,427,2,monthly,credit_card,0,10.17,0,1246,2018,0.0984,24+,0,0.047
C101648,2020-06-21,2023-08-04,37,basic,18.96,256,2,monthly,credit_card,0,6.92,0,831,2020,0.0738,24+,0,0.053
C101649,2021-09-17,2021-11-04,1,standard,37.76,467,0,annual,bank_transfer,1,467.0,0,1469,2021,0.0807,0-3,0,0.0
C101650,2022-10-15,2025-08-11,34,basic,23.62,171,4,annual,paypal,0,5.03,1,93,2022,0.1373,24+,0,0.114
C101651,2018-06-08,2021-03-29,34,basic,21.46,159,2,monthly,bank_transfer,1,4.68,0,1689,2018,0.1341,24+,0,0.057
C101652,2023-06-01,2025-08-30,27,basic,18.73,191,2,annual,credit_card,0,7.07,0,74,2023,0.0976,24+,0,0.071
C101653,2020-08-14,2022-05-17,21,basic,14.51,234,0,monthly,paypal,0,11.14,0,1275,2020,0.0617,13-24,0,0.0
C101654,2023-09-03,2024-01-15,4,basic,21.25,111,1,monthly,bank_transfer,0,27.75,0,667,2023,0.1897,4-6,0,0.2
C101655,2019-02-08,2021-01-23,23,basic,17.91,170,0,annual,paypal,0,7.39,0,1754,2019,0.1047,13-24,0,0.0
C101656,2019-05-31,2019-07-22,1,standard,37.3,428,3,annual,credit_card,1,428.0,1,2305,2019,0.0869,0-3,0,1.5
C101657,2021-10-19,2022-06-11,7,basic,22.21,192,1,monthly,debit_card,0,27.43,0,1250,2021,0.1151,7-12,0,0.125
C101658,2020-08-13,2022-03-23,19,standard,39.07,467,0,annual,paypal,0,24.58,0,1330,2020,0.0835,13-24,0,0.0
C101659,2024-01-09,2028-04-22,52,standard,44.72,630,2,monthly,credit_card,0,12.12,0,-892,2024,0.0709,24+,0,0.038
C101660,2022-09-09,2025-08-31,36,standard,38.7,564,0,monthly,credit_card,0,15.67,0,73,2022,0.0685,24+,0,0.0
C101661,2019-08-31,2020-10-23,13,basic,16.46,260,0,monthly,debit_card,0,20.0,0,1846,2019,0.0631,13-24,0,0.0
C101662,2024-10-03,2027-05-06,31,basic,19.06,249,3,annual,credit_card,0,8.03,1,-540,2024,0.0762,24+,0,0.094
C101663,2021-06-27,2022-10-17,15,basic,18.49,133,1,monthly,debit_card,0,8.87,0,1122,2021,0.138,13-24,0,0.062
C101664,2022-03-16,2025-03-14,36,standard,41.17,476,0,annual,debit_card,0,13.22,0,243,2022,0.0863,24+,0,0.0
C101665,2024-07-10,2024-11-13,4,basic,22.95,230,1,monthly,bank_transfer,0,57.5,0,364,2024,0.0994,4-6,0,0.2
C101666,2021-12-12,2024-06-19,30,basic,18.3,245,1,annual,credit_card,0,8.17,0,511,2021,0.0744,24+,0,0.032
C101667,2022-12-03,2023-10-04,10,standard,42.74,621,2,monthly,paypal,0,62.1,0,770,2022,0.0687,7-12,0,0.182
C101668,2018-10-22,2021-01-07,26,basic,19.64,256,1,monthly,credit_card,0,9.85,0,1770,2018,0.0764,24+,0,0.037
C101669,2020-01-25,2021-03-04,13,standard,45.04,416,0,monthly,credit_card,0,32.0,0,1714,2020,0.108,13-24,0,0.0
C101670,2021-10-26,2022-07-17,8,basic,18.63,161,0,monthly,credit_card,0,20.12,0,1214,2021,0.115,7-12,0,0.0
C101671,2018-07-05,2021-05-03,34,standard,38.67,484,1,monthly,debit_card,0,14.24,0,1654,2018,0.0797,24+,0,0.029
C101672,2021-06-23,2021-08-04,1,premium,81.68,1039,0,monthly,credit_card,0,1039.0,0,1561,2021,0.0785,0-3,1,0.0
C101673,2019-09-29,2020-09-17,11,basic,16.22,217,2,monthly,debit_card,0,19.73,0,1882,2019,0.0744,7-12,0,0.167
C101674,2021-07-15,2024-02-11,31,premium,82.56,982,0,annual,paypal,0,31.68,0,640,2021,0.084,24+,1,0.0
C101675,2019-06-14,2019-10-06,3,premium,77.68,1377,0,monthly,credit_card,0,459.0,0,2229,2019,0.0564,0-3,1,0.0
C101676,2023-08-31,2029-12-06,76,basic,12.42,142,2,monthly,bank_transfer,0,1.87,0,-1485,2023,0.0869,24+,0,0.026
C101677,2020-03-04,2023-12-19,46,standard,41.78,480,1,monthly,bank_transfer,0,10.43,0,694,2020,0.0869,24+,0,0.021
C101678,2023-11-18,2027-09-09,46,standard,45.29,595,1,annual,credit_card,1,12.93,0,-666,2023,0.076,24+,0,0.021
C101679,2019-04-23,2021-09-27,29,standard,38.54,442,2,monthly,bank_transfer,1,15.24,0,1507,2019,0.087,24+,0,0.067
C101680,2022-06-11,2023-06-22,12,basic,25.55,168,2,monthly,credit_card,1,14.0,0,874,2022,0.1512,7-12,0,0.154
C101681,2020-07-28,2024-03-25,44,basic,21.32,129,1,monthly,debit_card,0,2.93,0,597,2020,0.164,24+,0,0.022
C101682,2019-06-10,2020-04-06,10,basic,19.27,238,2,monthly,debit_card,0,23.8,0,2046,2019,0.0806,7-12,0,0.182
C101683,2024-07-09,2026-12-22,29,basic,16.24,151,2,monthly,credit_card,1,5.21,0,-405,2024,0.1068,24+,0,0.067
C101684,2018-01-02,2021-09-06,44,basic,18.69,194,2,annual,debit_card,0,4.41,0,1528,2018,0.0958,24+,0,0.044
C101685,2019-01-10,2019-07-11,6,basic,19.22,242,1,monthly,debit_card,1,40.33,0,2316,2019,0.0791,4-6,0,0.143
C101686,2024-05-29,2026-11-10,29,basic,18.37,261,2,annual,bank_transfer,0,9.0,0,-363,2024,0.0701,24+,0,0.067
C101687,2019-07-07,2020-05-13,10,standard,42.71,520,1,monthly,credit_card,0,52.0,0,2009,2019,0.082,7-12,0,0.091
C101688,2024-06-23,2024-09-22,3,basic,10.89,148,0,annual,debit_card,0,49.33,0,416,2024,0.0731,0-3,0,0.0
C101689,2022-03-06,2023-03-18,12,basic,22.02,219,4,monthly,credit_card,1,18.25,1,970,2022,0.1001,7-12,0,0.308
C101690,2023-01-26,2023-12-12,10,basic,20.83,192,2,monthly,bank_transfer,0,19.2,0,701,2023,0.1079,7-12,0,0.182
C101691,2019-01-16,2019-11-22,10,standard,38.82,371,6,monthly,credit_card,0,37.1,1,2182,2019,0.1044,7-12,0,0.545
C101692,2022-07-05,2022-11-11,4,basic,18.62,96,3,monthly,credit_card,0,24.0,1,1097,2022,0.192,4-6,0,0.6
C101693,2018-01-14,2022-03-17,50,basic,17.7,303,1,monthly,paypal,0,6.06,0,1336,2018,0.0582,24+,0,0.02
C101694,2019-05-19,2020-02-26,9,premium,80.26,1135,1,annual,bank_transfer,0,126.11,0,2086,2019,0.0707,7-12,1,0.1
C101695,2024-03-28,2028-03-03,47,basic,23.95,171,5,annual,debit_card,0,3.64,1,-842,2024,0.1392,24+,0,0.104
C101696,2023-07-02,2024-07-25,12,standard,46.62,593,2,annual,credit_card,1,49.42,0,475,2023,0.0785,7-12,0,0.154
C101697,2018-05-10,2022-01-13,44,basic,18.34,176,1,monthly,bank_transfer,0,4.0,0,1399,2018,0.1036,24+,0,0.022
C101698,2020-04-17,2023-06-09,38,standard,46.24,606,4,annual,credit_card,0,15.95,1,887,2020,0.0762,24+,0,0.103
C101699,2023-08-03,2025-04-05,20,premium,81.14,1175,2,monthly,bank_transfer,0,58.75,0,221,2023,0.069,13-24,1,0.095
C101700,2018-01-28,2019-01-15,11,standard,43.49,476,0,monthly,credit_card,1,43.27,0,2493,2018,0.0912,7-12,0,0.0
C101701,2023-10-15,2024-07-21,9,standard,41.73,542,1,monthly,debit_card,0,60.22,0,479,2023,0.0769,7-12,0,0.1
C101702,2021-06-06,2021-12-14,6,basic,18.23,137,1,annual,paypal,0,22.83,0,1429,2021,0.1321,4-6,0,0.143
C101703,2018-09-18,2020-04-22,19,standard,48.72,518,0,monthly,credit_card,0,27.26,0,2030,2018,0.0939,13-24,0,0.0
C101704,2023-08-09,2024-11-17,15,basic,18.22,146,1,annual,credit_card,0,9.73,0,360,2023,0.1239,13-24,0,0.062
C101705,2022-01-12,2027-01-18,61,basic,19.14,118,1,monthly,paypal,0,1.93,0,-432,2022,0.1608,24+,0,0.016
C101706,2021-12-18,2025-06-21,42,basic,19.38,184,4,monthly,credit_card,0,4.38,1,144,2021,0.1048,24+,0,0.093
C101707,2019-04-05,2024-03-31,60,basic,21.06,253,5,monthly,bank_transfer,1,4.22,1,591,2019,0.0829,24+,0,0.082
C101708,2018-10-28,2021-01-16,27,premium,79.49,1176,0,annual,credit_card,0,43.56,0,1761,2018,0.0675,24+,1,0.0
C101709,2024-05-23,2026-12-09,31,basic,19.53,281,1,monthly,bank_transfer,0,9.06,0,-392,2024,0.0693,24+,0,0.031
C101710,2019-09-22,2020-08-01,10,basic,22.09,289,2,monthly,paypal,1,28.9,0,1929,2019,0.0762,7-12,0,0.182
C101711,2018-09-27,2025-01-05,76,standard,36.63,421,0,monthly,credit_card,0,5.54,0,311,2018,0.0868,24+,0,0.0
C101712,2023-06-17,2024-03-24,9,basic,23.23,184,1,monthly,debit_card,1,20.44,0,598,2023,0.1256,7-12,0,0.1
C101713,2022-06-17,2026-07-08,49,premium,81.09,1413,0,annual,credit_card,0,28.84,0,-238,2022,0.0573,24+,1,0.0
C101714,2022-12-07,2023-11-16,11,premium,81.02,1444,0,monthly,credit_card,0,131.27,0,727,2022,0.0561,7-12,1,0.0
C101715,2020-05-11,2021-07-17,14,basic,21.51,170,2,monthly,credit_card,0,12.14,0,1579,2020,0.1258,13-24,0,0.133
C101716,2021-07-04,2022-02-18,7,basic,13.6,213,5,monthly,paypal,0,30.43,1,1363,2021,0.0636,7-12,0,0.625
C101717,2023-12-21,2028-01-10,49,premium,80.42,1398,0,annual,debit_card,1,28.53,0,-789,2023,0.0575,24+,1,0.0
C101718,2022-12-05,2023-03-11,3,standard,34.79,373,1,annual,credit_card,0,124.33,0,977,2022,0.093,0-3,0,0.25
C101719,2022-09-03,2027-07-22,59,basic,18.94,217,2,monthly,credit_card,0,3.68,0,-617,2022,0.0869,24+,0,0.033
C101720,2024-06-18,2025-03-13,8,basic,23.83,199,6,monthly,credit_card,0,24.88,1,244,2024,0.1192,7-12,0,0.667
C101721,2019-07-30,2019-12-25,4,basic,18.41,244,2,monthly,credit_card,0,61.0,0,2149,2019,0.0751,4-6,0,0.4
C101722,2023-06-27,2024-03-01,8,standard,38.96,361,2,monthly,debit_card,0,45.12,0,621,2023,0.1076,7-12,0,0.222
C101723,2021-07-31,2023-12-10,28,basic,22.97,220,3,annual,paypal,0,7.86,1,703,2021,0.1039,24+,0,0.103
C101724,2023-05-11,2025-09-09,28,basic,22.4,186,2,monthly,debit_card,0,6.64,0,64,2023,0.1198,24+,0,0.069
C101725,2023-07-14,2024-05-22,10,basic,20.98,202,1,annual,paypal,0,20.2,0,539,2023,0.1033,7-12,0,0.091
C101726,2024-01-22,2025-07-09,17,basic,18.54,177,1,monthly,credit_card,0,10.41,0,126,2024,0.1042,13-24,0,0.056
C101727,2024-06-10,2027-02-25,33,standard,41.51,431,0,monthly,credit_card,0,13.06,0,-470,2024,0.0961,24+,0,0.0
C101728,2022-07-14,2023-04-21,9,standard,45.1,492,1,monthly,debit_card,0,54.67,0,936,2022,0.0915,7-12,0,0.1
C101729,2022-04-29,2024-03-16,22,basic,16.06,176,1,annual,credit_card,0,8.0,0,606,2022,0.0907,13-24,0,0.043
C101730,2023-01-22,2026-01-30,36,basic,18.52,144,5,monthly,credit_card,1,4.0,1,-79,2023,0.1277,24+,0,0.135
C101731,2024-01-13,2025-04-06,14,standard,36.26,593,0,monthly,credit_card,0,42.36,0,220,2024,0.061,13-24,0,0.0
C101732,2021-10-22,2021-12-12,1,standard,42.68,492,1,monthly,credit_card,0,492.0,0,1431,2021,0.0866,0-3,0,0.5
C101733,2022-10-09,2022-11-14,1,basic,25.16,230,1,monthly,credit_card,1,230.0,0,1094,2022,0.1089,0-3,0,0.5
C101734,2023-04-10,2025-05-19,25,standard,38.88,536,0,monthly,paypal,0,21.44,0,177,2023,0.0724,24+,0,0.0
C101735,2019-09-12,2020-08-12,11,standard,47.38,439,1,monthly,credit_card,0,39.91,0,1918,2019,0.1077,7-12,0,0.083
C101736,2021-06-28,2021-11-16,4,basic,19.27,266,2,monthly,paypal,0,66.5,0,1457,2021,0.0722,4-6,0,0.4
C101737,2020-08-14,2023-06-07,34,basic,20.04,230,0,monthly,debit_card,0,6.76,0,889,2020,0.0868,24+,0,0.0
C101738,2023-04-24,2023-08-23,4,basic,24.58,309,1,annual,credit_card,1,77.25,0,812,2023,0.0793,4-6,0,0.2
C101739,2024-07-09,2024-10-01,2,basic,16.03,180,2,annual,bank_transfer,0,90.0,0,407,2024,0.0886,0-3,0,0.667
C101740,2020-08-26,2022-03-26,19,standard,45.16,489,1,monthly,credit_card,0,25.74,0,1327,2020,0.0922,13-24,0,0.05
C101741,2021-08-09,2024-04-18,32,basic,18.58,131,3,annual,credit_card,0,4.09,1,573,2021,0.1408,24+,0,0.091
C101742,2020-11-09,2026-04-02,65,basic,23.43,120,1,annual,debit_card,0,1.85,0,-141,2020,0.1936,24+,0,0.015
C101743,2018-10-09,2019-02-07,4,basic,20.02,194,1,monthly,credit_card,1,48.5,0,2470,2018,0.1027,4-6,0,0.2
C101744,2023-12-07,2024-03-10,3,standard,34.69,447,0,annual,credit_card,1,149.0,0,612,2023,0.0774,0-3,0,0.0
C101745,2020-11-24,2023-07-28,32,standard,43.86,459,1,monthly,bank_transfer,0,14.34,0,838,2020,0.0953,24+,0,0.03
C101746,2018-07-17,2024-03-12,68,basic,21.85,265,1,monthly,debit_card,1,3.9,0,610,2018,0.0821,24+,0,0.014
C101747,2024-12-07,2026-08-17,20,basic,20.8,165,0,annual,credit_card,0,8.25,0,-278,2024,0.1253,13-24,0,0.0
C101748,2020-12-18,2021-05-02,4,basic,24.59,207,2,monthly,debit_card,0,51.75,0,1655,2020,0.1182,4-6,0,0.4
C101749,2021-03-30,2021-05-28,1,standard,41.85,362,0,monthly,credit_card,0,362.0,0,1629,2021,0.1153,0-3,0,0.0
C101750,2020-10-05,2021-05-31,7,premium,77.02,1024,0,annual,debit_card,0,146.29,0,1626,2020,0.0751,7-12,1,0.0
C101751,2021-05-14,2023-01-29,20,standard,34.68,415,2,annual,credit_card,0,20.75,0,1018,2021,0.0834,13-24,0,0.095
C101752,2020-11-01,2020-12-03,1,basic,21.55,125,4,monthly,credit_card,1,125.0,1,1805,2020,0.171,0-3,0,2.0
C101753,2019-05-05,2021-05-19,24,premium,80.9,1268,0,annual,credit_card,0,52.83,0,1638,2019,0.0638,13-24,1,0.0
C101754,2018-10-03,2019-03-19,5,basic,19.43,265,2,monthly,credit_card,0,53.0,0,2430,2018,0.073,4-6,0,0.333
C101755,2024-04-08,2026-11-01,31,basic,18.68,311,3,monthly,credit_card,0,10.03,1,-354,2024,0.0599,24+,0,0.094
C101756,2021-05-24,2026-10-27,66,standard,37.55,470,1,monthly,paypal,0,7.12,0,-349,2021,0.0797,24+,0,0.015
C101757,2021-06-28,2022-10-29,16,basic,22.43,219,0,monthly,debit_card,0,13.69,0,1110,2021,0.102,13-24,0,0.0
C101758,2018-05-06,2018-08-24,3,basic,27.06,139,1,monthly,debit_card,0,46.33,0,2637,2018,0.1933,0-3,0,0.25
C101759,2018-08-05,2020-09-08,25,basic,18.78,224,1,monthly,credit_card,0,8.96,0,1891,2018,0.0835,24+,0,0.038
C101760,2021-04-23,2021-12-11,7,basic,21.44,167,1,monthly,credit_card,1,23.86,0,1432,2021,0.1276,7-12,0,0.125
C101761,2021-05-31,2021-10-15,4,standard,38.14,546,0,monthly,debit_card,0,136.5,0,1489,2021,0.0697,4-6,0,0.0
C101762,2024-12-17,2025-07-07,6,basic,26.77,333,2,annual,credit_card,0,55.5,0,128,2024,0.0801,4-6,0,0.286
C101763,2024-10-10,2027-08-22,34,standard,42.1,545,1,annual,bank_transfer,0,16.03,0,-648,2024,0.0771,24+,0,0.029
C101764,2020-07-07,2020-08-07,1,premium,76.57,1066,1,monthly,credit_card,0,1066.0,0,1923,2020,0.0718,0-3,1,0.5
C101765,2021-08-10,2023-11-08,27,standard,43.79,505,0,annual,credit_card,0,18.7,0,735,2021,0.0865,24+,0,0.0
C101766,2024-01-08,2025-01-08,12,basic,14.08,230,1,monthly,debit_card,0,19.17,0,308,2024,0.061,7-12,0,0.077
C101767,2024-08-28,2026-11-07,26,basic,18.48,317,0,monthly,credit_card,1,12.19,0,-360,2024,0.0581,24+,0,0.0
C101768,2022-07-20,2029-02-14,80,basic,24.97,203,2,monthly,credit_card,0,2.54,0,-1190,2022,0.1224,24+,0,0.025
C101769,2018-11-04,2020-07-05,20,premium,80.17,1356,0,monthly,credit_card,1,67.8,0,1956,2018,0.0591,13-24,1,0.0
C101770,2021-09-21,2021-11-07,1,basic,16.53,223,1,monthly,debit_card,0,223.0,0,1466,2021,0.0738,0-3,0,0.5
C101771,2023-05-24,2023-11-15,5,basic,21.77,263,3,monthly,credit_card,0,52.6,1,728,2023,0.0825,4-6,0,0.5
C101772,2020-06-10,2023-10-18,40,standard,43.62,551,1,monthly,credit_card,1,13.78,0,756,2020,0.079,24+,0,0.024
C101773,2019-01-10,2021-02-18,25,standard,41.23,448,2,annual,debit_card,0,17.92,0,1728,2019,0.0918,24+,0,0.077
C101774,2023-07-27,2024-03-10,7,basic,19.68,259,8,monthly,credit_card,1,37.0,1,612,2023,0.0757,7-12,0,1.0
C101775,2021-09-26,2021-12-10,2,basic,16.91,114,1,annual,debit_card,0,57.0,0,1433,2021,0.147,0-3,0,0.333
C101776,2018-05-09,2020-02-08,21,standard,44.32,463,1,annual,credit_card,0,22.05,0,2104,2018,0.0955,13-24,0,0.045
C101777,2020-10-11,2023-06-01,32,basic,18.42,214,1,monthly,credit_card,1,6.69,0,895,2020,0.0857,24+,0,0.03
C101778,2022-12-05,2026-12-07,48,standard,38.46,479,1,monthly,credit_card,1,9.98,0,-390,2022,0.0801,24+,0,0.02
C101779,2021-10-13,2021-12-25,2,premium,79.26,1303,1,monthly,paypal,0,651.5,0,1418,2021,0.0608,0-3,1,0.333
C101780,2019-06-01,2020-04-23,10,standard,40.25,463,0,monthly,debit_card,0,46.3,0,2029,2019,0.0867,7-12,0,0.0
C101781,2022-02-27,2022-11-23,8,basic,22.84,245,1,monthly,credit_card,0,30.62,0,1085,2022,0.0928,7-12,0,0.111
C101782,2018-03-27,2019-01-14,9,premium,85.09,1328,0,monthly,bank_transfer,0,147.56,0,2494,2018,0.064,7-12,1,0.0
C101783,2021-04-13,2021-09-29,5,premium,80.07,1340,2,monthly,debit_card,1,268.0,0,1505,2021,0.0597,4-6,1,0.333
C101784,2024-06-16,2026-02-14,20,premium,84.25,1114,1,annual,bank_transfer,0,55.7,0,-94,2024,0.0756,13-24,1,0.048
C101785,2021-02-16,2021-04-20,2,basic,21.22,298,5,annual,credit_card,0,149.0,1,1667,2021,0.071,0-3,0,1.667
C101786,2024-10-10,2024-12-08,1,standard,36.88,440,0,annual,credit_card,0,440.0,0,339,2024,0.0836,0-3,0,0.0
C101787,2023-06-17,2024-06-24,12,standard,40.94,503,1,monthly,debit_card,0,41.92,0,506,2023,0.0812,7-12,0,0.077
C101788,2023-12-02,2025-12-21,25,basic,18.7,278,1,monthly,paypal,0,11.12,0,-39,2023,0.067,24+,0,0.038
C101789,2018-10-30,2019-05-08,6,basic,20.75,242,2,annual,bank_transfer,0,40.33,0,2380,2018,0.0854,4-6,0,0.286
C101790,2019-08-11,2021-11-21,27,basic,17.97,119,3,monthly,credit_card,0,4.41,1,1452,2019,0.1498,24+,0,0.107
C101791,2020-09-13,2020-10-27,1,basic,18.52,93,2,annual,paypal,0,93.0,0,1842,2020,0.197,0-3,0,1.0
C101792,2023-02-07,2024-01-09,11,basic,20.04,306,1,monthly,credit_card,0,27.82,0,673,2023,0.0653,7-12,0,0.083
C101793,2018-12-11,2022-05-29,42,basic,19.48,128,1,monthly,credit_card,0,3.05,0,1263,2018,0.151,24+,0,0.023
C101794,2020-03-24,2021-06-29,15,basic,17.51,72,3,monthly,credit_card,1,4.8,1,1597,2020,0.2399,13-24,0,0.188
C101795,2023-06-11,2027-12-22,55,standard,36.58,409,0,monthly,debit_card,0,7.44,0,-770,2023,0.0892,24+,0,0.0
C101796,2021-08-03,2021-09-17,1,basic,21.34,190,2,annual,paypal,1,190.0,0,1517,2021,0.1117,0-3,0,1.0
C101797,2023-06-23,2024-02-09,7,standard,36.21,610,1,monthly,debit_card,0,87.14,0,642,2023,0.0593,7-12,0,0.125
C101798,2022-08-05,2023-12-10,16,standard,41.47,508,2,annual,credit_card,1,31.75,0,703,2022,0.0815,13-24,0,0.118
C101799,2021-08-20,2024-08-13,36,basic,25.92,213,4,monthly,credit_card,0,5.92,1,456,2021,0.1211,24+,0,0.108
C101800,2020-12-28,2024-02-28,38,standard,38.28,597,3,monthly,paypal,0,15.71,1,623,2020,0.064,24+,0,0.077
C101801,2024-08-05,2029-09-14,62,premium,81.34,1308,0,annual,debit_card,0,21.1,0,-1402,2024,0.0621,24+,1,0.0
C101802,2020-10-06,2023-05-16,31,standard,35.8,457,2,annual,credit_card,0,14.74,0,911,2020,0.0782,24+,0,0.062
C101803,2019-12-05,2020-01-24,1,basic,22.05,155,3,monthly,credit_card,0,155.0,1,2119,2019,0.1413,0-3,0,1.5
C101804,2019-07-29,2019-10-21,2,premium,80.14,1149,0,monthly,credit_card,1,574.5,0,2214,2019,0.0697,0-3,1,0.0
C101805,2022-05-28,2024-11-24,30,standard,38.6,558,3,monthly,credit_card,0,18.6,1,353,2022,0.0691,24+,0,0.097
C101806,2021-01-17,2023-01-07,24,basic,19.43,195,3,monthly,bank_transfer,0,8.12,1,1040,2021,0.0991,13-24,0,0.12
C101807,2019-11-19,2020-05-07,5,premium,76.41,984,1,monthly,debit_card,0,196.8,0,2015,2019,0.0776,4-6,1,0.167
C101808,2019-05-04,2020-12-10,19,standard,37.65,422,1,monthly,credit_card,0,22.21,0,1798,2019,0.089,13-24,0,0.05
C101809,2021-09-09,2022-03-07,5,standard,45.52,470,4,annual,paypal,0,94.0,1,1346,2021,0.0966,4-6,0,0.667
C101810,2019-05-09,2020-12-09,19,basic,24.04,107,1,monthly,debit_card,0,5.63,0,1799,2019,0.2226,13-24,0,0.05
C101811,2022-07-26,2024-01-14,17,standard,39.43,393,1,monthly,credit_card,0,23.12,0,668,2022,0.1001,13-24,0,0.056
C101812,2022-06-26,2023-02-16,7,basic,25.64,169,2,monthly,debit_card,1,24.14,0,1000,2022,0.1508,7-12,0,0.25
C101813,2018-01-19,2018-10-23,9,standard,39.06,476,2,monthly,paypal,1,52.89,0,2577,2018,0.0819,7-12,0,0.2
C101814,2024-09-10,2024-10-25,1,premium,83.2,1291,2,monthly,debit_card,0,1291.0,0,383,2024,0.0644,0-3,1,1.0
C101815,2020-09-27,2023-07-17,34,standard,44.7,471,0,monthly,bank_transfer,1,13.85,0,849,2020,0.0947,24+,0,0.0
C101816,2020-04-30,2027-05-07,85,standard,33.44,421,0,monthly,debit_card,0,4.95,0,-541,2020,0.0792,24+,0,0.0
C101817,2021-10-20,2022-01-11,2,standard,39.02,454,1,monthly,credit_card,0,227.0,0,1401,2021,0.0858,0-3,0,0.333
C101818,2021-09-16,2023-03-03,17,standard,38.38,567,1,monthly,credit_card,0,33.35,0,985,2021,0.0676,13-24,0,0.056
C101819,2021-09-29,2023-04-08,18,basic,11.85,146,3,monthly,debit_card,0,8.11,1,949,2021,0.0806,13-24,0,0.158
C101820,2020-04-01,2021-07-18,15,standard,47.2,569,3,monthly,bank_transfer,1,37.93,1,1578,2020,0.0828,13-24,0,0.188
C101821,2019-03-31,2020-07-05,15,basic,17.67,229,0,monthly,paypal,0,15.27,0,1956,2019,0.0768,13-24,0,0.0
C101822,2022-06-13,2025-05-23,35,standard,39.67,420,0,monthly,debit_card,0,12.0,0,173,2022,0.0942,24+,0,0.0
C101823,2019-12-12,2020-08-17,8,basic,19.73,94,4,monthly,credit_card,0,11.75,1,1913,2019,0.2077,7-12,0,0.444
C101824,2023-12-31,2024-10-08,9,basic,19.64,154,3,monthly,credit_card,0,17.11,1,400,2023,0.1267,7-12,0,0.3
C101825,2020-07-05,2023-09-15,38,standard,42.88,437,1,annual,credit_card,0,11.5,0,789,2020,0.0979,24+,0,0.026
C101826,2022-02-05,2026-03-28,50,standard,48.21,399,1,monthly,credit_card,0,7.98,0,-136,2022,0.1205,24+,0,0.02
C101827,2021-12-11,2022-05-05,4,basic,21.25,204,0,monthly,credit_card,1,51.0,0,1287,2021,0.1037,4-6,0,0.0
C101828,2018-11-01,2018-12-25,1,basic,23.13,144,0,annual,debit_card,0,144.0,0,2514,2018,0.1595,0-3,0,0.0
C101829,2020-01-06,2024-07-20,55,basic,21.76,140,1,monthly,bank_transfer,1,2.55,0,480,2020,0.1543,24+,0,0.018
C101830,2024-05-27,2024-12-04,6,basic,18.97,240,1,monthly,bank_transfer,0,40.0,0,343,2024,0.0787,4-6,0,0.143
C101831,2023-05-18,2023-10-23,5,standard,38.89,415,0,monthly,credit_card,1,83.0,0,751,2023,0.0935,4-6,0,0.0
C101832,2023-11-20,2025-08-06,20,standard,42.25,388,1,annual,debit_card,0,19.4,0,98,2023,0.1086,13-24,0,0.048
C101833,2023-07-03,2023-12-30,6,basic,17.37,250,1,annual,paypal,0,41.67,0,683,2023,0.0692,4-6,0,0.143
C101834,2020-08-19,2021-01-28,5,premium,75.44,1122,0,annual,bank_transfer,1,224.4,0,1749,2020,0.0672,4-6,1,0.0
C101835,2020-10-23,2021-07-09,8,standard,44.66,591,2,monthly,paypal,0,73.88,0,1587,2020,0.0754,7-12,0,0.222
C101836,2023-11-03,2024-03-15,4,standard,44.76,425,1,monthly,paypal,0,106.25,0,607,2023,0.1051,4-6,0,0.2
C101837,2024-07-03,2026-06-16,23,premium,80.45,1360,0,monthly,credit_card,0,59.13,0,-216,2024,0.0591,13-24,1,0.0
C101838,2022-01-13,2023-08-30,19,standard,32.9,465,5,monthly,credit_card,1,24.47,1,805,2022,0.0706,13-24,0,0.25
C101839,2024-11-06,2025-12-23,13,standard,40.29,507,0,annual,credit_card,0,39.0,0,-41,2024,0.0793,13-24,0,0.0
C101840,2023-05-02,2024-02-11,9,standard,43.12,415,0,monthly,bank_transfer,1,46.11,0,640,2023,0.1037,7-12,0,0.0
C101841,2021-03-23,2021-05-01,1,standard,45.69,408,1,monthly,debit_card,1,408.0,0,1656,2021,0.1117,0-3,0,0.5
C101842,2019-10-27,2019-12-12,1,basic,22.46,246,2,monthly,credit_card,1,246.0,0,2162,2019,0.0909,0-3,0,1.0
C101843,2018-01-12,2018-12-03,10,basic,19.35,175,2,annual,credit_card,0,17.5,0,2536,2018,0.1099,7-12,0,0.182
C101844,2021-03-02,2023-07-27,29,standard,37.47,580,2,monthly,debit_card,0,20.0,0,839,2021,0.0645,24+,0,0.067
C101845,2018-10-31,2018-12-11,1,basic,23.62,227,2,monthly,credit_card,0,227.0,0,2528,2018,0.1036,0-3,0,1.0
C101846,2022-10-30,2026-12-26,50,standard,42.16,347,0,monthly,paypal,0,6.94,0,-409,2022,0.1211,24+,0,0.0
C101847,2018-02-12,2019-03-21,13,standard,43.95,496,1,monthly,debit_card,0,38.15,0,2428,2018,0.0884,13-24,0,0.071
C101848,2020-08-01,2021-03-22,7,basic,19.4,185,3,monthly,debit_card,0,26.43,1,1696,2020,0.1043,7-12,0,0.375
C101849,2024-07-18,2024-10-21,3,premium,82.44,1035,0,monthly,credit_card,0,345.0,0,387,2024,0.0796,0-3,1,0.0
C101850,2021-09-11,2025-03-22,42,standard,40.68,528,1,monthly,debit_card,0,12.57,0,235,2021,0.0769,24+,0,0.023
C101851,2024-12-20,2025-07-01,6,basic,21.77,184,3,annual,paypal,0,30.67,1,134,2024,0.1177,4-6,0,0.429
C101852,2024-08-08,2025-03-07,7,basic,28.86,210,1,monthly,credit_card,0,30.0,0,250,2024,0.1368,7-12,0,0.125
C101853,2020-06-09,2022-11-07,29,basic,21.72,207,3,monthly,paypal,1,7.14,1,1101,2020,0.1044,24+,0,0.1
C101854,2024-10-10,2024-12-11,2,basic,22.88,211,2,annual,bank_transfer,0,105.5,0,336,2024,0.1079,0-3,0,0.667
C101855,2020-10-01,2021-02-08,4,basic,18.69,125,0,monthly,debit_card,1,31.25,0,1738,2020,0.1483,4-6,0,0.0
C101856,2018-01-21,2018-02-25,1,basic,17.54,271,3,monthly,bank_transfer,1,271.0,1,2817,2018,0.0645,0-3,0,1.5
C101857,2019-02-11,2021-11-07,33,standard,37.18,486,1,monthly,debit_card,0,14.73,0,1466,2019,0.0763,24+,0,0.029
C101858,2020-10-11,2020-11-23,1,standard,37.74,423,1,monthly,credit_card,0,423.0,0,1815,2020,0.089,0-3,0,0.5
C101859,2018-12-02,2019-09-21,9,basic,22.24,184,2,annual,credit_card,0,20.44,0,2244,2018,0.1202,7-12,0,0.2
C101860,2023-01-13,2025-11-14,34,premium,81.04,1307,0,monthly,paypal,0,38.44,0,-2,2023,0.062,24+,1,0.0
C101861,2021-02-21,2021-08-23,6,basic,14.83,148,3,monthly,credit_card,0,24.67,1,1542,2021,0.0995,4-6,0,0.429
C101862,2024-09-12,2029-10-11,61,basic,26.64,174,3,annual,credit_card,0,2.85,1,-1429,2024,0.1522,24+,0,0.048
C101863,2023-01-02,2023-02-02,1,standard,44.42,361,2,annual,bank_transfer,0,361.0,0,1014,2023,0.1227,0-3,0,1.0
C101864,2019-12-16,2023-09-01,45,standard,43.11,623,0,annual,paypal,0,13.84,0,803,2019,0.0691,24+,0,0.0
C101865,2018-02-20,2018-03-30,1,basic,17.56,224,1,monthly,credit_card,1,224.0,0,2784,2018,0.078,0-3,0,0.5
C101866,2018-11-20,2019-08-22,9,premium,77.8,1364,0,monthly,debit_card,0,151.56,0,2274,2018,0.057,7-12,1,0.0
C101867,2020-02-28,2025-03-13,61,standard,41.35,521,0,monthly,credit_card,0,8.54,0,244,2020,0.0792,24+,0,0.0
C101868,2018-05-21,2021-05-30,36,basic,22.68,282,2,monthly,credit_card,0,7.83,0,1627,2018,0.0801,24+,0,0.054
C101869,2019-04-15,2019-09-09,4,basic,16.97,268,2,monthly,credit_card,1,67.0,0,2256,2019,0.0631,4-6,0,0.4
C101870,2020-02-26,2023-09-07,42,basic,15.73,189,1,monthly,credit_card,1,4.5,0,797,2020,0.0828,24+,0,0.023
C101871,2022-12-31,2025-09-07,32,standard,39.16,534,2,monthly,bank_transfer,0,16.69,0,66,2022,0.0732,24+,0,0.061
C101872,2021-09-19,2022-07-15,9,basic,17.23,95,0,monthly,debit_card,0,10.56,0,1216,2021,0.1795,7-12,0,0.0
C101873,2023-04-01,2026-10-22,43,standard,41.46,410,0,monthly,debit_card,0,9.53,0,-344,2023,0.1009,24+,0,0.0
C101874,2020-08-21,2022-04-20,20,standard,35.14,389,0,monthly,credit_card,0,19.45,0,1302,2020,0.0901,13-24,0,0.0
C101875,2019-01-08,2022-06-07,41,standard,35.16,439,2,annual,credit_card,0,10.71,0,1254,2019,0.0799,24+,0,0.048
C101876,2024-12-16,2027-02-07,26,basic,21.58,266,1,annual,debit_card,0,10.23,0,-452,2024,0.0808,24+,0,0.037
C101877,2022-08-20,2027-11-09,63,standard,36.55,495,0,monthly,credit_card,1,7.86,0,-727,2022,0.0737,24+,0,0.0
C101878,2021-03-25,2022-10-07,18,basic,21.06,256,0,monthly,debit_card,1,14.22,0,1132,2021,0.0819,13-24,0,0.0
C101879,2024-05-27,2025-04-05,10,standard,40.79,665,1,annual,credit_card,1,66.5,0,221,2024,0.0612,7-12,0,0.091
C101880,2022-07-30,2022-10-01,2,premium,80.84,1000,0,monthly,bank_transfer,0,500.0,0,1138,2022,0.0808,0-3,1,0.0
C101881,2018-04-16,2018-08-15,4,basic,19.27,74,0,monthly,debit_card,0,18.5,0,2646,2018,0.2569,4-6,0,0.0
C101882,2021-12-14,2023-03-14,15,basic,18.68,221,3,monthly,debit_card,0,14.73,1,974,2021,0.0841,13-24,0,0.188
C101883,2022-08-09,2027-06-10,58,premium,79.37,1153,0,monthly,bank_transfer,0,19.88,0,-575,2022,0.0688,24+,1,0.0
C101884,2018-01-02,2018-04-07,3,basic,22.42,295,2,monthly,credit_card,0,98.33,0,2776,2018,0.0757,0-3,0,0.5
C101885,2023-11-08,2024-06-12,7,basic,17.38,225,2,monthly,debit_card,0,32.14,0,518,2023,0.0769,7-12,0,0.25
C101886,2018-12-16,2021-07-10,31,basic,22.37,170,1,monthly,debit_card,1,5.48,0,1586,2018,0.1308,24+,0,0.031
C101887,2021-07-10,2021-10-10,3,standard,43.0,481,2,monthly,debit_card,0,160.33,0,1494,2021,0.0892,0-3,0,0.5
C101888,2020-11-28,2022-05-24,18,basic,22.46,285,1,monthly,bank_transfer,0,15.83,0,1268,2020,0.0785,13-24,0,0.053
C101889,2024-01-16,2032-03-28,99,basic,18.8,178,1,monthly,paypal,1,1.8,0,-2328,2024,0.105,24+,0,0.01
C101890,2024-06-17,2024-11-02,4,basic,18.36,176,1,monthly,credit_card,0,44.0,0,375,2024,0.1037,4-6,0,0.2
C101891,2019-03-21,2020-04-02,12,basic,17.14,230,1,annual,credit_card,0,19.17,0,2050,2019,0.0742,7-12,0,0.077
C101892,2024-06-03,2025-12-06,18,basic,17.5,201,1,monthly,credit_card,0,11.17,0,-24,2024,0.0866,13-24,0,0.053
C101893,2020-08-09,2024-10-12,50,premium,76.73,1124,1,monthly,credit_card,0,22.48,0,396,2020,0.0682,24+,1,0.02
C101894,2018-02-05,2018-10-16,8,basic,22.89,231,3,annual,credit_card,0,28.88,1,2584,2018,0.0987,7-12,0,0.333
C101895,2021-01-12,2022-02-09,13,basic,16.8,204,1,annual,credit_card,0,15.69,0,1372,2021,0.082,13-24,0,0.071
C101896,2022-01-15,2024-11-27,34,basic,18.78,266,2,annual,credit_card,0,7.82,0,350,2022,0.0703,24+,0,0.057
C101897,2022-12-04,2024-08-21,20,standard,32.02,613,0,monthly,paypal,0,30.65,0,448,2022,0.0521,13-24,0,0.0
C101898,2023-01-20,2026-07-11,42,basic,23.25,180,0,monthly,bank_transfer,0,4.29,0,-241,2023,0.1285,24+,0,0.0
C101899,2021-11-09,2021-12-11,1,standard,35.52,561,1,monthly,debit_card,0,561.0,0,1432,2021,0.0632,0-3,0,0.5
C101900,2021-04-10,2021-07-25,3,basic,18.51,142,8,monthly,paypal,1,47.33,1,1571,2021,0.1294,0-3,0,2.0
C101901,2021-10-31,2022-09-21,10,basic,24.24,70,3,annual,credit_card,0,7.0,1,1148,2021,0.3414,7-12,0,0.273
C101902,2022-09-05,2022-12-06,3,basic,26.55,242,2,monthly,paypal,1,80.67,0,1072,2022,0.1093,0-3,0,0.5
C101903,2021-10-17,2026-06-07,56,standard,42.67,475,2,monthly,credit_card,0,8.48,0,-207,2021,0.0896,24+,0,0.035
C101904,2023-12-29,2031-02-12,86,basic,18.07,72,2,monthly,bank_transfer,0,0.84,0,-1918,2023,0.2475,24+,0,0.023
C101905,2021-07-24,2022-01-30,6,basic,17.28,243,2,monthly,credit_card,1,40.5,0,1382,2021,0.0708,4-6,0,0.286
C101906,2021-05-28,2022-12-22,19,premium,74.97,1202,0,monthly,credit_card,0,63.26,0,1056,2021,0.0623,13-24,1,0.0
C101907,2019-06-05,2021-09-30,28,basic,24.15,128,1,monthly,debit_card,0,4.57,0,1504,2019,0.1872,24+,0,0.034
C101908,2022-12-12,2024-01-17,13,basic,21.46,278,5,annual,credit_card,1,21.38,1,665,2022,0.0769,13-24,0,0.357
C101909,2018-01-10,2018-12-25,11,standard,35.3,550,2,monthly,credit_card,0,50.0,0,2514,2018,0.0641,7-12,0,0.167
C101910,2020-09-10,2020-10-22,1,basic,20.24,183,3,monthly,debit_card,0,183.0,1,1847,2020,0.11,0-3,0,1.5
C101911,2024-08-22,2025-11-04,14,premium,78.37,1080,0,monthly,paypal,0,77.14,0,8,2024,0.0725,13-24,1,0.0
C101912,2022-07-15,2027-11-07,64,basic,18.74,243,1,monthly,bank_transfer,0,3.8,0,-725,2022,0.0768,24+,0,0.015
C101913,2022-07-19,2024-11-17,28,basic,19.91,199,3,annual,credit_card,1,7.11,1,360,2022,0.0996,24+,0,0.103
C101914,2024-01-09,2024-10-14,9,basic,25.69,207,3,monthly,debit_card,1,23.0,1,394,2024,0.1235,7-12,0,0.3
C101915,2019-12-21,2020-01-20,1,basic,16.54,188,3,annual,credit_card,0,188.0,1,2123,2019,0.0875,0-3,0,1.5
C101916,2020-12-08,2023-06-03,30,basic,16.9,105,0,monthly,debit_card,0,3.5,0,893,2020,0.1594,24+,0,0.0
C101917,2020-05-08,2022-01-25,20,standard,40.42,322,1,monthly,credit_card,0,16.1,0,1387,2020,0.1251,13-24,0,0.048
C101918,2021-08-09,2021-09-08,1,basic,13.47,203,1,monthly,debit_card,0,203.0,0,1526,2021,0.066,0-3,0,0.5
C101919,2022-05-23,2022-10-30,5,premium,84.23,939,1,monthly,credit_card,1,187.8,0,1109,2022,0.0896,4-6,1,0.167
C101920,2018-02-19,2021-10-22,44,basic,18.21,220,1,monthly,debit_card,0,5.0,0,1482,2018,0.0824,24+,0,0.022
C101921,2018-05-26,2019-02-16,8,premium,75.84,1090,1,monthly,debit_card,1,136.25,0,2461,2018,0.0695,7-12,1,0.111
C101922,2020-07-03,2020-08-30,1,standard,40.64,637,1,annual,bank_transfer,1,637.0,0,1900,2020,0.0637,0-3,0,0.5
C101923,2022-01-02,2023-09-06,20,standard,42.46,381,0,monthly,credit_card,1,19.05,0,798,2022,0.1112,13-24,0,0.0
C101924,2024-04-08,2025-11-13,19,standard,39.51,392,0,monthly,debit_card,0,20.63,0,-1,2024,0.1005,13-24,0,0.0
C101925,2019-08-04,2021-10-18,26,basic,21.53,200,0,monthly,credit_card,0,7.69,0,1486,2019,0.1071,24+,0,0.0
C101926,2022-05-04,2023-08-21,15,basic,21.4,157,1,annual,paypal,0,10.47,0,814,2022,0.1354,13-24,0,0.062
C101927,2019-04-28,2022-10-11,42,basic,19.13,282,2,monthly,credit_card,1,6.71,0,1128,2019,0.0676,24+,0,0.047
C101928,2021-06-03,2021-10-24,4,standard,36.62,522,0,monthly,bank_transfer,0,130.5,0,1480,2021,0.07,4-6,0,0.0
C101929,2019-11-04,2023-11-11,48,standard,41.56,366,2,annual,paypal,0,7.62,0,732,2019,0.1132,24+,0,0.041
C101930,2019-09-23,2020-01-19,3,basic,22.79,207,0,annual,bank_transfer,0,69.0,0,2124,2019,0.1096,0-3,0,0.0
C101931,2019-10-24,2022-01-06,26,basic,17.66,174,3,monthly,credit_card,0,6.69,1,1406,2019,0.1009,24+,0,0.111
C101932,2024-10-02,2025-01-09,3,basic,23.0,228,2,monthly,paypal,0,76.0,0,307,2024,0.1004,0-3,0,0.5
C101933,2020-09-14,2022-05-31,20,standard,44.62,441,2,monthly,debit_card,0,22.05,0,1261,2020,0.101,13-24,0,0.095
C101934,2022-03-27,2024-08-04,28,standard,39.36,517,1,monthly,credit_card,0,18.46,0,465,2022,0.076,24+,0,0.034
C101935,2019-10-12,2025-06-29,69,premium,79.86,1301,1,monthly,debit_card,0,18.86,0,136,2019,0.0613,24+,1,0.014
C101936,2020-08-26,2022-01-21,17,standard,37.1,460,0,annual,credit_card,1,27.06,0,1391,2020,0.0805,13-24,0,0.0
C101937,2021-01-05,2021-09-20,8,basic,19.87,231,2,monthly,paypal,1,28.88,0,1514,2021,0.0856,7-12,0,0.222
C101938,2019-03-17,2021-08-23,29,standard,42.19,522,0,monthly,debit_card,0,18.0,0,1542,2019,0.0807,24+,0,0.0
C101939,2020-07-09,2021-12-31,18,basic,23.31,152,0,monthly,debit_card,0,8.44,0,1412,2020,0.1524,13-24,0,0.0
C101940,2020-02-09,2024-04-14,50,basic,17.62,225,4,monthly,debit_card,0,4.5,1,577,2020,0.078,24+,0,0.078
C101941,2021-09-05,2021-12-12,3,standard,42.49,530,1,monthly,debit_card,0,176.67,0,1431,2021,0.08,0-3,0,0.25
C101942,2023-01-01,2023-09-10,8,basic,20.09,191,2,annual,credit_card,0,23.88,0,794,2023,0.1046,7-12,0,0.222
C101943,2018-09-20,2022-07-13,46,standard,37.26,523,3,monthly,paypal,0,11.37,1,1218,2018,0.0711,24+,0,0.064
C101944,2022-04-27,2022-06-26,2,basic,19.72,170,2,monthly,credit_card,0,85.0,0,1235,2022,0.1153,0-3,0,0.667
C101945,2024-11-11,2027-12-10,37,premium,80.88,983,0,annual,credit_card,0,26.57,0,-758,2024,0.0822,24+,1,0.0
C101946,2020-09-25,2021-01-03,3,standard,42.09,469,1,monthly,credit_card,1,156.33,0,1774,2020,0.0896,0-3,0,0.25
C101947,2019-12-01,2025-05-15,66,standard,41.07,557,2,monthly,bank_transfer,0,8.44,0,181,2019,0.0736,24+,0,0.03
C101948,2024-06-07,2025-01-07,7,basic,22.97,215,3,monthly,bank_transfer,1,30.71,1,309,2024,0.1063,7-12,0,0.375
C101949,2022-05-23,2023-04-02,10,standard,43.63,377,0,monthly,credit_card,0,37.7,0,955,2022,0.1154,7-12,0,0.0
C101950,2021-05-26,2021-07-01,1,basic,20.88,165,2,monthly,credit_card,0,165.0,0,1595,2021,0.1258,0-3,0,1.0
C101951,2021-01-30,2022-07-24,18,basic,16.23,242,3,monthly,debit_card,1,13.44,1,1207,2021,0.0668,13-24,0,0.158
C101952,2024-05-24,2027-05-07,35,premium,75.98,1393,0,annual,debit_card,1,39.8,0,-541,2024,0.0545,24+,1,0.0
C101953,2021-04-05,2021-12-20,8,standard,37.77,519,1,annual,credit_card,0,64.88,0,1423,2021,0.0726,7-12,0,0.111
C101954,2020-10-02,2021-06-12,8,basic,21.03,234,2,monthly,bank_transfer,0,29.25,0,1614,2020,0.0895,7-12,0,0.222
C101955,2018-02-05,2020-04-12,26,basic,16.41,157,2,monthly,credit_card,0,6.04,0,2040,2018,0.1039,24+,0,0.074
C101956,2020-01-14,2023-02-13,37,basic,23.04,228,1,annual,bank_transfer,0,6.16,0,1003,2020,0.1006,24+,0,0.026
C101957,2022-10-31,2024-12-30,26,standard,35.36,480,3,monthly,debit_card,0,18.46,1,317,2022,0.0735,24+,0,0.111
C101958,2018-12-19,2021-12-25,36,standard,40.67,585,0,monthly,debit_card,0,16.25,0,1418,2018,0.0694,24+,0,0.0
C101959,2023-04-07,2023-05-20,1,basic,23.83,154,2,monthly,bank_transfer,0,154.0,0,907,2023,0.1537,0-3,0,1.0
C101960,2018-03-14,2019-04-08,13,basic,23.4,177,3,annual,paypal,0,13.62,1,2410,2018,0.1315,13-24,0,0.214
C101961,2021-10-08,2021-12-21,2,basic,19.55,144,5,monthly,paypal,1,72.0,1,1422,2021,0.1348,0-3,0,1.667
C101962,2023-03-30,2026-07-24,40,basic,25.74,162,4,annual,credit_card,0,4.05,1,-254,2023,0.1579,24+,0,0.098
C101963,2020-12-29,2022-01-18,12,basic,20.5,267,3,monthly,credit_card,0,22.25,1,1394,2020,0.0765,7-12,0,0.231
C101964,2024-10-08,2026-08-07,22,standard,31.93,570,2,annual,debit_card,0,25.91,0,-268,2024,0.0559,13-24,0,0.087
C101965,2019-12-09,2020-02-28,2,basic,20.7,141,0,monthly,credit_card,0,70.5,0,2084,2019,0.1458,0-3,0,0.0
C101966,2022-12-10,2024-10-23,22,standard,43.61,457,1,monthly,credit_card,0,20.77,0,385,2022,0.0952,13-24,0,0.043
C101967,2020-08-13,2022-08-09,24,basic,18.73,138,2,monthly,paypal,0,5.75,0,1191,2020,0.1347,13-24,0,0.08
C101968,2024-10-11,2026-11-24,25,basic,21.41,236,0,monthly,paypal,0,9.44,0,-377,2024,0.0903,24+,0,0.0
C101969,2018-06-09,2018-12-23,6,standard,35.72,571,1,annual,debit_card,0,95.17,0,2516,2018,0.0624,4-6,0,0.143
C101970,2024-01-06,2024-06-10,5,standard,36.2,537,2,monthly,credit_card,0,107.4,0,520,2024,0.0673,4-6,0,0.333
C101971,2022-10-02,2023-07-16,9,premium,80.14,975,1,monthly,debit_card,0,108.33,0,850,2022,0.0821,7-12,1,0.1
C101972,2022-05-05,2024-01-30,21,standard,34.49,342,1,monthly,credit_card,0,16.29,0,652,2022,0.1006,13-24,0,0.045
C101973,2018-03-08,2019-09-12,18,basic,18.34,194,1,monthly,credit_card,0,10.78,0,2253,2018,0.0941,13-24,0,0.053
C101974,2024-08-25,2025-07-23,11,standard,41.04,559,2,annual,debit_card,0,50.82,0,112,2024,0.0733,7-12,0,0.167
C101975,2018-02-27,2018-08-04,5,premium,78.43,1313,0,monthly,debit_card,0,262.6,0,2657,2018,0.0597,4-6,1,0.0
C101976,2018-12-08,2024-09-24,70,basic,19.44,170,0,annual,credit_card,0,2.43,0,414,2018,0.1137,24+,0,0.0
C101977,2021-02-27,2021-04-15,1,standard,39.94,532,2,annual,credit_card,1,532.0,0,1672,2021,0.0749,0-3,0,1.0
C101978,2021-04-10,2022-03-12,11,standard,43.59,532,0,monthly,paypal,0,48.36,0,1341,2021,0.0818,7-12,0,0.0
C101979,2021-05-17,2027-02-18,70,basic,17.95,160,2,monthly,debit_card,0,2.29,0,-463,2021,0.1115,24+,0,0.028
C101980,2024-07-29,2026-04-24,21,standard,37.6,530,0,annual,credit_card,0,25.24,0,-163,2024,0.0708,13-24,0,0.0
C101981,2022-02-03,2023-01-18,11,standard,38.91,495,0,monthly,debit_card,0,45.0,0,1029,2022,0.0784,7-12,0,0.0
C101982,2022-12-27,2023-02-22,1,standard,36.55,447,0,monthly,paypal,0,447.0,0,994,2022,0.0816,0-3,0,0.0
C101983,2018-04-26,2019-02-15,9,basic,19.76,99,2,annual,credit_card,0,11.0,0,2462,2018,0.1976,7-12,0,0.2
C101984,2019-10-24,2019-12-22,1,standard,38.95,446,0,monthly,credit_card,1,446.0,0,2152,2019,0.0871,0-3,0,0.0
C101985,2022-01-05,2022-04-22,3,basic,23.78,220,0,monthly,paypal,0,73.33,0,1300,2022,0.1076,0-3,0,0.0
C101986,2024-11-05,2025-04-26,5,premium,79.24,1253,0,annual,paypal,0,250.6,0,200,2024,0.0632,4-6,1,0.0
C101987,2023-02-12,2024-02-12,12,basic,23.5,243,1,annual,paypal,0,20.25,0,639,2023,0.0963,7-12,0,0.077
C101988,2024-05-23,2024-07-09,1,standard,40.85,485,1,annual,credit_card,0,485.0,0,491,2024,0.0841,0-3,0,0.5
C101989,2020-10-13,2021-09-12,11,standard,38.92,498,0,monthly,debit_card,0,45.27,0,1522,2020,0.078,7-12,0,0.0
C101990,2018-11-07,2020-05-17,18,basic,21.04,199,3,monthly,debit_card,0,11.06,1,2005,2018,0.1052,13-24,0,0.158
C101991,2018-07-27,2019-06-25,11,basic,22.67,99,5,monthly,debit_card,0,9.0,1,2332,2018,0.2267,7-12,0,0.417
C101992,2024-10-29,2026-03-22,16,standard,43.74,331,3,monthly,credit_card,0,20.69,1,-130,2024,0.1317,13-24,0,0.176
C101993,2019-09-25,2022-05-27,32,premium,80.16,958,0,annual,debit_card,0,29.94,0,1265,2019,0.0836,24+,1,0.0
C101994,2023-10-04,2024-10-04,12,standard,45.68,505,0,annual,debit_card,0,42.08,0,404,2023,0.0903,7-12,0,0.0
C101995,2019-10-19,2020-09-20,11,basic,15.76,193,3,monthly,bank_transfer,0,17.55,1,1879,2019,0.0812,7-12,0,0.25
C101996,2021-11-24,2022-02-17,2,standard,41.33,459,1,monthly,paypal,1,229.5,0,1364,2021,0.0898,0-3,0,0.333
C101997,2023-04-16,2026-02-20,34,standard,43.11,644,2,monthly,credit_card,0,18.94,0,-100,2023,0.0668,24+,0,0.057
C101998,2022-08-07,2022-10-23,2,standard,42.45,464,0,monthly,bank_transfer,0,232.0,0,1116,2022,0.0913,0-3,0,0.0
C101999,2018-08-25,2019-02-01,5,basic,23.32,177,0,annual,credit_card,0,35.4,0,2476,2018,0.131,4-6,0,0.0
C102000,2018-12-14,2019-07-23,7,basic,17.81,211,0,annual,debit_card,0,30.14,0,2304,2018,0.084,7-12,0,0.0
C102001,2019-09-22,2022-01-29,28,standard,39.3,599,0,monthly,credit_card,0,21.39,0,1383,2019,0.0655,24+,0,0.0
C102002,2022-03-21,2024-12-12,33,premium,83.0,1042,0,monthly,credit_card,0,31.58,0,335,2022,0.0796,24+,1,0.0
C102003,2023-06-27,2023-11-19,4,basic,17.19,168,3,monthly,paypal,0,42.0,1,724,2023,0.1017,4-6,0,0.6
C102004,2021-06-25,2023-01-04,18,basic,22.29,192,2,monthly,debit_card,0,10.67,0,1043,2021,0.1155,13-24,0,0.105
C102005,2018-12-30,2019-03-22,2,basic,19.39,338,3,monthly,credit_card,1,169.0,1,2427,2018,0.0572,0-3,0,1.0
C102006,2024-06-26,2026-02-12,19,basic,20.34,209,4,monthly,credit_card,0,11.0,1,-92,2024,0.0969,13-24,0,0.2
C102007,2018-10-13,2020-05-18,19,premium,78.8,1012,2,annual,credit_card,0,53.26,0,2004,2018,0.0778,13-24,1,0.1
C102008,2018-05-29,2019-07-03,13,standard,39.55,605,3,monthly,credit_card,0,46.54,1,2324,2018,0.0653,13-24,0,0.214
C102009,2021-01-12,2021-06-16,5,premium,77.02,1074,0,monthly,paypal,0,214.8,0,1610,2021,0.0716,4-6,1,0.0
C102010,2024-09-19,2024-11-26,2,premium,83.23,1245,0,monthly,credit_card,0,622.5,0,351,2024,0.0668,0-3,1,0.0
C102011,2019-04-01,2020-04-13,12,standard,37.64,473,0,monthly,credit_card,0,39.42,0,2039,2019,0.0794,7-12,0,0.0
C102012,2022-11-02,2023-07-26,8,standard,39.05,479,1,annual,bank_transfer,0,59.88,0,840,2022,0.0814,7-12,0,0.111
C102013,2020-03-10,2021-05-29,14,basic,16.04,153,2,monthly,debit_card,1,10.93,0,1628,2020,0.1042,13-24,0,0.133
C102014,2021-03-30,2022-04-10,12,basic,14.74,248,2,monthly,bank_transfer,1,20.67,0,1312,2021,0.0592,7-12,0,0.154
C102015,2020-10-09,2022-03-24,17,standard,36.36,539,0,monthly,credit_card,0,31.71,0,1329,2020,0.0673,13-24,0,0.0
C102016,2024-11-12,2025-05-29,6,standard,44.7,445,0,monthly,paypal,1,74.17,0,167,2024,0.1002,4-6,0,0.0
C102017,2022-03-04,2025-03-17,36,basic,19.94,181,3,monthly,paypal,0,5.03,1,240,2022,0.1096,24+,0,0.081
C102018,2019-04-26,2019-06-23,1,basic,17.1,154,2,monthly,paypal,1,154.0,0,2334,2019,0.1103,0-3,0,1.0
C102019,2022-08-14,2028-01-21,66,basic,16.24,95,5,annual,credit_card,0,1.44,1,-800,2022,0.1692,24+,0,0.075
C102020,2023-12-02,2024-11-04,11,basic,17.13,208,2,monthly,paypal,0,18.91,0,373,2023,0.082,7-12,0,0.167
C102021,2022-05-21,2022-07-03,1,standard,40.57,551,1,monthly,paypal,0,551.0,0,1228,2022,0.0735,0-3,0,0.5
C102022,2024-08-05,2025-08-02,12,basic,20.18,231,1,monthly,paypal,1,19.25,0,102,2024,0.087,7-12,0,0.077
C102023,2018-12-07,2020-04-18,16,basic,17.79,196,1,annual,bank_transfer,0,12.25,0,2034,2018,0.0903,13-24,0,0.059
C102024,2023-07-04,2024-02-11,7,premium,81.69,1408,3,monthly,credit_card,1,201.14,1,640,2023,0.058,7-12,1,0.375
C102025,2024-11-01,2025-01-05,2,basic,21.81,119,1,annual,bank_transfer,0,59.5,0,311,2024,0.1818,0-3,0,0.333
C102026,2023-02-10,2029-11-30,82,basic,24.06,172,1,monthly,bank_transfer,0,2.1,0,-1479,2023,0.1391,24+,0,0.012
C102027,2020-04-14,2020-09-20,5,basic,18.15,121,2,annual,credit_card,1,24.2,0,1879,2020,0.1488,4-6,0,0.333
C102028,2021-04-18,2021-10-08,5,standard,43.07,478,2,monthly,debit_card,0,95.6,0,1496,2021,0.0899,4-6,0,0.333
C102029,2022-09-22,2023-01-08,3,basic,20.63,178,2,monthly,paypal,0,59.33,0,1039,2022,0.1153,0-3,0,0.5
C102030,2022-08-17,2024-11-07,27,basic,23.26,172,3,annual,credit_card,0,6.37,1,370,2022,0.1345,24+,0,0.107
C102031,2018-11-07,2020-05-31,19,basic,17.47,194,1,annual,debit_card,0,10.21,0,1991,2018,0.0896,13-24,0,0.05
C102032,2018-09-19,2022-08-06,47,basic,20.18,250,1,annual,debit_card,0,5.32,0,1194,2018,0.0804,24+,0,0.021
C102033,2021-12-13,2022-01-27,1,premium,84.79,1111,1,annual,debit_card,0,1111.0,0,1385,2021,0.0763,0-3,1,0.5
C102034,2019-02-10,2019-07-07,4,basic,14.15,224,1,monthly,debit_card,0,56.0,0,2320,2019,0.0629,4-6,0,0.2
C102035,2023-12-31,2024-02-09,1,standard,43.43,497,0,monthly,credit_card,0,497.0,0,642,2023,0.0872,0-3,0,0.0
C102036,2018-12-08,2019-07-15,7,standard,41.21,539,1,annual,credit_card,1,77.0,0,2312,2018,0.0763,7-12,0,0.125
C102037,2021-09-01,2022-01-03,4,premium,84.6,1051,1,annual,bank_transfer,1,262.75,0,1409,2021,0.0804,4-6,1,0.2
C102038,2018-09-01,2018-10-15,1,basic,23.24,163,1,monthly,debit_card,0,163.0,0,2585,2018,0.1417,0-3,0,0.5
C102039,2019-05-05,2022-06-14,37,premium,81.75,1034,1,monthly,credit_card,0,27.95,0,1247,2019,0.079,24+,1,0.026
C102040,2018-01-12,2018-06-07,4,basic,23.69,230,3,monthly,paypal,1,57.5,1,2715,2018,0.1026,4-6,0,0.6
C102041,2019-07-15,2020-02-06,6,standard,33.76,516,0,monthly,credit_card,1,86.0,0,2106,2019,0.0653,4-6,0,0.0
C102042,2018-02-11,2019-01-13,11,basic,20.62,45,3,monthly,bank_transfer,1,4.09,1,2495,2018,0.4483,7-12,0,0.25
C102043,2019-08-17,2020-08-08,11,standard,41.29,399,1,monthly,paypal,0,36.27,0,1922,2019,0.1032,7-12,0,0.083
C102044,2021-12-23,2025-12-05,48,standard,34.27,402,2,annual,credit_card,0,8.38,0,-23,2021,0.085,24+,0,0.041
C102045,2023-01-01,2023-09-03,8,standard,38.4,538,2,monthly,credit_card,0,67.25,0,801,2023,0.0712,7-12,0,0.222
C102046,2022-08-21,2024-02-12,18,standard,40.87,480,2,monthly,debit_card,0,26.67,0,639,2022,0.085,13-24,0,0.105
C102047,2018-05-14,2019-02-28,9,premium,78.53,1189,1,monthly,credit_card,0,132.11,0,2449,2018,0.066,7-12,1,0.1
C102048,2020-08-05,2024-12-28,53,premium,81.06,870,2,annual,credit_card,0,16.42,0,319,2020,0.0931,24+,1,0.037
C102049,2018-03-14,2021-01-18,34,standard,45.67,544,2,annual,paypal,0,16.0,0,1759,2018,0.0838,24+,0,0.057
C102050,2019-02-03,2019-07-14,5,basic,22.34,181,0,monthly,debit_card,1,36.2,0,2313,2019,0.1227,4-6,0,0.0
C102051,2021-11-29,2023-03-26,16,standard,42.87,560,1,monthly,debit_card,0,35.0,0,962,2021,0.0764,13-24,0,0.059
C102052,2018-05-10,2019-06-13,13,standard,39.41,494,1,annual,credit_card,0,38.0,0,2344,2018,0.0796,13-24,0,0.071
C102053,2022-12-17,2023-03-31,3,standard,38.09,361,2,monthly,credit_card,1,120.33,0,957,2022,0.1052,0-3,0,0.5
C102054,2023-06-25,2024-05-24,11,basic,18.36,191,2,monthly,debit_card,1,17.36,0,537,2023,0.0956,7-12,0,0.167
C102055,2018-09-23,2018-11-19,1,basic,16.51,240,3,monthly,credit_card,1,240.0,1,2550,2018,0.0685,0-3,0,1.5
C102056,2022-04-10,2023-09-24,17,standard,42.71,650,0,monthly,credit_card,0,38.24,0,780,2022,0.0656,13-24,0,0.0
C102057,2023-06-09,2024-04-06,10,basic,23.46,148,3,monthly,credit_card,1,14.8,1,585,2023,0.1574,7-12,0,0.273
C102058,2020-03-03,2022-06-19,27,standard,37.67,391,2,annual,credit_card,0,14.48,0,1242,2020,0.0961,24+,0,0.071
C102059,2024-04-19,2027-04-03,35,standard,38.57,531,1,monthly,debit_card,1,15.17,0,-507,2024,0.0725,24+,0,0.028
C102060,2021-08-05,2024-09-29,38,standard,43.77,499,1,monthly,paypal,1,13.13,0,409,2021,0.0875,24+,0,0.026
C102061,2018-06-13,2019-03-05,8,basic,22.35,144,3,monthly,credit_card,0,18.0,1,2444,2018,0.1541,7-12,0,0.333
C102062,2018-04-05,2019-08-16,16,basic,18.27,323,3,monthly,credit_card,1,20.19,1,2280,2018,0.0564,13-24,0,0.176
C102063,2022-12-11,2023-01-15,1,basic,19.75,224,2,monthly,credit_card,0,224.0,0,1032,2022,0.0878,0-3,0,1.0
C102064,2021-02-07,2023-01-09,23,standard,39.79,511,2,monthly,credit_card,0,22.22,0,1038,2021,0.0777,13-24,0,0.083
C102065,2024-07-11,2025-12-31,17,standard,40.78,449,4,monthly,paypal,0,26.41,1,-49,2024,0.0906,13-24,0,0.222
C102066,2020-04-01,2021-09-30,18,basic,18.59,207,5,monthly,credit_card,0,11.5,1,1504,2020,0.0894,13-24,0,0.263
C102067,2018-08-26,2019-10-21,14,basic,18.42,119,4,annual,credit_card,1,8.5,1,2214,2018,0.1535,13-24,0,0.267
C102068,2024-08-25,2026-06-21,22,basic,18.54,159,1,annual,bank_transfer,0,7.23,0,-221,2024,0.1159,13-24,0,0.043
C102069,2024-12-05,2028-09-17,46,basic,19.24,152,2,monthly,debit_card,1,3.3,0,-1040,2024,0.1258,24+,0,0.043
C102070,2023-05-15,2026-01-09,32,basic,18.38,224,2,annual,debit_card,0,7.0,0,-58,2023,0.0817,24+,0,0.061
C102071,2020-11-14,2023-05-27,30,standard,41.95,564,0,monthly,paypal,0,18.8,0,900,2020,0.0742,24+,0,0.0
C102072,2022-08-04,2024-03-01,19,standard,39.56,431,1,annual,credit_card,1,22.68,0,621,2022,0.0916,13-24,0,0.05
C102073,2024-12-04,2025-11-28,11,standard,40.62,383,3,monthly,credit_card,0,34.82,1,-16,2024,0.1058,7-12,0,0.25
C102074,2020-08-21,2020-10-02,1,standard,36.19,372,1,monthly,paypal,0,372.0,0,1867,2020,0.097,0-3,0,0.5
C102075,2019-06-21,2021-10-03,27,standard,40.52,502,1,monthly,debit_card,1,18.59,0,1501,2019,0.0806,24+,0,0.036
C102076,2022-05-23,2022-08-09,2,standard,42.36,597,0,annual,paypal,0,298.5,0,1191,2022,0.0708,0-3,0,0.0
C102077,2023-06-03,2023-11-02,5,basic,23.46,187,2,annual,credit_card,1,37.4,0,741,2023,0.1248,4-6,0,0.333
C102078,2018-05-08,2019-11-10,18,basic,21.34,218,3,monthly,credit_card,0,12.11,1,2194,2018,0.0974,13-24,0,0.158
C102079,2018-04-02,2018-12-03,8,basic,15.18,222,1,monthly,credit_card,1,27.75,0,2536,2018,0.0681,7-12,0,0.111
C102080,2019-06-27,2020-06-21,12,standard,48.97,443,2,monthly,debit_card,0,36.92,0,1970,2019,0.1103,7-12,0,0.154
C102081,2020-04-25,2020-12-30,8,basic,20.83,204,2,monthly,debit_card,0,25.5,0,1778,2020,0.1016,7-12,0,0.222
C102082,2022-08-09,2025-05-31,34,basic,24.96,267,5,annual,credit_card,0,7.85,1,165,2022,0.0931,24+,0,0.143
C102083,2023-01-26,2023-10-10,8,standard,38.97,374,2,monthly,debit_card,0,46.75,0,764,2023,0.1039,7-12,0,0.222
C102084,2024-10-30,2029-01-21,51,standard,38.95,544,2,annual,bank_transfer,0,10.67,0,-1166,2024,0.0715,24+,0,0.038
C102085,2019-01-25,2021-09-22,32,basic,16.59,165,3,monthly,credit_card,0,5.16,1,1512,2019,0.0999,24+,0,0.091
C102086,2023-02-28,2024-08-30,18,basic,20.61,196,1,annual,credit_card,0,10.89,0,439,2023,0.1046,13-24,0,0.053
C102087,2018-02-12,2018-03-15,1,standard,37.2,581,1,annual,credit_card,1,581.0,0,2799,2018,0.0639,0-3,0,0.5
C102088,2018-09-11,2019-12-22,15,basic,20.6,308,1,annual,bank_transfer,0,20.53,0,2152,2018,0.0667,13-24,0,0.062
C102089,2020-12-19,2021-08-04,7,standard,37.7,467,0,annual,credit_card,0,66.71,0,1561,2020,0.0806,7-12,0,0.0
C102090,2024-11-19,2025-06-05,6,standard,42.4,433,1,monthly,bank_transfer,0,72.17,0,160,2024,0.0977,4-6,0,0.143
C102091,2024-05-23,2026-04-22,23,basic,21.17,118,0,monthly,credit_card,0,5.13,0,-161,2024,0.1779,13-24,0,0.0
C102092,2022-03-21,2022-06-12,2,standard,35.68,591,1,monthly,bank_transfer,0,295.5,0,1249,2022,0.0603,0-3,0,0.333
C102093,2023-05-08,2023-08-15,3,basic,20.57,235,3,monthly,credit_card,1,78.33,1,820,2023,0.0872,0-3,0,0.75
C102094,2024-07-20,2027-03-17,32,basic,21.7,191,0,annual,paypal,0,5.97,0,-490,2024,0.113,24+,0,0.0
C102095,2019-10-04,2021-03-08,17,basic,14.46,88,1,annual,debit_card,1,5.18,0,1710,2019,0.1625,13-24,0,0.056
C102096,2024-08-26,2030-01-01,65,basic,18.31,228,5,monthly,credit_card,0,3.51,1,-1511,2024,0.08,24+,0,0.076
C102097,2019-11-21,2023-04-01,40,basic,21.45,233,0,monthly,credit_card,0,5.82,0,956,2019,0.0917,24+,0,0.0
C102098,2021-06-30,2028-07-13,85,basic,21.31,213,1,annual,debit_card,0,2.51,0,-974,2021,0.0996,24+,0,0.012
C102099,2023-05-05,2024-01-26,8,basic,21.58,267,1,monthly,bank_transfer,1,33.38,0,656,2023,0.0805,7-12,0,0.111
C102100,2020-12-15,2022-02-17,14,basic,21.54,191,4,monthly,credit_card,0,13.64,1,1364,2020,0.1122,13-24,0,0.267
C102101,2022-01-26,2024-01-19,24,basic,18.93,127,1,monthly,credit_card,0,5.29,0,663,2022,0.1479,13-24,0,0.04
C102102,2019-04-02,2020-10-09,18,premium,81.75,1174,0,monthly,credit_card,1,65.22,0,1860,2019,0.0696,13-24,1,0.0
C102103,2020-09-09,2022-10-06,25,standard,33.99,534,0,annual,credit_card,0,21.36,0,1133,2020,0.0635,24+,0,0.0
C102104,2023-11-01,2024-07-30,9,standard,40.1,567,0,annual,credit_card,0,63.0,0,470,2023,0.0706,7-12,0,0.0
C102105,2021-01-27,2024-02-05,36,basic,19.92,183,1,monthly,credit_card,0,5.08,0,646,2021,0.1083,24+,0,0.027
C102106,2018-05-29,2018-09-03,3,standard,39.49,484,2,annual,credit_card,0,161.33,0,2627,2018,0.0814,0-3,0,0.5
C102107,2021-09-14,2024-04-19,31,standard,41.58,361,2,monthly,credit_card,0,11.65,0,572,2021,0.1149,24+,0,0.062
C102108,2021-03-25,2021-11-21,8,standard,37.11,472,0,annual,bank_transfer,0,59.0,0,1452,2021,0.0785,7-12,0,0.0
C102109,2018-07-09,2019-10-21,15,standard,35.3,466,1,monthly,debit_card,0,31.07,0,2214,2018,0.0756,13-24,0,0.062
C102110,2020-06-01,2021-02-21,8,standard,37.8,480,1,monthly,bank_transfer,1,60.0,0,1725,2020,0.0786,7-12,0,0.111
C102111,2024-04-29,2024-06-03,1,standard,35.05,526,2,monthly,bank_transfer,0,526.0,0,527,2024,0.0665,0-3,0,1.0
C102112,2019-02-04,2023-12-03,58,standard,39.4,581,1,monthly,credit_card,0,10.02,0,710,2019,0.0677,24+,0,0.017
C102113,2019-09-01,2022-05-06,32,basic,19.1,205,3,monthly,bank_transfer,1,6.41,1,1286,2019,0.0927,24+,0,0.091
C102114,2022-12-01,2023-07-02,7,standard,38.54,409,1,annual,debit_card,0,58.43,0,864,2022,0.094,7-12,0,0.125
C102115,2022-06-27,2023-01-11,6,standard,30.11,470,1,monthly,credit_card,0,78.33,0,1036,2022,0.0639,4-6,0,0.143
C102116,2022-04-25,2022-12-30,8,basic,18.63,198,2,annual,debit_card,0,24.75,0,1048,2022,0.0936,7-12,0,0.222
C102117,2023-11-19,2025-12-20,25,basic,16.5,145,0,annual,credit_card,1,5.8,0,-38,2023,0.113,24+,0,0.0
C102118,2021-10-14,2021-12-01,1,premium,85.66,1009,0,monthly,credit_card,0,1009.0,0,1442,2021,0.0848,0-3,1,0.0
C102119,2021-11-04,2021-12-27,1,standard,39.0,373,0,monthly,debit_card,0,373.0,0,1416,2021,0.1043,0-3,0,0.0
C102120,2020-03-30,2021-01-23,9,basic,18.32,193,0,monthly,credit_card,0,21.44,0,1754,2020,0.0944,7-12,0,0.0
C102121,2020-03-30,2022-03-07,23,basic,20.54,284,0,monthly,credit_card,0,12.35,0,1346,2020,0.0721,13-24,0,0.0
C102122,2019-02-24,2021-11-19,33,basic,16.9,274,1,monthly,debit_card,0,8.3,0,1454,2019,0.0615,24+,0,0.029
C102123,2018-05-04,2019-10-24,17,standard,39.42,505,0,monthly,debit_card,0,29.71,0,2211,2018,0.0779,13-24,0,0.0
C102124,2019-02-26,2020-01-13,10,basic,19.66,89,0,monthly,credit_card,0,8.9,0,2130,2019,0.2184,7-12,0,0.0
C102125,2022-02-17,2022-06-11,3,standard,43.1,530,0,monthly,debit_card,0,176.67,0,1250,2022,0.0812,0-3,0,0.0
C102126,2022-05-17,2022-06-25,1,basic,16.33,167,2,monthly,credit_card,0,167.0,0,1236,2022,0.0972,0-3,0,1.0
C102127,2020-02-07,2023-03-27,38,basic,16.64,182,2,annual,credit_card,1,4.79,0,961,2020,0.0909,24+,0,0.051
C102128,2023-08-07,2023-12-17,4,standard,34.99,531,2,annual,credit_card,1,132.75,0,696,2023,0.0658,4-6,0,0.4
C102129,2024-12-05,2025-10-15,10,standard,43.36,576,0,monthly,debit_card,1,57.6,0,28,2024,0.0751,7-12,0,0.0
C102130,2024-01-12,2024-02-23,1,basic,19.67,196,2,monthly,credit_card,1,196.0,0,628,2024,0.0998,0-3,0,1.0
C102131,2023-11-10,2024-02-03,2,basic,18.7,164,5,monthly,credit_card,0,82.0,1,648,2023,0.1133,0-3,0,1.667
C102132,2022-03-30,2023-01-07,9,basic,19.08,215,4,monthly,credit_card,0,23.89,1,1040,2022,0.0883,7-12,0,0.4
C102133,2024-11-07,2025-04-29,5,basic,22.23,269,1,monthly,paypal,0,53.8,0,197,2024,0.0823,4-6,0,0.167
C102134,2022-10-31,2023-08-12,9,standard,42.05,539,2,monthly,paypal,0,59.89,0,823,2022,0.0779,7-12,0,0.2
C102135,2023-08-07,2024-10-15,14,basic,19.85,238,0,monthly,paypal,0,17.0,0,393,2023,0.0831,13-24,0,0.0
C102136,2019-05-25,2021-02-15,21,standard,39.9,469,0,monthly,credit_card,0,22.33,0,1731,2019,0.0849,13-24,0,0.0
C102137,2021-04-21,2022-08-11,15,standard,41.58,432,0,monthly,paypal,0,28.8,0,1189,2021,0.096,13-24,0,0.0
C102138,2019-01-21,2021-09-03,31,basic,24.7,202,5,monthly,paypal,0,6.52,1,1531,2019,0.1217,24+,0,0.156
C102139,2022-05-17,2025-04-17,35,premium,78.8,1370,0,annual,debit_card,0,39.14,0,209,2022,0.0575,24+,1,0.0
C102140,2024-09-18,2024-11-01,1,basic,20.13,165,0,annual,credit_card,0,165.0,0,376,2024,0.1213,0-3,0,0.0
C102141,2024-04-12,2029-10-10,66,premium,80.05,1180,0,annual,credit_card,0,17.88,0,-1428,2024,0.0678,24+,1,0.0
C102142,2020-01-12,2020-02-25,1,basic,24.05,134,3,monthly,credit_card,1,134.0,1,2087,2020,0.1781,0-3,0,1.5
C102143,2023-03-27,2023-11-03,7,standard,40.0,497,1,monthly,credit_card,1,71.0,0,740,2023,0.0803,7-12,0,0.125
C102144,2021-12-17,2022-10-08,9,standard,36.8,431,2,monthly,debit_card,0,47.89,0,1131,2021,0.0852,7-12,0,0.2
C102145,2020-06-19,2024-05-22,47,basic,21.44,249,2,monthly,debit_card,1,5.3,0,539,2020,0.0858,24+,0,0.042
C102146,2023-10-14,2025-10-21,24,standard,42.22,613,0,annual,credit_card,0,25.54,0,22,2023,0.0688,13-24,0,0.0
C102147,2024-03-10,2024-04-19,1,basic,18.88,164,2,monthly,debit_card,0,164.0,0,572,2024,0.1144,0-3,0,1.0
C102148,2023-07-03,2024-08-29,14,premium,75.96,1119,0,monthly,credit_card,0,79.93,0,440,2023,0.0678,13-24,1,0.0
C102149,2018-08-30,2019-07-22,10,standard,39.89,414,2,annual,paypal,0,41.4,0,2305,2018,0.0961,7-12,0,0.182
C102150,2024-12-15,2025-03-28,3,premium,81.87,999,1,monthly,debit_card,0,333.0,0,229,2024,0.0819,0-3,1,0.25
C102151,2024-07-13,2026-09-04,26,basic,20.8,236,3,monthly,debit_card,0,9.08,1,-296,2024,0.0878,24+,0,0.111
C102152,2023-07-14,2025-01-27,18,standard,34.55,554,1,annual,credit_card,1,30.78,0,289,2023,0.0623,13-24,0,0.053
C102153,2018-06-22,2019-01-09,6,basic,23.66,189,6,monthly,credit_card,0,31.5,1,2499,2018,0.1245,4-6,0,0.857
C102154,2019-11-03,2022-10-30,36,basic,15.8,249,2,monthly,credit_card,0,6.92,0,1109,2019,0.0632,24+,0,0.054
C102155,2018-06-13,2019-10-16,16,basic,18.92,182,1,annual,paypal,0,11.38,0,2219,2018,0.1034,13-24,0,0.059
C102156,2019-04-10,2020-03-10,11,standard,36.51,592,2,monthly,credit_card,0,53.82,0,2073,2019,0.0616,7-12,0,0.167
C102157,2019-05-12,2020-11-01,17,standard,42.6,424,1,monthly,debit_card,0,24.94,0,1837,2019,0.1002,13-24,0,0.056
C102158,2019-12-01,2020-01-03,1,basic,21.54,125,5,monthly,credit_card,0,125.0,1,2140,2019,0.171,0-3,0,2.5
C102159,2024-09-08,2026-03-24,18,basic,20.65,261,1,annual,credit_card,0,14.5,0,-132,2024,0.0788,13-24,0,0.053
C102160,2019-12-04,2020-09-05,9,basic,19.54,204,3,monthly,credit_card,0,22.67,1,1894,2019,0.0953,7-12,0,0.3
C102161,2023-04-25,2023-08-29,4,standard,41.75,554,0,monthly,credit_card,0,138.5,0,806,2023,0.0752,4-6,0,0.0
C102162,2024-06-13,2026-04-26,22,basic,22.97,170,1,monthly,credit_card,0,7.73,0,-165,2024,0.1343,13-24,0,0.043
C102163,2022-11-27,2023-11-05,11,standard,40.44,444,1,annual,credit_card,0,40.36,0,738,2022,0.0909,7-12,0,0.083
C102164,2018-07-02,2018-11-25,4,standard,37.8,625,1,monthly,credit_card,0,156.25,0,2544,2018,0.0604,4-6,0,0.2
C102165,2019-09-21,2021-03-06,17,standard,43.14,534,1,monthly,credit_card,0,31.41,0,1712,2019,0.0806,13-24,0,0.056
C102166,2022-09-28,2024-11-09,25,basic,19.01,204,0,annual,debit_card,0,8.16,0,368,2022,0.0927,24+,0,0.0
C102167,2019-06-30,2023-08-06,49,standard,40.61,557,2,monthly,debit_card,1,11.37,0,829,2019,0.0728,24+,0,0.04
C102168,2022-05-07,2023-07-22,14,basic,25.04,308,1,monthly,credit_card,0,22.0,0,844,2022,0.081,13-24,0,0.067
C102169,2019-09-16,2022-06-12,33,basic,17.24,184,0,monthly,paypal,0,5.58,0,1249,2019,0.0932,24+,0,0.0
C102170,2019-08-17,2021-03-05,18,basic,19.22,245,1,monthly,credit_card,0,13.61,0,1713,2019,0.0781,13-24,0,0.053
C102171,2020-01-14,2021-12-25,23,premium,78.5,1177,1,annual,credit_card,0,51.17,0,1418,2020,0.0666,13-24,1,0.042
C102172,2022-11-04,2028-05-29,67,basic,22.96,162,2,monthly,credit_card,0,2.42,0,-929,2022,0.1409,24+,0,0.029
C102173,2021-12-30,2023-01-21,12,basic,17.38,231,3,monthly,credit_card,0,19.25,1,1026,2021,0.0749,7-12,0,0.231
C102174,2023-05-03,2025-10-20,30,basic,26.23,121,1,annual,paypal,1,4.03,0,23,2023,0.215,24+,0,0.032
C102175,2023-08-31,2023-10-21,1,standard,40.75,452,1,monthly,paypal,0,452.0,0,753,2023,0.09,0-3,0,0.5
C102176,2024-09-10,2024-12-20,3,basic,17.42,167,3,monthly,paypal,0,55.67,1,327,2024,0.1037,0-3,0,0.75
C102177,2018-04-15,2018-11-25,7,standard,42.63,545,2,monthly,credit_card,0,77.86,0,2544,2018,0.0781,7-12,0,0.25
C102178,2024-02-18,2029-02-02,60,basic,18.75,127,3,monthly,bank_transfer,0,2.12,1,-1178,2024,0.1465,24+,0,0.049
C102179,2018-01-17,2018-05-19,4,standard,41.72,578,1,annual,paypal,1,144.5,0,2734,2018,0.0721,4-6,0,0.2
C102180,2019-01-28,2019-11-30,10,basic,16.43,195,1,annual,credit_card,1,19.5,0,2174,2019,0.0838,7-12,0,0.091
C102181,2019-03-01,2021-03-04,24,standard,39.67,314,1,annual,debit_card,0,13.08,0,1714,2019,0.1259,13-24,0,0.04
C102182,2023-12-17,2024-04-14,3,premium,81.31,1403,0,monthly,debit_card,0,467.67,0,577,2023,0.0579,0-3,1,0.0
C102183,2019-07-26,2021-05-05,21,premium,77.56,1046,0,monthly,debit_card,0,49.81,0,1652,2019,0.0741,13-24,1,0.0
C102184,2023-09-08,2023-11-16,2,basic,14.4,232,0,monthly,bank_transfer,0,116.0,0,727,2023,0.0618,0-3,0,0.0
C102185,2021-01-25,2023-01-30,24,basic,17.8,210,2,monthly,debit_card,0,8.75,0,1017,2021,0.0844,13-24,0,0.08
C102186,2018-08-30,2019-01-13,4,basic,17.61,158,0,monthly,credit_card,0,39.5,0,2495,2018,0.1108,4-6,0,0.0
C102187,2024-03-29,2024-05-24,1,standard,37.12,545,1,annual,credit_card,1,545.0,0,537,2024,0.068,0-3,0,0.5
C102188,2020-02-28,2023-08-09,41,premium,78.32,1161,0,annual,bank_transfer,0,28.32,0,826,2020,0.0674,24+,1,0.0
C102189,2019-12-16,2020-01-17,1,standard,41.64,574,2,monthly,debit_card,1,574.0,0,2126,2019,0.0724,0-3,0,1.0
C102190,2020-01-29,2020-08-26,7,premium,82.26,1422,0,annual,credit_card,0,203.14,0,1904,2020,0.0578,7-12,1,0.0
C102191,2020-02-15,2020-03-31,1,basic,26.3,168,1,monthly,credit_card,0,168.0,0,2052,2020,0.1556,0-3,0,0.5
C102192,2024-02-26,2024-07-03,4,standard,42.37,550,1,monthly,debit_card,1,137.5,0,497,2024,0.0769,4-6,0,0.2
C102193,2018-03-20,2020-02-24,23,premium,82.15,1327,0,monthly,credit_card,1,57.7,0,2088,2018,0.0619,13-24,1,0.0
C102194,2020-05-05,2020-06-26,1,standard,43.47,428,2,monthly,debit_card,0,428.0,0,1965,2020,0.1013,0-3,0,1.0
C102195,2024-11-19,2026-12-05,24,standard,35.67,489,1,monthly,debit_card,0,20.38,0,-388,2024,0.0728,13-24,0,0.04
C102196,2021-12-10,2022-08-26,8,basic,18.15,253,2,monthly,credit_card,1,31.62,0,1174,2021,0.0715,7-12,0,0.222
C102197,2024-11-01,2024-12-28,1,basic,17.67,132,2,monthly,paypal,1,132.0,0,319,2024,0.1329,0-3,0,1.0
C102198,2023-11-05,2025-01-21,14,basic,22.63,218,1,monthly,credit_card,0,15.57,0,295,2023,0.1033,13-24,0,0.067
C102199,2023-11-19,2024-05-09,5,basic,16.06,170,3,monthly,credit_card,0,34.0,1,552,2023,0.0939,4-6,0,0.5
C102200,2020-10-28,2021-07-06,8,basic,21.78,230,4,annual,credit_card,0,28.75,1,1590,2020,0.0943,7-12,0,0.444
C102201,2020-04-24,2020-06-02,1,standard,37.75,557,2,monthly,debit_card,0,557.0,0,1989,2020,0.0677,0-3,0,1.0
C102202,2018-03-28,2018-10-20,6,basic,13.78,136,3,monthly,debit_card,0,22.67,1,2580,2018,0.1006,4-6,0,0.429
C102203,2023-09-22,2024-11-13,13,basic,17.05,174,0,annual,debit_card,0,13.38,0,364,2023,0.0974,13-24,0,0.0
C102204,2019-02-12,2023-07-25,54,standard,33.68,540,2,monthly,credit_card,0,10.0,0,841,2019,0.0623,24+,0,0.036
C102205,2022-07-27,2022-10-02,2,standard,40.28,649,1,monthly,bank_transfer,0,324.5,0,1137,2022,0.062,0-3,0,0.333
C102206,2018-05-28,2019-04-08,10,basic,19.78,187,0,annual,debit_card,0,18.7,0,2410,2018,0.1052,7-12,0,0.0
C102207,2024-05-13,2024-11-19,6,basic,23.65,169,1,monthly,paypal,1,28.17,0,358,2024,0.1391,4-6,0,0.143
C102208,2018-08-20,2019-07-27,11,basic,23.09,208,1,monthly,debit_card,0,18.91,0,2300,2018,0.1105,7-12,0,0.083
C102209,2023-05-05,2023-10-03,5,basic,19.15,132,3,annual,credit_card,0,26.4,1,771,2023,0.144,4-6,0,0.5
C102210,2019-01-01,2021-08-24,32,standard,36.55,594,1,monthly,credit_card,0,18.56,0,1541,2019,0.0614,24+,0,0.03
C102211,2022-08-02,2022-11-17,3,standard,37.71,547,0,monthly,debit_card,1,182.33,0,1091,2022,0.0688,0-3,0,0.0
C102212,2019-03-12,2020-11-03,20,basic,21.18,236,2,monthly,debit_card,0,11.8,0,1835,2019,0.0894,13-24,0,0.095
C102213,2019-02-03,2019-03-21,1,basic,16.19,186,1,monthly,credit_card,1,186.0,0,2428,2019,0.0866,0-3,0,0.5
C102214,2021-05-19,2022-07-09,13,standard,41.31,405,2,monthly,credit_card,0,31.15,0,1222,2021,0.1017,13-24,0,0.143
C102215,2021-11-15,2029-06-18,92,basic,21.07,321,1,annual,credit_card,0,3.49,0,-1314,2021,0.0654,24+,0,0.011
C102216,2024-12-21,2026-01-19,13,standard,42.73,566,0,monthly,bank_transfer,0,43.54,0,-68,2024,0.0754,13-24,0,0.0
C102217,2019-07-17,2024-02-03,55,basic,21.42,159,4,monthly,paypal,0,2.89,1,648,2019,0.1339,24+,0,0.071
C102218,2024-10-25,2027-08-25,34,basic,17.22,110,1,annual,credit_card,0,3.24,0,-651,2024,0.1551,24+,0,0.029
C102219,2021-07-08,2021-09-10,2,standard,37.39,351,0,monthly,credit_card,1,175.5,0,1524,2021,0.1062,0-3,0,0.0
C102220,2020-02-12,2021-06-06,16,premium,75.72,950,0,monthly,bank_transfer,0,59.38,0,1620,2020,0.0796,13-24,1,0.0
C102221,2024-07-25,2026-02-19,19,premium,78.23,1171,0,annual,credit_card,0,61.63,0,-99,2024,0.0667,13-24,1,0.0
C102222,2023-07-31,2026-02-04,30,basic,17.31,159,0,annual,credit_card,0,5.3,0,-84,2023,0.1082,24+,0,0.0
C102223,2021-09-05,2029-07-02,95,standard,34.65,541,1,monthly,paypal,0,5.69,0,-1328,2021,0.0639,24+,0,0.01
C102224,2023-12-26,2025-01-14,12,basic,24.75,282,3,monthly,credit_card,0,23.5,1,302,2023,0.0875,7-12,0,0.231
C102225,2022-04-23,2023-08-13,15,basic,20.99,220,5,annual,credit_card,0,14.67,1,822,2022,0.095,13-24,0,0.312
C102226,2020-09-18,2023-08-10,35,standard,41.56,457,0,monthly,debit_card,1,13.06,0,825,2020,0.0907,24+,0,0.0
C102227,2024-08-12,2028-07-01,47,standard,37.54,356,0,monthly,bank_transfer,0,7.57,0,-962,2024,0.1052,24+,0,0.0
C102228,2021-05-31,2023-01-27,20,basic,19.43,213,1,monthly,bank_transfer,0,10.65,0,1020,2021,0.0908,13-24,0,0.048
C102229,2018-12-26,2019-03-03,2,premium,79.34,1367,1,annual,credit_card,0,683.5,0,2446,2018,0.058,0-3,1,0.333
C102230,2020-07-09,2020-12-05,4,standard,38.36,507,1,monthly,debit_card,0,126.75,0,1803,2020,0.0755,4-6,0,0.2
C102231,2024-07-04,2025-02-13,7,standard,41.36,540,2,monthly,paypal,0,77.14,0,272,2024,0.0765,7-12,0,0.25
C102232,2024-11-15,2028-08-01,45,standard,39.51,492,2,monthly,bank_transfer,0,10.93,0,-993,2024,0.0801,24+,0,0.043
C102233,2020-08-20,2021-03-04,6,basic,20.97,291,1,monthly,debit_card,0,48.5,0,1714,2020,0.0718,4-6,0,0.143
C102234,2023-01-02,2023-04-04,3,standard,38.97,449,1,annual,credit_card,0,149.67,0,953,2023,0.0866,0-3,0,0.25
C102235,2022-06-02,2023-12-31,19,basic,21.18,170,0,monthly,debit_card,0,8.95,0,682,2022,0.1239,13-24,0,0.0
C102236,2022-06-29,2024-05-16,22,basic,20.92,225,1,monthly,credit_card,0,10.23,0,545,2022,0.0926,13-24,0,0.043
C102237,2024-01-26,2024-09-19,7,premium,84.23,1174,1,monthly,credit_card,0,167.71,0,419,2024,0.0717,7-12,1,0.125
C102238,2018-08-05,2019-08-28,12,standard,41.63,490,0,monthly,credit_card,0,40.83,0,2268,2018,0.0848,7-12,0,0.0
C102239,2019-01-13,2021-09-21,32,basic,27.26,234,2,monthly,debit_card,0,7.31,0,1513,2019,0.116,24+,0,0.061
C102240,2018-04-29,2018-07-18,2,basic,18.02,187,0,annual,debit_card,1,93.5,0,2674,2018,0.0959,0-3,0,0.0
C102241,2018-07-09,2023-07-01,60,standard,39.58,543,2,monthly,credit_card,0,9.05,0,865,2018,0.0728,24+,0,0.033
C102242,2019-01-05,2022-03-06,38,premium,77.68,1014,0,monthly,credit_card,0,26.68,0,1347,2019,0.0765,24+,1,0.0
C102243,2022-12-07,2023-07-06,7,basic,21.45,197,1,monthly,credit_card,0,28.14,0,860,2022,0.1083,7-12,0,0.125
C102244,2024-01-06,2024-07-17,6,basic,21.23,172,1,monthly,credit_card,0,28.67,0,483,2024,0.1227,4-6,0,0.143
C102245,2019-10-14,2023-01-17,39,basic,16.76,184,1,monthly,paypal,0,4.72,0,1030,2019,0.0906,24+,0,0.025
C102246,2023-02-26,2023-11-21,8,basic,17.22,165,1,monthly,credit_card,0,20.62,0,722,2023,0.1037,7-12,0,0.111
C102247,2022-02-20,2022-11-30,9,basic,17.83,201,1,monthly,credit_card,1,22.33,0,1078,2022,0.0883,7-12,0,0.1
C102248,2020-02-09,2022-02-01,24,standard,38.16,450,1,annual,paypal,0,18.75,0,1380,2020,0.0846,13-24,0,0.04
C102249,2024-08-18,2025-07-13,10,basic,17.42,171,3,monthly,paypal,1,17.1,1,122,2024,0.1013,7-12,0,0.273
C102250,2020-02-20,2022-07-11,29,basic,19.98,145,1,monthly,bank_transfer,1,5.0,0,1220,2020,0.1368,24+,0,0.033
C102251,2022-09-13,2024-03-19,18,basic,17.61,145,1,monthly,debit_card,0,8.06,0,603,2022,0.1206,13-24,0,0.053
C102252,2024-01-17,2026-06-28,29,standard,37.09,431,1,monthly,debit_card,1,14.86,0,-228,2024,0.0859,24+,0,0.033
C102253,2024-07-26,2026-02-15,18,basic,19.56,266,2,monthly,bank_transfer,0,14.78,0,-95,2024,0.0733,13-24,0,0.105
C102254,2021-08-04,2021-12-08,4,standard,40.46,329,1,monthly,credit_card,0,82.25,0,1435,2021,0.1226,4-6,0,0.2
C102255,2021-06-03,2025-08-04,50,basic,16.64,157,2,annual,credit_card,0,3.14,0,100,2021,0.1053,24+,0,0.039
C102256,2019-06-07,2019-07-29,1,standard,40.64,489,1,annual,paypal,0,489.0,0,2298,2019,0.0829,0-3,0,0.5
C102257,2019-06-06,2021-12-21,30,basic,17.2,200,1,monthly,credit_card,0,6.67,0,1422,2019,0.0856,24+,0,0.032
C102258,2020-02-22,2022-04-26,26,standard,37.76,504,0,monthly,paypal,1,19.38,0,1296,2020,0.0748,24+,0,0.0
C102259,2024-05-09,2024-08-04,2,premium,75.53,1235,0,annual,credit_card,0,617.5,0,465,2024,0.0611,0-3,1,0.0
C102260,2020-07-24,2022-07-22,24,basic,24.48,254,0,monthly,credit_card,0,10.58,0,1209,2020,0.096,13-24,0,0.0
C102261,2024-02-09,2028-08-21,55,standard,40.4,484,1,annual,credit_card,0,8.8,0,-1013,2024,0.0833,24+,0,0.018
C102262,2022-08-16,2025-01-18,29,basic,16.11,236,0,monthly,paypal,0,8.14,0,298,2022,0.068,24+,0,0.0
C102263,2019-05-03,2019-08-23,3,basic,19.88,141,2,monthly,credit_card,0,47.0,0,2273,2019,0.14,0-3,0,0.5
C102264,2023-01-25,2024-06-30,17,basic,20.36,312,2,monthly,debit_card,0,18.35,0,500,2023,0.065,13-24,0,0.111
C102265,2020-04-25,2021-12-22,20,basic,18.89,233,0,monthly,credit_card,0,11.65,0,1421,2020,0.0807,13-24,0,0.0
C102266,2023-12-12,2030-01-27,74,standard,40.61,503,1,monthly,debit_card,0,6.8,0,-1537,2023,0.0806,24+,0,0.013
C102267,2024-09-27,2025-09-11,11,premium,78.91,1279,0,annual,debit_card,0,116.27,0,62,2024,0.0616,7-12,1,0.0
C102268,2023-06-27,2023-11-05,4,premium,80.43,1358,1,annual,bank_transfer,0,339.5,0,738,2023,0.0592,4-6,1,0.2
C102269,2022-10-15,2023-02-05,3,basic,17.59,200,2,monthly,credit_card,0,66.67,0,1011,2022,0.0875,0-3,0,0.5
C102270,2019-11-17,2020-01-11,1,basic,15.83,153,4,monthly,paypal,0,153.0,1,2132,2019,0.1028,0-3,0,2.0
C102271,2023-12-01,2025-03-18,15,standard,39.4,400,1,annual,credit_card,0,26.67,0,239,2023,0.0983,13-24,0,0.062
C102272,2023-12-10,2027-10-13,46,basic,16.66,170,1,annual,paypal,0,3.7,0,-700,2023,0.0974,24+,0,0.021
C102273,2022-04-17,2025-05-12,37,basic,22.09,150,3,monthly,credit_card,1,4.05,1,184,2022,0.1463,24+,0,0.079
C102274,2021-05-30,2022-09-16,15,basic,21.71,143,1,monthly,credit_card,0,9.53,0,1153,2021,0.1508,13-24,0,0.062
C102275,2018-02-08,2018-06-26,4,basic,14.71,131,2,monthly,paypal,1,32.75,0,2696,2018,0.1114,4-6,0,0.4
C102276,2024-12-19,2025-03-09,2,basic,25.71,190,2,monthly,paypal,0,95.0,0,248,2024,0.1346,0-3,0,0.667
C102277,2020-02-19,2023-08-22,42,standard,41.67,569,3,annual,credit_card,0,13.55,1,813,2020,0.0731,24+,0,0.07
C102278,2021-06-10,2024-06-27,37,basic,17.37,277,1,monthly,credit_card,0,7.49,0,503,2021,0.0625,24+,0,0.026
C102279,2024-01-06,2024-03-05,1,basic,21.42,300,0,monthly,credit_card,0,300.0,0,617,2024,0.0712,0-3,0,0.0
C102280,2023-04-12,2025-04-17,24,premium,79.95,1023,0,monthly,credit_card,0,42.62,0,209,2023,0.0781,13-24,1,0.0
C102281,2018-10-29,2019-12-20,13,premium,82.63,1402,3,monthly,debit_card,0,107.85,1,2154,2018,0.0589,13-24,1,0.214
C102282,2024-04-04,2024-06-08,2,basic,24.73,178,2,annual,paypal,1,89.0,0,522,2024,0.1382,0-3,0,0.667
C102283,2019-10-09,2020-05-31,7,basic,17.1,148,2,monthly,credit_card,0,21.14,0,1991,2019,0.1148,7-12,0,0.25
C102284,2019-10-25,2020-09-15,10,basic,13.54,279,2,monthly,debit_card,1,27.9,0,1884,2019,0.0484,7-12,0,0.182
C102285,2024-04-02,2025-07-30,16,standard,43.9,473,1,annual,paypal,0,29.56,0,105,2024,0.0926,13-24,0,0.059
C102286,2022-10-26,2023-08-27,10,standard,39.23,545,0,monthly,credit_card,0,54.5,0,808,2022,0.0718,7-12,0,0.0
C102287,2024-02-29,2024-09-04,6,premium,75.82,1227,1,monthly,credit_card,0,204.5,0,434,2024,0.0617,4-6,1,0.143
C102288,2018-09-13,2019-02-23,5,premium,78.49,1256,0,annual,credit_card,0,251.2,0,2454,2018,0.0624,4-6,1,0.0
C102289,2019-08-21,2022-03-15,31,basic,15.76,124,2,monthly,debit_card,0,4.0,0,1338,2019,0.1261,24+,0,0.062
C102290,2019-10-24,2021-03-13,16,standard,37.67,530,1,monthly,debit_card,0,33.12,0,1705,2019,0.0709,13-24,0,0.059
C102291,2018-08-23,2018-12-03,3,standard,36.94,464,1,monthly,credit_card,0,154.67,0,2536,2018,0.0794,0-3,0,0.25
C102292,2021-09-30,2022-06-25,8,basic,22.27,262,3,monthly,debit_card,1,32.75,1,1236,2021,0.0847,7-12,0,0.333
C102293,2020-02-09,2022-08-27,31,basic,19.2,167,1,annual,paypal,0,5.39,0,1173,2020,0.1143,24+,0,0.031
C102294,2018-08-01,2020-08-07,24,premium,85.55,1283,2,monthly,bank_transfer,0,53.46,0,1923,2018,0.0666,13-24,1,0.08
C102295,2019-04-08,2021-01-26,21,standard,39.85,436,1,monthly,credit_card,0,20.76,0,1751,2019,0.0912,13-24,0,0.045
C102296,2024-10-19,2027-05-30,31,premium,83.43,1366,1,monthly,credit_card,0,44.06,0,-564,2024,0.061,24+,1,0.031
C102297,2018-10-10,2021-08-12,34,standard,39.84,526,2,annual,paypal,0,15.47,0,1553,2018,0.0756,24+,0,0.057
C102298,2022-01-26,2022-10-20,8,standard,44.0,433,1,annual,debit_card,0,54.12,0,1119,2022,0.1014,7-12,0,0.111
C102299,2021-12-01,2022-01-17,1,standard,45.48,503,0,monthly,credit_card,0,503.0,0,1395,2021,0.0902,0-3,0,0.0
C102300,2018-03-29,2019-06-28,15,standard,36.45,443,2,monthly,credit_card,0,29.53,0,2329,2018,0.0821,13-24,0,0.125
C102301,2020-12-03,2025-01-29,50,standard,44.45,304,2,monthly,credit_card,0,6.08,0,287,2020,0.1457,24+,0,0.039
C102302,2019-04-06,2020-09-02,17,premium,79.68,1293,1,monthly,credit_card,0,76.06,0,1897,2019,0.0616,13-24,1,0.056
C102303,2024-05-14,2026-09-18,28,premium,78.91,1147,1,annual,bank_transfer,0,40.96,0,-310,2024,0.0687,24+,1,0.034
C102304,2024-10-04,2025-04-18,6,premium,78.41,1017,0,monthly,debit_card,0,169.5,0,208,2024,0.077,4-6,1,0.0
C102305,2022-09-21,2023-08-20,11,basic,21.14,145,2,monthly,credit_card,0,13.18,0,815,2022,0.1448,7-12,0,0.167
C102306,2021-10-08,2025-05-23,44,basic,15.92,137,1,annual,debit_card,0,3.11,0,173,2021,0.1154,24+,0,0.022
C102307,2019-05-30,2020-07-16,13,basic,28.72,119,5,monthly,bank_transfer,0,9.15,1,1945,2019,0.2393,13-24,0,0.357
C102308,2019-12-04,2020-08-13,8,premium,80.64,1218,1,monthly,debit_card,0,152.25,0,1917,2019,0.0662,7-12,1,0.111
C102309,2022-07-12,2022-11-05,3,basic,15.85,194,3,monthly,debit_card,1,64.67,1,1103,2022,0.0813,0-3,0,0.75
C102310,2023-08-29,2024-02-12,5,standard,39.5,408,2,annual,paypal,0,81.6,0,639,2023,0.0966,4-6,0,0.333
C102311,2018-01-23,2022-05-24,52,premium,83.93,1179,1,monthly,debit_card,0,22.67,0,1268,2018,0.0711,24+,1,0.019
C102312,2024-09-26,2025-11-18,13,standard,38.41,456,3,monthly,debit_card,0,35.08,1,-6,2024,0.084,13-24,0,0.214
C102313,2020-11-19,2022-09-07,21,standard,43.03,538,1,annual,credit_card,0,25.62,0,1162,2020,0.0798,13-24,0,0.045
C102314,2023-01-05,2024-03-26,14,basic,16.64,244,1,monthly,debit_card,0,17.43,0,596,2023,0.0679,13-24,0,0.067
C102315,2023-11-26,2027-04-16,41,standard,41.25,463,0,monthly,debit_card,0,11.29,0,-520,2023,0.0889,24+,0,0.0
C102316,2021-07-28,2023-01-22,18,basic,23.02,291,1,monthly,credit_card,1,16.17,0,1025,2021,0.0788,13-24,0,0.053
C102317,2021-02-08,2021-04-04,1,standard,36.45,491,1,annual,paypal,1,491.0,0,1683,2021,0.0741,0-3,0,0.5
C102318,2023-12-24,2024-05-06,4,premium,81.5,1444,0,monthly,credit_card,1,361.0,0,555,2023,0.0564,4-6,1,0.0
C102319,2018-12-28,2019-08-24,7,basic,19.65,173,5,monthly,paypal,1,24.71,1,2272,2018,0.1129,7-12,0,0.625
C102320,2023-12-17,2025-11-07,23,premium,77.62,1206,0,monthly,debit_card,0,52.43,0,5,2023,0.0643,13-24,1,0.0
C102321,2023-03-15,2027-10-19,55,basic,23.41,167,4,annual,credit_card,0,3.04,1,-706,2023,0.1393,24+,0,0.071
C102322,2021-07-08,2021-11-20,4,basic,24.53,187,3,monthly,credit_card,0,46.75,1,1453,2021,0.1305,4-6,0,0.6
C102323,2019-05-30,2022-03-19,34,basic,22.38,133,1,monthly,bank_transfer,0,3.91,0,1334,2019,0.167,24+,0,0.029
C102324,2019-03-25,2019-09-27,6,standard,36.73,475,0,annual,debit_card,0,79.17,0,2238,2019,0.0772,4-6,0,0.0
C102325,2023-04-08,2024-11-08,19,basic,16.55,218,2,monthly,debit_card,0,11.47,0,369,2023,0.0756,13-24,0,0.1
C102326,2022-02-15,2022-07-18,5,premium,77.44,1416,0,annual,credit_card,0,283.2,0,1213,2022,0.0547,4-6,1,0.0
C102327,2021-06-01,2025-12-09,55,standard,41.27,434,2,annual,credit_card,0,7.89,0,-27,2021,0.0949,24+,0,0.036
C102328,2023-01-30,2023-10-21,8,premium,77.53,1296,0,monthly,debit_card,0,162.0,0,753,2023,0.0598,7-12,1,0.0
C102329,2020-05-23,2020-08-26,3,standard,34.03,586,0,monthly,paypal,0,195.33,0,1904,2020,0.058,0-3,0,0.0
C102330,2024-11-25,2025-10-23,11,basic,19.64,168,2,annual,debit_card,0,15.27,0,20,2024,0.1162,7-12,0,0.167
C102331,2021-11-29,2025-11-01,47,premium,80.57,1183,1,monthly,credit_card,0,25.17,0,11,2021,0.068,24+,1,0.021
C102332,2024-06-07,2025-01-05,7,basic,20.77,194,4,annual,credit_card,0,27.71,1,311,2024,0.1065,7-12,0,0.5
C102333,2024-03-28,2027-05-30,38,basic,16.69,215,1,annual,credit_card,0,5.66,0,-564,2024,0.0773,24+,0,0.026
C102334,2022-10-21,2024-05-09,18,basic,19.5,278,1,monthly,credit_card,0,15.44,0,552,2022,0.0699,13-24,0,0.053
C102335,2020-07-11,2020-08-23,1,basic,19.23,225,1,monthly,debit_card,1,225.0,0,1907,2020,0.0851,0-3,0,0.5
C102336,2023-11-30,2026-04-09,28,standard,40.21,360,4,monthly,credit_card,0,12.86,1,-148,2023,0.1114,24+,0,0.138
C102337,2020-11-02,2024-02-09,39,standard,39.23,581,1,monthly,credit_card,1,14.9,0,642,2020,0.0674,24+,0,0.025
C102338,2021-11-17,2024-05-10,30,basic,20.7,203,4,annual,credit_card,0,6.77,1,551,2021,0.1015,24+,0,0.129
C102339,2024-12-22,2025-04-10,3,standard,41.92,485,1,monthly,credit_card,0,161.67,0,216,2024,0.0863,0-3,0,0.25
C102340,2024-03-31,2024-08-25,4,standard,42.25,571,3,monthly,credit_card,0,142.75,1,444,2024,0.0739,4-6,0,0.6
C102341,2018-11-10,2019-01-02,1,basic,17.03,181,2,annual,paypal,1,181.0,0,2506,2018,0.0936,0-3,0,1.0
C102342,2024-03-06,2024-04-30,1,basic,19.92,233,4,annual,paypal,1,233.0,1,561,2024,0.0851,0-3,0,2.0
C102343,2023-06-21,2023-11-02,4,basic,18.28,222,0,monthly,paypal,1,55.5,0,741,2023,0.082,4-6,0,0.0
C102344,2020-11-03,2021-10-10,11,basic,19.41,177,3,monthly,credit_card,0,16.09,1,1494,2020,0.109,7-12,0,0.25
C102345,2022-07-15,2024-11-09,28,basic,17.26,144,2,annual,bank_transfer,0,5.14,0,368,2022,0.119,24+,0,0.069
C102346,2022-11-14,2025-06-20,31,basic,18.0,231,2,monthly,credit_card,0,7.45,0,145,2022,0.0776,24+,0,0.062
C102347,2020-10-11,2021-12-03,13,basic,23.38,96,1,annual,credit_card,0,7.38,0,1440,2020,0.241,13-24,0,0.071
C102348,2020-12-29,2022-08-01,19,standard,38.98,422,1,monthly,debit_card,1,22.21,0,1199,2020,0.0922,13-24,0,0.05
C102349,2021-01-29,2022-10-18,20,basic,24.31,76,3,annual,debit_card,0,3.8,1,1121,2021,0.3157,13-24,0,0.143
C102350,2019-11-29,2022-03-03,27,basic,17.81,238,0,monthly,credit_card,0,8.81,0,1350,2019,0.0745,24+,0,0.0
C102351,2023-12-20,2025-10-06,21,basic,16.71,240,2,monthly,bank_transfer,0,11.43,0,37,2023,0.0693,13-24,0,0.091
C102352,2021-11-05,2022-01-11,2,basic,19.87,264,3,annual,credit_card,0,132.0,1,1401,2021,0.075,0-3,0,1.0
C102353,2021-03-01,2022-08-23,18,premium,76.81,1233,0,annual,bank_transfer,0,68.5,0,1177,2021,0.0622,13-24,1,0.0
C102354,2020-11-09,2021-10-21,11,basic,21.64,336,2,monthly,debit_card,1,30.55,0,1483,2020,0.0642,7-12,0,0.167
C102355,2023-04-14,2023-11-23,7,standard,42.75,512,3,annual,credit_card,0,73.14,1,720,2023,0.0833,7-12,0,0.375
C102356,2020-10-10,2022-03-28,17,standard,37.25,444,2,annual,paypal,0,26.12,0,1325,2020,0.0837,13-24,0,0.111
C102357,2018-08-15,2020-07-06,23,standard,39.68,460,3,annual,debit_card,0,20.0,1,1955,2018,0.0861,13-24,0,0.125
C102358,2023-01-03,2023-11-12,10,standard,38.11,540,1,annual,credit_card,0,54.0,0,731,2023,0.0704,7-12,0,0.091
C102359,2022-02-01,2028-10-19,81,premium,80.74,1310,0,monthly,credit_card,1,16.17,0,-1072,2022,0.0616,24+,1,0.0
C102360,2020-04-01,2025-02-19,59,standard,35.45,546,1,annual,debit_card,1,9.25,0,266,2020,0.0648,24+,0,0.017
C102361,2023-07-17,2024-05-11,9,premium,79.31,1409,1,monthly,debit_card,0,156.56,0,550,2023,0.0562,7-12,1,0.1
C102362,2020-05-20,2021-11-19,18,standard,41.24,339,2,annual,bank_transfer,0,18.83,0,1454,2020,0.1213,13-24,0,0.105
C102363,2024-09-18,2025-01-03,3,basic,17.55,194,1,annual,credit_card,1,64.67,0,313,2024,0.09,0-3,0,0.25
C102364,2024-02-28,2025-09-02,18,basic,23.49,193,1,monthly,credit_card,0,10.72,0,71,2024,0.1211,13-24,0,0.053
C102365,2023-09-17,2025-08-06,22,standard,35.12,436,2,monthly,paypal,0,19.82,0,98,2023,0.0804,13-24,0,0.087
C102366,2022-12-01,2023-02-23,2,basic,15.92,179,3,annual,credit_card,1,89.5,1,993,2022,0.0884,0-3,0,1.0
C102367,2018-07-07,2019-02-13,7,basic,19.6,236,2,annual,paypal,0,33.71,0,2464,2018,0.0827,7-12,0,0.25
C102368,2020-12-16,2021-01-19,1,basic,17.56,292,0,annual,credit_card,0,292.0,0,1758,2020,0.0599,0-3,0,0.0
C102369,2020-07-29,2020-09-10,1,standard,37.3,488,0,monthly,credit_card,1,488.0,0,1889,2020,0.0763,0-3,0,0.0
C102370,2024-05-09,2024-11-11,6,standard,41.5,578,1,annual,bank_transfer,0,96.33,0,366,2024,0.0717,4-6,0,0.143
C102371,2019-06-10,2021-10-22,28,standard,37.56,551,3,monthly,credit_card,1,19.68,1,1482,2019,0.068,24+,0,0.103
C102372,2018-12-02,2022-09-29,46,basic,15.34,112,3,monthly,credit_card,0,2.43,1,1140,2018,0.1358,24+,0,0.064
C102373,2020-12-14,2022-06-14,18,standard,39.79,494,4,monthly,credit_card,1,27.44,1,1247,2020,0.0804,13-24,0,0.211
C102374,2024-12-22,2025-10-21,10,basic,26.89,155,3,annual,credit_card,0,15.5,1,22,2024,0.1724,7-12,0,0.273
C102375,2018-06-11,2018-07-11,1,basic,22.44,180,1,monthly,debit_card,1,180.0,0,2681,2018,0.124,0-3,0,0.5
C102376,2019-08-17,2020-04-10,7,standard,38.64,611,0,monthly,debit_card,1,87.29,0,2042,2019,0.0631,7-12,0,0.0
C102377,2023-04-23,2025-09-04,28,basic,23.16,134,2,annual,credit_card,0,4.79,0,69,2023,0.1716,24+,0,0.069
C102378,2024-01-16,2030-09-16,81,standard,43.9,529,0,monthly,credit_card,0,6.53,0,-1769,2024,0.0828,24+,0,0.0
C102379,2018-03-01,2018-11-28,9,basic,22.03,175,2,monthly,bank_transfer,0,19.44,0,2541,2018,0.1252,7-12,0,0.2
C102380,2023-03-17,2024-09-29,18,standard,38.32,585,0,monthly,paypal,0,32.5,0,409,2023,0.0654,13-24,0,0.0
C102381,2024-03-08,2030-12-12,82,basic,19.98,179,4,monthly,bank_transfer,1,2.18,1,-1856,2024,0.111,24+,0,0.048
C102382,2019-02-10,2022-02-14,36,basic,23.16,194,0,annual,debit_card,0,5.39,0,1367,2019,0.1188,24+,0,0.0
C102383,2019-10-26,2020-03-18,4,standard,43.18,503,0,annual,credit_card,0,125.75,0,2065,2019,0.0857,4-6,0,0.0
C102384,2021-02-06,2021-07-14,5,premium,76.98,1114,0,annual,paypal,1,222.8,0,1582,2021,0.069,4-6,1,0.0
C102385,2021-01-04,2022-09-30,21,basic,25.02,245,1,monthly,paypal,0,11.67,0,1139,2021,0.1017,13-24,0,0.045
C102386,2019-06-26,2019-11-02,4,premium,82.34,1009,1,monthly,credit_card,0,252.25,0,2202,2019,0.0815,4-6,1,0.2
C102387,2021-08-30,2022-07-26,11,standard,37.13,451,0,monthly,credit_card,0,41.0,0,1205,2021,0.0821,7-12,0,0.0
C102388,2020-09-24,2022-03-17,17,standard,43.98,436,1,monthly,credit_card,0,25.65,0,1336,2020,0.1006,13-24,0,0.056
C102389,2021-02-14,2022-10-01,19,standard,38.11,499,1,monthly,credit_card,1,26.26,0,1138,2021,0.0762,13-24,0,0.05
C102390,2020-05-17,2022-12-30,31,standard,39.78,497,1,monthly,bank_transfer,0,16.03,0,1048,2020,0.0799,24+,0,0.031
C102391,2023-08-29,2023-10-27,1,basic,20.32,171,3,monthly,credit_card,0,171.0,1,747,2023,0.1181,0-3,0,1.5
C102392,2019-03-08,2019-05-05,1,standard,37.86,629,0,monthly,paypal,0,629.0,0,2383,2019,0.0601,0-3,0,0.0
C102393,2020-01-10,2021-06-11,17,standard,41.32,547,3,annual,debit_card,0,32.18,1,1615,2020,0.0754,13-24,0,0.167
C102394,2021-10-05,2021-11-30,1,basic,22.42,82,2,annual,credit_card,1,82.0,0,1443,2021,0.2701,0-3,0,1.0
C102395,2018-07-02,2020-04-17,21,basic,24.56,201,0,annual,credit_card,0,9.57,0,2035,2018,0.1216,13-24,0,0.0
C102396,2023-12-01,2026-01-27,26,premium,78.62,1241,1,annual,debit_card,0,47.73,0,-76,2023,0.0633,24+,1,0.037
C102397,2021-04-21,2021-06-22,2,basic,25.88,235,2,annual,credit_card,1,117.5,0,1604,2021,0.1097,0-3,0,0.667
C102398,2024-12-03,2026-01-28,14,standard,41.11,604,6,monthly,debit_card,0,43.14,1,-77,2024,0.068,13-24,0,0.4
C102399,2021-03-15,2021-11-01,7,basic,21.32,248,1,monthly,credit_card,0,35.43,0,1472,2021,0.0856,7-12,0,0.125
C102400,2020-04-10,2020-12-13,8,premium,78.17,1236,0,monthly,paypal,0,154.5,0,1795,2020,0.0632,7-12,1,0.0
C102401,2022-07-10,2027-03-30,57,standard,41.95,486,0,monthly,credit_card,0,8.53,0,-503,2022,0.0861,24+,0,0.0
C102402,2021-02-10,2021-03-16,1,basic,21.31,138,2,annual,credit_card,1,138.0,0,1702,2021,0.1533,0-3,0,1.0
C102403,2019-04-21,2020-02-18,10,standard,41.13,450,2,monthly,debit_card,0,45.0,0,2094,2019,0.0912,7-12,0,0.182
C102404,2021-08-19,2023-12-04,27,basic,19.43,125,3,annual,debit_card,0,4.63,1,709,2021,0.1542,24+,0,0.107
C102405,2020-08-28,2020-12-23,3,basic,16.14,98,3,annual,debit_card,0,32.67,1,1785,2020,0.163,0-3,0,0.75
C102406,2020-10-16,2021-01-17,3,basic,15.71,192,1,monthly,credit_card,1,64.0,0,1760,2020,0.0814,0-3,0,0.25
C102407,2021-02-15,2022-10-18,20,standard,33.96,609,1,monthly,credit_card,0,30.45,0,1121,2021,0.0557,13-24,0,0.048
C102408,2023-01-11,2023-02-28,1,premium,79.87,1119,0,monthly,paypal,1,1119.0,0,988,2023,0.0713,0-3,1,0.0
C102409,2018-06-10,2020-11-12,29,standard,44.44,574,2,annual,debit_card,1,19.79,0,1826,2018,0.0773,24+,0,0.067
C102410,2024-09-14,2027-02-08,29,basic,20.79,142,5,monthly,paypal,0,4.9,1,-453,2024,0.1454,24+,0,0.167
C102411,2018-07-17,2018-11-22,4,basic,20.32,227,0,monthly,credit_card,1,56.75,0,2547,2018,0.0891,4-6,0,0.0
C102412,2021-07-07,2023-07-01,24,standard,39.72,576,2,monthly,debit_card,0,24.0,0,865,2021,0.0688,13-24,0,0.08
C102413,2019-10-22,2020-04-13,5,standard,41.03,351,3,monthly,credit_card,0,70.2,1,2039,2019,0.1166,4-6,0,0.5
C102414,2022-11-11,2024-09-28,22,standard,36.91,450,3,monthly,bank_transfer,0,20.45,1,410,2022,0.0818,13-24,0,0.13
C102415,2020-12-06,2022-02-03,14,premium,79.7,1063,1,monthly,credit_card,0,75.93,0,1378,2020,0.0749,13-24,1,0.067
C102416,2023-07-04,2024-09-06,14,premium,75.62,1187,0,monthly,debit_card,0,84.79,0,432,2023,0.0637,13-24,1,0.0
C102417,2019-02-03,2020-08-30,19,basic,20.95,206,1,annual,credit_card,0,10.84,0,1900,2019,0.1012,13-24,0,0.05
C102418,2022-09-30,2025-04-07,30,basic,19.41,212,2,monthly,credit_card,0,7.07,0,219,2022,0.0911,24+,0,0.065
C102419,2022-05-02,2022-07-09,2,basic,24.9,180,1,monthly,credit_card,0,90.0,0,1222,2022,0.1376,0-3,0,0.333
C102420,2023-10-27,2023-12-03,1,premium,78.49,1429,0,monthly,credit_card,1,1429.0,0,710,2023,0.0549,0-3,1,0.0
C102421,2023-12-12,2024-12-06,12,standard,36.83,372,1,monthly,paypal,0,31.0,0,341,2023,0.0987,7-12,0,0.077
C102422,2018-03-16,2018-04-16,1,standard,40.52,435,1,monthly,debit_card,1,435.0,0,2767,2018,0.0929,0-3,0,0.5
C102423,2023-12-25,2029-05-30,66,basic,14.15,161,1,monthly,debit_card,0,2.44,0,-1295,2023,0.0873,24+,0,0.015
C102424,2019-08-25,2019-12-15,3,standard,37.22,463,2,monthly,bank_transfer,1,154.33,0,2159,2019,0.0802,0-3,0,0.5
C102425,2020-04-16,2020-08-27,4,basic,18.09,224,1,annual,paypal,1,56.0,0,1903,2020,0.0804,4-6,0,0.2
C102426,2022-03-09,2022-05-03,1,basic,19.65,145,1,monthly,paypal,0,145.0,0,1289,2022,0.1346,0-3,0,0.5
C102427,2019-05-15,2021-04-04,23,basic,17.41,230,6,annual,credit_card,0,10.0,1,1683,2019,0.0754,13-24,0,0.25
C102428,2022-05-16,2022-12-10,6,standard,44.34,405,1,monthly,credit_card,0,67.5,0,1068,2022,0.1092,4-6,0,0.143
C102429,2018-05-18,2023-12-06,67,basic,21.15,212,5,annual,paypal,0,3.16,1,707,2018,0.0993,24+,0,0.074
C102430,2023-09-29,2024-09-27,12,premium,80.38,978,3,monthly,debit_card,0,81.5,1,411,2023,0.0821,7-12,1,0.231
C102431,2022-11-30,2023-07-30,8,standard,33.2,552,2,monthly,debit_card,0,69.0,0,836,2022,0.06,7-12,0,0.222
C102432,2020-08-30,2022-12-18,28,basic,14.77,202,2,annual,credit_card,1,7.21,0,1060,2020,0.0728,24+,0,0.069
C102433,2022-07-01,2024-06-28,24,basic,24.49,226,3,monthly,credit_card,1,9.42,1,502,2022,0.1079,13-24,0,0.12
C102434,2023-03-01,2025-08-20,30,basic,18.15,196,3,monthly,credit_card,0,6.53,1,84,2023,0.0921,24+,0,0.097
C102435,2024-04-20,2031-05-25,86,standard,36.99,398,2,annual,credit_card,0,4.63,0,-2020,2024,0.0927,24+,0,0.023
C102436,2023-07-22,2027-06-14,47,standard,38.99,559,0,monthly,paypal,0,11.89,0,-579,2023,0.0696,24+,0,0.0
C102437,2023-03-16,2024-08-15,17,premium,86.05,1017,0,monthly,paypal,1,59.82,0,454,2023,0.0845,13-24,1,0.0
C102438,2021-12-20,2022-09-13,8,basic,20.07,177,3,monthly,debit_card,1,22.12,1,1156,2021,0.1128,7-12,0,0.333
C102439,2019-07-01,2021-12-15,29,basic,23.46,136,5,monthly,debit_card,1,4.69,1,1428,2019,0.1712,24+,0,0.167
C102440,2020-07-10,2020-09-21,2,standard,37.83,475,0,monthly,credit_card,1,237.5,0,1878,2020,0.0795,0-3,0,0.0
C102441,2019-08-04,2022-11-10,39,basic,19.39,206,1,annual,paypal,0,5.28,0,1098,2019,0.0937,24+,0,0.025
C102442,2021-10-04,2022-11-06,13,basic,19.85,89,5,monthly,credit_card,0,6.85,1,1102,2021,0.2206,13-24,0,0.357
C102443,2023-05-11,2023-06-17,1,basic,18.78,192,0,annual,credit_card,0,192.0,0,879,2023,0.0973,0-3,0,0.0
C102444,2023-06-27,2026-03-19,33,standard,41.57,564,1,monthly,debit_card,1,17.09,0,-127,2023,0.0736,24+,0,0.029
C102445,2023-09-28,2024-08-01,10,basic,22.8,193,2,monthly,credit_card,0,19.3,0,468,2023,0.1175,7-12,0,0.182
C102446,2019-12-05,2021-10-09,22,standard,35.48,572,2,monthly,credit_card,1,26.0,0,1495,2019,0.0619,13-24,0,0.087
C102447,2024-04-27,2026-03-14,22,standard,36.88,556,1,annual,credit_card,0,25.27,0,-122,2024,0.0662,13-24,0,0.043
C102448,2024-07-31,2025-05-04,9,premium,78.18,1075,1,monthly,bank_transfer,1,119.44,0,192,2024,0.0727,7-12,1,0.1
C102449,2022-06-14,2027-12-22,67,premium,79.3,1305,0,monthly,debit_card,0,19.48,0,-770,2022,0.0607,24+,1,0.0
C102450,2019-09-30,2019-11-17,1,premium,82.71,1374,1,monthly,credit_card,1,1374.0,0,2187,2019,0.0602,0-3,1,0.5
C102451,2020-10-06,2021-06-30,8,standard,37.91,400,1,monthly,credit_card,1,50.0,0,1596,2020,0.0945,7-12,0,0.111
C102452,2019-10-03,2020-01-31,4,premium,76.05,976,0,monthly,debit_card,0,244.0,0,2112,2019,0.0778,4-6,1,0.0
C102453,2023-02-05,2023-09-15,7,basic,24.54,293,0,annual,debit_card,0,41.86,0,789,2023,0.0835,7-12,0,0.0
C102454,2021-04-20,2021-12-30,8,basic,20.69,181,2,monthly,bank_transfer,1,22.62,0,1413,2021,0.1137,7-12,0,0.222
C102455,2019-11-17,2020-08-07,8,standard,41.87,522,1,monthly,bank_transfer,0,65.25,0,1923,2019,0.0801,7-12,0,0.111
C102456,2023-01-26,2023-03-03,1,premium,83.3,1270,0,monthly,credit_card,1,1270.0,0,985,2023,0.0655,0-3,1,0.0
C102457,2018-07-07,2020-11-09,28,standard,34.56,539,0,monthly,credit_card,0,19.25,0,1829,2018,0.064,24+,0,0.0
C102458,2022-06-08,2024-05-02,23,basic,22.27,311,2,monthly,credit_card,0,13.52,0,559,2022,0.0714,13-24,0,0.083
C102459,2022-08-15,2028-04-14,68,basic,19.09,26,3,monthly,debit_card,0,0.38,1,-884,2022,0.707,24+,0,0.043
C102460,2020-09-11,2020-11-04,1,basic,14.57,192,2,annual,debit_card,1,192.0,0,1834,2020,0.0755,0-3,0,1.0
C102461,2019-07-02,2020-02-26,7,premium,77.11,1172,1,monthly,credit_card,0,167.43,0,2086,2019,0.0657,7-12,1,0.125
C102462,2021-12-02,2022-07-18,7,premium,80.07,1144,1,monthly,debit_card,0,163.43,0,1213,2021,0.0699,7-12,1,0.125
C102463,2020-05-25,2021-02-15,8,standard,44.98,420,4,monthly,debit_card,0,52.5,1,1731,2020,0.1068,7-12,0,0.444
C102464,2019-09-10,2020-09-26,12,standard,35.34,542,0,monthly,credit_card,0,45.17,0,1873,2019,0.0651,7-12,0,0.0
C102465,2024-09-27,2025-10-03,12,standard,37.52,619,2,annual,debit_card,0,51.58,0,40,2024,0.0605,7-12,0,0.154
C102466,2021-09-27,2024-08-03,34,basic,19.67,144,1,monthly,bank_transfer,0,4.24,0,466,2021,0.1357,24+,0,0.029
C102467,2021-05-28,2023-04-18,23,basic,16.71,274,2,monthly,credit_card,0,11.91,0,939,2021,0.0608,13-24,0,0.083
C102468,2020-06-21,2020-11-10,4,standard,37.45,533,3,annual,credit_card,0,133.25,1,1828,2020,0.0701,4-6,0,0.6
C102469,2018-06-12,2019-11-09,17,standard,37.41,476,0,monthly,bank_transfer,0,28.0,0,2195,2018,0.0784,13-24,0,0.0
C102470,2023-05-29,2024-01-30,8,premium,77.64,1021,0,annual,debit_card,0,127.62,0,652,2023,0.076,7-12,1,0.0
C102471,2018-09-27,2020-03-13,17,basic,18.76,197,2,monthly,debit_card,0,11.59,0,2070,2018,0.0947,13-24,0,0.111
C102472,2019-09-24,2022-04-24,31,standard,37.35,468,0,monthly,credit_card,0,15.1,0,1298,2019,0.0796,24+,0,0.0
C102473,2020-06-24,2020-12-10,5,premium,77.03,1406,0,monthly,debit_card,1,281.2,0,1798,2020,0.0547,4-6,1,0.0
C102474,2023-07-08,2024-12-10,17,basic,20.59,277,0,monthly,paypal,0,16.29,0,337,2023,0.0741,13-24,0,0.0
C102475,2022-06-30,2023-10-07,15,premium,81.12,1162,1,monthly,debit_card,0,77.47,0,767,2022,0.0698,13-24,1,0.062
C102476,2018-07-24,2019-03-24,8,basic,16.22,196,3,monthly,credit_card,0,24.5,1,2425,2018,0.0823,7-12,0,0.333
C102477,2019-08-05,2019-09-26,1,standard,36.57,570,0,annual,paypal,1,570.0,0,2239,2019,0.064,0-3,0,0.0
C102478,2022-04-29,2025-07-15,39,basic,23.28,176,2,monthly,bank_transfer,1,4.51,0,120,2022,0.1315,24+,0,0.05
C102479,2020-04-20,2022-09-30,29,premium,80.63,1032,0,monthly,debit_card,0,35.59,0,1139,2020,0.0781,24+,1,0.0
C102480,2023-01-11,2024-12-26,23,standard,43.18,388,2,annual,bank_transfer,0,16.87,0,321,2023,0.111,13-24,0,0.083
C102481,2021-06-05,2022-06-24,12,standard,37.12,371,1,annual,paypal,0,30.92,0,1237,2021,0.0998,7-12,0,0.077
C102482,2022-09-16,2022-10-19,1,basic,10.68,184,2,annual,credit_card,1,184.0,0,1120,2022,0.0577,0-3,0,1.0
C102483,2022-07-01,2024-11-03,28,basic,16.73,171,4,monthly,paypal,0,6.11,1,374,2022,0.0973,24+,0,0.138
C102484,2024-04-16,2024-08-19,4,standard,39.51,563,2,monthly,bank_transfer,1,140.75,0,450,2024,0.0701,4-6,0,0.4
C102485,2020-05-24,2022-03-28,22,premium,78.18,1069,0,annual,credit_card,0,48.59,0,1325,2020,0.0731,13-24,1,0.0
C102486,2022-01-04,2023-02-14,13,basic,18.55,168,2,monthly,credit_card,0,12.92,0,1002,2022,0.1098,13-24,0,0.143
C102487,2024-02-22,2025-05-07,14,basic,21.59,201,1,annual,debit_card,0,14.36,0,189,2024,0.1069,13-24,0,0.067
C102488,2019-11-21,2020-05-15,5,standard,39.18,418,1,monthly,bank_transfer,0,83.6,0,2007,2019,0.0935,4-6,0,0.167
C102489,2023-07-04,2024-06-26,11,premium,74.42,1246,1,annual,credit_card,0,113.27,0,504,2023,0.0597,7-12,1,0.083
C102490,2021-11-23,2022-08-01,8,standard,35.83,498,1,monthly,bank_transfer,0,62.25,0,1199,2021,0.0718,7-12,0,0.111
C102491,2023-06-25,2025-08-04,25,basic,23.32,318,2,monthly,credit_card,0,12.72,0,100,2023,0.0731,24+,0,0.077
C102492,2019-11-03,2025-02-21,64,standard,36.86,494,1,monthly,debit_card,0,7.72,0,264,2019,0.0745,24+,0,0.015
C102493,2021-03-17,2023-06-15,27,basic,21.36,264,2,monthly,debit_card,0,9.78,0,881,2021,0.0806,24+,0,0.071
C102494,2022-02-04,2024-06-21,28,basic,20.63,133,2,monthly,debit_card,0,4.75,0,509,2022,0.154,24+,0,0.069
C102495,2020-08-01,2021-06-12,10,basic,21.83,206,1,annual,paypal,0,20.6,0,1614,2020,0.1055,7-12,0,0.091
C102496,2024-02-25,2024-09-02,6,basic,18.47,229,2,monthly,debit_card,0,38.17,0,436,2024,0.0803,4-6,0,0.286
C102497,2021-12-20,2026-09-14,57,standard,36.63,373,1,monthly,credit_card,0,6.54,0,-306,2021,0.0979,24+,0,0.017
C102498,2024-12-14,2025-11-02,10,standard,41.39,354,1,monthly,bank_transfer,0,35.4,0,10,2024,0.1166,7-12,0,0.091
C102499,2020-06-14,2024-02-18,44,basic,20.57,85,0,monthly,credit_card,0,1.93,0,633,2020,0.2392,24+,0,0.0
C102500,2023-12-30,2024-06-10,5,premium,86.46,1111,0,annual,debit_card,0,222.2,0,520,2023,0.0778,4-6,1,0.0
C102501,2021-08-29,2022-04-15,7,standard,35.74,513,0,monthly,credit_card,1,73.29,0,1307,2021,0.0695,7-12,0,0.0
C102502,2018-06-14,2019-04-01,9,standard,38.86,438,0,monthly,credit_card,1,48.67,0,2417,2018,0.0885,7-12,0,0.0
C102503,2024-06-19,2025-02-21,8,standard,37.64,423,1,monthly,credit_card,0,52.88,0,264,2024,0.0888,7-12,0,0.111
C102504,2023-08-31,2023-09-30,1,premium,79.17,1030,0,monthly,paypal,0,1030.0,0,774,2023,0.0768,0-3,1,0.0
C102505,2021-01-10,2022-07-31,18,standard,36.65,598,1,annual,paypal,0,33.22,0,1200,2021,0.0612,13-24,0,0.053
C102506,2022-10-20,2022-12-29,2,basic,20.4,198,4,monthly,credit_card,1,99.0,1,1049,2022,0.1025,0-3,0,1.333
C102507,2024-06-10,2025-02-20,8,basic,21.55,223,2,monthly,credit_card,1,27.88,0,265,2024,0.0962,7-12,0,0.222
C102508,2023-04-23,2023-12-27,8,basic,22.42,149,1,annual,debit_card,0,18.62,0,686,2023,0.1495,7-12,0,0.111
C102509,2019-01-06,2019-05-14,4,basic,14.28,62,2,annual,credit_card,0,15.5,0,2374,2019,0.2267,4-6,0,0.4
C102510,2023-02-24,2024-07-01,16,basic,14.26,253,3,monthly,credit_card,0,15.81,1,499,2023,0.0561,13-24,0,0.176
C102511,2020-05-02,2026-08-13,76,basic,19.15,196,3,monthly,credit_card,0,2.58,1,-274,2020,0.0972,24+,0,0.039
C102512,2019-01-19,2019-02-27,1,basic,19.78,175,0,annual,credit_card,1,175.0,0,2450,2019,0.1124,0-3,0,0.0
C102513,2023-04-16,2026-02-03,34,standard,36.06,477,1,monthly,debit_card,0,14.03,0,-83,2023,0.0754,24+,0,0.029
C102514,2024-10-28,2025-01-15,2,standard,41.01,634,3,monthly,debit_card,0,317.0,1,301,2024,0.0646,0-3,0,1.0
C102515,2019-03-01,2021-12-15,34,premium,74.16,1434,1,annual,debit_card,0,42.18,0,1428,2019,0.0517,24+,1,0.029
C102516,2024-01-18,2028-12-12,59,standard,41.95,472,4,annual,paypal,0,8.0,1,-1126,2024,0.0887,24+,0,0.067
C102517,2019-09-21,2024-03-21,54,standard,38.26,491,1,monthly,credit_card,1,9.09,0,601,2019,0.0778,24+,0,0.018
C102518,2020-06-13,2022-11-26,29,standard,38.0,571,1,monthly,debit_card,0,19.69,0,1082,2020,0.0664,24+,0,0.033
C102519,2024-12-12,2025-04-20,4,basic,19.9,197,3,monthly,credit_card,0,49.25,1,206,2024,0.1005,4-6,0,0.6
C102520,2024-07-02,2025-09-21,14,premium,78.72,1348,0,monthly,credit_card,1,96.29,0,52,2024,0.0584,13-24,1,0.0
C102521,2019-08-21,2021-03-28,19,basic,22.8,197,2,monthly,bank_transfer,0,10.37,0,1690,2019,0.1152,13-24,0,0.1
C102522,2024-05-25,2026-08-02,26,basic,22.29,157,1,annual,credit_card,0,6.04,0,-263,2024,0.1411,24+,0,0.037
C102523,2019-08-16,2021-07-14,23,standard,42.2,553,0,monthly,credit_card,1,24.04,0,1582,2019,0.0762,13-24,0,0.0
C102524,2022-08-15,2023-06-05,9,standard,40.55,604,1,monthly,bank_transfer,1,67.11,0,891,2022,0.067,7-12,0,0.1
C102525,2019-07-27,2020-03-15,7,standard,40.39,399,2,monthly,credit_card,0,57.0,0,2068,2019,0.101,7-12,0,0.25
C102526,2023-09-07,2032-07-21,108,basic,24.11,260,1,monthly,credit_card,0,2.41,0,-2443,2023,0.0924,24+,0,0.009
C102527,2023-09-22,2023-12-23,3,standard,38.73,510,3,annual,debit_card,0,170.0,1,690,2023,0.0758,0-3,0,0.75
C102528,2022-09-01,2023-03-15,6,premium,79.44,1245,0,monthly,credit_card,0,207.5,0,973,2022,0.0638,4-6,1,0.0
C102529,2024-10-06,2026-05-21,19,premium,81.27,1142,0,monthly,paypal,1,60.11,0,-190,2024,0.0711,13-24,1,0.0
C102530,2018-06-26,2029-01-09,128,premium,76.75,970,0,monthly,paypal,0,7.58,0,-1154,2018,0.079,,1,0.0
C102531,2019-06-13,2023-10-31,53,basic,17.39,225,2,monthly,credit_card,0,4.25,0,743,2019,0.0769,24+,0,0.037
C102532,2022-06-22,2024-11-26,29,basic,19.58,244,3,monthly,debit_card,0,8.41,1,351,2022,0.0799,24+,0,0.1
C102533,2020-08-23,2020-10-19,1,basic,22.02,154,4,annual,debit_card,0,154.0,1,1850,2020,0.1421,0-3,0,2.0
C102534,2022-02-26,2022-04-21,1,basic,29.42,177,1,monthly,bank_transfer,0,177.0,0,1301,2022,0.1653,0-3,0,0.5
C102535,2018-07-17,2018-08-20,1,standard,39.55,508,1,monthly,credit_card,0,508.0,0,2641,2018,0.0777,0-3,0,0.5
C102536,2020-05-02,2020-07-10,2,basic,19.8,121,3,monthly,credit_card,0,60.5,1,1951,2020,0.1623,0-3,0,1.0
C102537,2022-03-18,2022-11-18,8,standard,35.41,517,2,monthly,credit_card,0,64.62,0,1090,2022,0.0684,7-12,0,0.222
C102538,2023-09-01,2024-01-15,4,basic,20.29,171,4,monthly,debit_card,1,42.75,1,667,2023,0.118,4-6,0,0.8
C102539,2020-12-16,2023-09-23,33,basic,14.89,289,5,monthly,debit_card,0,8.76,1,781,2020,0.0513,24+,0,0.147
C102540,2018-04-08,2019-07-13,15,standard,38.27,487,0,monthly,credit_card,0,32.47,0,2314,2018,0.0784,13-24,0,0.0
C102541,2023-03-19,2024-12-17,21,basic,18.42,115,3,monthly,bank_transfer,1,5.48,1,330,2023,0.1588,13-24,0,0.136
C102542,2019-03-11,2019-07-09,4,premium,81.92,1086,0,monthly,paypal,1,271.5,0,2318,2019,0.0754,4-6,1,0.0
C102543,2019-09-29,2019-11-16,1,basic,17.05,221,1,monthly,debit_card,0,221.0,0,2188,2019,0.0768,0-3,0,0.5
C102544,2019-08-11,2019-10-07,1,premium,82.26,992,1,monthly,credit_card,1,992.0,0,2228,2019,0.0828,0-3,1,0.5
C102545,2018-12-10,2023-01-02,49,basic,18.93,166,1,annual,debit_card,0,3.39,0,1045,2018,0.1134,24+,0,0.02
C102546,2021-08-10,2022-06-21,10,basic,20.26,260,3,annual,credit_card,0,26.0,1,1240,2021,0.0776,7-12,0,0.273
C102547,2023-06-03,2025-02-26,21,basic,19.39,145,1,annual,paypal,0,6.9,0,259,2023,0.1328,13-24,0,0.045
C102548,2019-07-25,2019-09-04,1,standard,35.1,504,1,annual,credit_card,1,504.0,0,2261,2019,0.0695,0-3,0,0.5
C102549,2019-09-03,2019-12-11,3,basic,19.93,206,1,monthly,credit_card,1,68.67,0,2163,2019,0.0963,0-3,0,0.25
C102550,2022-09-24,2025-06-23,33,standard,36.21,650,1,monthly,credit_card,0,19.7,0,142,2022,0.0556,24+,0,0.029
C102551,2024-04-09,2024-10-16,6,standard,39.51,470,4,monthly,debit_card,0,78.33,1,392,2024,0.0839,4-6,0,0.571
C102552,2023-01-29,2023-04-09,2,standard,40.05,453,1,monthly,bank_transfer,0,226.5,0,948,2023,0.0882,0-3,0,0.333
C102553,2020-08-17,2022-06-27,22,premium,78.81,1184,0,monthly,credit_card,0,53.82,0,1234,2020,0.0665,13-24,1,0.0
C102554,2023-09-11,2026-06-15,33,basic,22.62,208,1,annual,credit_card,0,6.3,0,-215,2023,0.1082,24+,0,0.029
C102555,2024-09-04,2025-05-09,8,standard,33.67,591,1,monthly,bank_transfer,1,73.88,0,187,2024,0.0569,7-12,0,0.111
C102556,2024-05-13,2028-11-04,54,basic,20.14,137,2,monthly,bank_transfer,0,2.54,0,-1088,2024,0.1459,24+,0,0.036
C102557,2019-06-16,2019-12-22,6,standard,41.07,511,1,monthly,bank_transfer,0,85.17,0,2152,2019,0.0802,4-6,0,0.143
C102558,2021-03-23,2021-12-23,9,standard,45.38,465,0,annual,debit_card,0,51.67,0,1420,2021,0.0974,7-12,0,0.0
C102559,2024-08-27,2024-12-20,3,basic,20.4,144,0,monthly,credit_card,0,48.0,0,327,2024,0.1407,0-3,0,0.0
C102560,2020-12-27,2022-09-02,20,premium,81.32,1305,0,monthly,credit_card,0,65.25,0,1167,2020,0.0623,13-24,1,0.0
C102561,2023-03-17,2023-05-24,2,basic,17.67,195,0,monthly,credit_card,1,97.5,0,903,2023,0.0902,0-3,0,0.0
C102562,2020-06-02,2021-05-03,11,standard,38.15,446,1,monthly,credit_card,1,40.55,0,1654,2020,0.0853,7-12,0,0.083
C102563,2024-03-11,2029-04-22,62,standard,37.46,486,0,monthly,credit_card,0,7.84,0,-1257,2024,0.0769,24+,0,0.0
C102564,2022-08-06,2025-03-12,31,standard,42.69,478,2,monthly,credit_card,1,15.42,0,245,2022,0.0891,24+,0,0.062
C102565,2024-08-20,2025-07-23,11,basic,21.69,275,0,annual,bank_transfer,0,25.0,0,112,2024,0.0786,7-12,0,0.0
C102566,2024-03-10,2026-05-10,26,standard,45.73,573,1,annual,bank_transfer,0,22.04,0,-179,2024,0.0797,24+,0,0.037
C102567,2023-10-28,2026-06-01,31,standard,37.79,420,0,annual,paypal,0,13.55,0,-201,2023,0.0898,24+,0,0.0
C102568,2022-10-16,2024-12-12,26,basic,27.93,260,1,annual,credit_card,0,10.0,0,335,2022,0.107,24+,0,0.037
C102569,2020-02-21,2022-04-12,26,basic,20.25,84,4,monthly,debit_card,0,3.23,1,1310,2020,0.2382,24+,0,0.148
C102570,2023-10-07,2026-06-01,32,basic,22.23,128,3,monthly,bank_transfer,0,4.0,1,-201,2023,0.1723,24+,0,0.091
C102571,2020-05-30,2021-01-04,7,basic,24.9,187,2,annual,debit_card,0,26.71,0,1773,2020,0.1324,7-12,0,0.25
C102572,2019-03-23,2019-05-30,2,basic,19.3,164,3,monthly,credit_card,1,82.0,1,2358,2019,0.117,0-3,0,1.0
C102573,2023-10-15,2026-03-05,29,standard,38.71,523,1,monthly,credit_card,0,18.03,0,-113,2023,0.0739,24+,0,0.033
C102574,2022-11-19,2023-12-08,12,standard,35.49,521,1,annual,paypal,0,43.42,0,705,2022,0.068,7-12,0,0.077
C102575,2021-07-01,2022-03-17,8,basic,21.42,212,3,annual,credit_card,0,26.5,1,1336,2021,0.1006,7-12,0,0.333
C102576,2023-06-15,2023-11-03,4,standard,45.52,550,1,monthly,credit_card,0,137.5,0,740,2023,0.0826,4-6,0,0.2
C102577,2020-12-03,2022-12-04,24,standard,39.26,388,1,monthly,credit_card,0,16.17,0,1074,2020,0.1009,13-24,0,0.04
C102578,2022-04-27,2024-09-17,29,basic,14.51,175,1,monthly,paypal,1,6.03,0,421,2022,0.0824,24+,0,0.033
C102579,2020-10-08,2021-11-05,13,standard,39.89,425,1,annual,debit_card,0,32.69,0,1468,2020,0.0936,13-24,0,0.071
C102580,2024-03-24,2025-06-23,15,basic,21.45,195,4,monthly,debit_card,0,13.0,1,142,2024,0.1094,13-24,0,0.25
C102581,2020-02-13,2022-07-27,29,standard,39.99,546,0,monthly,credit_card,0,18.83,0,1204,2020,0.0731,24+,0,0.0
C102582,2022-12-20,2025-11-23,35,standard,42.2,531,0,monthly,debit_card,0,15.17,0,-11,2022,0.0793,24+,0,0.0
C102583,2024-08-23,2026-03-11,18,standard,44.73,437,1,monthly,debit_card,1,24.28,0,-119,2024,0.1021,13-24,0,0.053
C102584,2021-04-16,2021-05-26,1,basic,16.52,137,3,monthly,debit_card,0,137.0,1,1631,2021,0.1197,0-3,0,1.5
C102585,2021-12-21,2022-08-30,8,premium,84.04,1088,0,monthly,paypal,0,136.0,0,1170,2021,0.0772,7-12,1,0.0
C102586,2018-11-03,2019-05-03,6,basic,18.77,161,0,monthly,debit_card,0,26.83,0,2385,2018,0.1159,4-6,0,0.0
C102587,2020-02-18,2020-12-30,10,standard,39.38,508,1,monthly,credit_card,0,50.8,0,1778,2020,0.0774,7-12,0,0.091
C102588,2024-12-26,2026-05-17,16,standard,37.16,547,1,monthly,debit_card,1,34.19,0,-186,2024,0.0678,13-24,0,0.059
C102589,2024-05-04,2026-10-27,30,standard,37.69,443,0,annual,credit_card,0,14.77,0,-349,2024,0.0849,24+,0,0.0
C102590,2018-01-08,2019-05-30,16,basic,16.68,194,1,monthly,debit_card,0,12.12,0,2358,2018,0.0855,13-24,0,0.059
C102591,2019-04-21,2020-03-17,11,standard,41.12,294,1,annual,credit_card,0,26.73,0,2066,2019,0.1394,7-12,0,0.083
C102592,2021-08-13,2021-10-03,1,standard,43.59,479,0,monthly,credit_card,0,479.0,0,1501,2021,0.0908,0-3,0,0.0
C102593,2024-01-21,2024-04-16,2,basic,11.97,160,3,monthly,paypal,0,80.0,1,575,2024,0.0743,0-3,0,1.0
C102594,2019-04-30,2022-04-05,35,premium,79.05,986,0,monthly,bank_transfer,0,28.17,0,1317,2019,0.0801,24+,1,0.0
C102595,2020-06-23,2027-04-19,83,basic,20.86,149,0,monthly,credit_card,1,1.8,0,-523,2020,0.1391,24+,0,0.0
C102596,2019-07-13,2020-05-19,10,basic,17.95,254,0,annual,debit_card,0,25.4,0,2003,2019,0.0704,7-12,0,0.0
C102597,2023-05-22,2023-09-29,4,basic,19.16,256,4,monthly,paypal,0,64.0,1,775,2023,0.0746,4-6,0,0.8
C102598,2024-04-04,2028-09-21,54,standard,38.61,418,1,monthly,paypal,0,7.74,0,-1044,2024,0.0921,24+,0,0.018
C102599,2021-02-01,2022-11-11,21,basic,20.63,202,2,monthly,debit_card,0,9.62,0,1097,2021,0.1016,13-24,0,0.091
C102600,2021-05-18,2022-09-03,15,standard,42.96,648,1,annual,credit_card,0,43.2,0,1166,2021,0.0662,13-24,0,0.062
C102601,2019-04-13,2022-09-18,41,standard,39.45,531,2,monthly,debit_card,0,12.95,0,1151,2019,0.0742,24+,0,0.048
C102602,2024-08-30,2025-03-04,6,basic,14.87,249,0,monthly,credit_card,0,41.5,0,253,2024,0.0595,4-6,0,0.0
C102603,2020-04-27,2024-05-29,49,basic,21.34,155,0,monthly,paypal,0,3.16,0,532,2020,0.1368,24+,0,0.0
C102604,2024-08-31,2026-08-20,23,standard,44.52,557,1,monthly,credit_card,0,24.22,0,-281,2024,0.0798,13-24,0,0.042
C102605,2018-09-16,2019-02-01,4,standard,39.74,379,0,annual,credit_card,0,94.75,0,2476,2018,0.1046,4-6,0,0.0
C102606,2018-10-10,2020-04-17,18,basic,17.35,135,3,monthly,paypal,0,7.5,1,2035,2018,0.1276,13-24,0,0.158
C102607,2022-07-08,2023-05-01,9,basic,18.68,176,0,monthly,bank_transfer,1,19.56,0,926,2022,0.1055,7-12,0,0.0
C102608,2023-03-14,2023-06-15,3,standard,38.41,612,1,annual,credit_card,1,204.0,0,881,2023,0.0627,0-3,0,0.25
C102609,2018-02-09,2019-07-29,17,standard,40.75,441,0,annual,credit_card,0,25.94,0,2298,2018,0.0922,13-24,0,0.0
C102610,2024-12-08,2026-03-23,15,basic,22.42,129,1,annual,paypal,1,8.6,0,-131,2024,0.1725,13-24,0,0.062
C102611,2024-03-17,2025-01-31,10,standard,37.25,477,0,annual,credit_card,0,47.7,0,285,2024,0.0779,7-12,0,0.0
C102612,2020-10-11,2023-06-14,32,standard,41.52,582,1,monthly,debit_card,0,18.19,0,882,2020,0.0712,24+,0,0.03
C102613,2019-09-05,2024-03-13,55,standard,41.21,450,4,annual,paypal,1,8.18,1,609,2019,0.0914,24+,0,0.071
C102614,2023-03-31,2024-02-10,10,standard,33.64,529,1,monthly,credit_card,0,52.9,0,641,2023,0.0635,7-12,0,0.091
C102615,2019-11-19,2021-03-04,15,premium,81.18,1230,2,monthly,debit_card,1,82.0,0,1714,2019,0.0659,13-24,1,0.125
C102616,2019-09-05,2021-01-06,16,premium,83.49,1054,2,monthly,credit_card,0,65.88,0,1771,2019,0.0791,13-24,1,0.118
C102617,2024-04-26,2026-11-13,31,basic,20.77,175,1,monthly,credit_card,0,5.65,0,-366,2024,0.118,24+,0,0.031
C102618,2024-08-10,2025-10-24,14,standard,42.02,458,0,annual,credit_card,0,32.71,0,19,2024,0.0915,13-24,0,0.0
C102619,2022-11-17,2023-06-21,7,basic,22.18,164,1,annual,paypal,0,23.43,0,875,2022,0.1344,7-12,0,0.125
C102620,2022-12-16,2029-05-13,78,basic,17.98,77,0,monthly,credit_card,1,0.99,0,-1278,2022,0.2305,24+,0,0.0
C102621,2022-03-28,2023-01-23,10,basic,20.97,281,0,monthly,credit_card,0,28.1,0,1024,2022,0.0744,7-12,0,0.0
C102622,2023-04-15,2023-09-26,5,basic,19.68,105,1,monthly,bank_transfer,0,21.0,0,778,2023,0.1857,4-6,0,0.167
C102623,2021-02-26,2022-08-08,17,basic,23.04,126,1,monthly,debit_card,1,7.41,0,1192,2021,0.1814,13-24,0,0.056
C102624,2019-07-29,2022-04-23,33,basic,25.81,169,0,monthly,credit_card,0,5.12,0,1299,2019,0.1518,24+,0,0.0
C102625,2023-03-26,2025-07-21,28,basic,21.32,164,4,annual,credit_card,0,5.86,1,114,2023,0.1292,24+,0,0.138
C102626,2020-10-09,2021-06-01,7,basic,18.85,172,3,monthly,debit_card,0,24.57,1,1625,2020,0.109,7-12,0,0.375
C102627,2019-11-01,2019-12-21,1,basic,18.11,157,1,annual,bank_transfer,0,157.0,0,2153,2019,0.1146,0-3,0,0.5
C102628,2018-09-26,2018-10-29,1,standard,36.76,545,2,monthly,credit_card,0,545.0,0,2571,2018,0.0673,0-3,0,1.0
C102629,2021-07-07,2022-12-15,17,basic,15.56,158,0,monthly,credit_card,0,9.29,0,1063,2021,0.0979,13-24,0,0.0
C102630,2020-07-12,2020-09-26,2,standard,41.07,565,2,monthly,credit_card,1,282.5,0,1873,2020,0.0726,0-3,0,0.667
C102631,2021-01-30,2021-12-11,10,standard,37.06,471,0,monthly,credit_card,0,47.1,0,1432,2021,0.0785,7-12,0,0.0
C102632,2022-03-10,2022-05-22,2,basic,19.85,164,3,monthly,credit_card,1,82.0,1,1270,2022,0.1203,0-3,0,1.0
C102633,2022-10-25,2024-06-29,20,basic,17.88,177,3,monthly,paypal,0,8.85,1,501,2022,0.1004,13-24,0,0.143
C102634,2022-05-14,2022-07-03,1,standard,36.61,641,2,monthly,paypal,1,641.0,0,1228,2022,0.057,0-3,0,1.0
C102635,2018-09-04,2018-10-27,1,standard,37.66,500,2,annual,credit_card,0,500.0,0,2573,2018,0.0752,0-3,0,1.0
C102636,2022-04-10,2022-07-18,3,basic,18.92,114,0,annual,debit_card,0,38.0,0,1213,2022,0.1645,0-3,0,0.0
C102637,2023-12-19,2024-09-04,8,standard,41.78,458,2,annual,credit_card,0,57.25,0,434,2023,0.091,7-12,0,0.222
C102638,2024-07-28,2025-05-30,10,standard,36.39,590,1,monthly,debit_card,0,59.0,0,166,2024,0.0616,7-12,0,0.091
C102639,2024-02-22,2024-08-08,5,basic,22.89,139,3,monthly,paypal,1,27.8,1,461,2024,0.1635,4-6,0,0.5
C102640,2023-04-24,2028-05-10,61,basic,18.37,211,2,monthly,credit_card,1,3.46,0,-910,2023,0.0867,24+,0,0.032
C102641,2020-07-18,2021-12-23,17,basic,21.29,278,0,annual,debit_card,0,16.35,0,1420,2020,0.0763,13-24,0,0.0
C102642,2018-08-15,2019-04-15,8,standard,35.41,531,2,monthly,credit_card,1,66.38,0,2403,2018,0.0666,7-12,0,0.222
C102643,2018-09-22,2018-11-04,1,standard,43.55,450,1,monthly,bank_transfer,0,450.0,0,2565,2018,0.0966,0-3,0,0.5
C102644,2021-10-27,2023-09-04,22,basic,16.67,92,2,annual,credit_card,0,4.18,0,800,2021,0.1792,13-24,0,0.087
C102645,2021-12-28,2022-09-09,8,standard,36.4,527,2,monthly,credit_card,1,65.88,0,1160,2021,0.0689,7-12,0,0.222
C102646,2019-10-08,2023-01-07,39,standard,45.05,397,2,monthly,paypal,0,10.18,0,1040,2019,0.1132,24+,0,0.05
C102647,2024-03-08,2025-01-16,10,basic,17.54,177,0,monthly,debit_card,1,17.7,0,300,2024,0.0985,7-12,0,0.0
C102648,2021-11-19,2024-02-07,27,premium,80.03,1147,1,monthly,paypal,0,42.48,0,644,2021,0.0697,24+,1,0.036
C102649,2022-01-13,2022-08-01,6,premium,81.23,1562,0,monthly,credit_card,0,260.33,0,1199,2022,0.052,4-6,1,0.0
C102650,2021-10-19,2023-07-12,21,basic,21.2,199,1,monthly,debit_card,1,9.48,0,854,2021,0.106,13-24,0,0.045
C102651,2023-03-15,2024-04-27,13,premium,80.46,1023,0,monthly,credit_card,0,78.69,0,564,2023,0.0786,13-24,1,0.0
C102652,2024-11-09,2025-08-17,9,basic,22.56,123,5,monthly,debit_card,0,13.67,1,87,2024,0.1819,7-12,0,0.5
C102653,2021-06-03,2022-03-09,9,basic,23.5,231,2,monthly,debit_card,1,25.67,0,1344,2021,0.1013,7-12,0,0.2
C102654,2020-09-08,2024-02-12,41,standard,36.61,481,1,monthly,credit_card,1,11.73,0,639,2020,0.076,24+,0,0.024
C102655,2021-02-28,2024-11-25,45,standard,42.67,510,0,monthly,debit_card,0,11.33,0,352,2021,0.0835,24+,0,0.0
C102656,2019-08-11,2023-03-15,43,standard,36.27,379,1,annual,paypal,0,8.81,0,973,2019,0.0954,24+,0,0.023
C102657,2019-04-21,2020-12-16,20,basic,18.42,129,0,monthly,bank_transfer,0,6.45,0,1792,2019,0.1417,13-24,0,0.0
C102658,2022-12-27,2023-04-13,3,standard,40.42,482,0,monthly,bank_transfer,1,160.67,0,944,2022,0.0837,0-3,0,0.0
C102659,2020-09-12,2022-03-30,18,basic,24.85,314,5,monthly,credit_card,0,17.44,1,1323,2020,0.0789,13-24,0,0.263
C102660,2024-01-13,2026-12-29,36,basic,20.99,210,0,monthly,credit_card,0,5.83,0,-412,2024,0.0995,24+,0,0.0
C102661,2021-05-26,2022-06-24,13,basic,21.55,260,1,monthly,paypal,0,20.0,0,1237,2021,0.0826,13-24,0,0.071
C102662,2018-07-09,2023-05-17,59,basic,25.59,220,1,monthly,debit_card,0,3.73,0,910,2018,0.1158,24+,0,0.017
C102663,2021-12-11,2022-05-05,4,basic,16.01,202,4,monthly,paypal,0,50.5,1,1287,2021,0.0789,4-6,0,0.8
C102664,2020-09-07,2026-01-21,65,premium,81.94,1058,1,monthly,debit_card,0,16.28,0,-70,2020,0.0774,24+,1,0.015
C102665,2022-08-26,2022-12-05,3,basic,18.4,204,1,monthly,credit_card,0,68.0,0,1073,2022,0.0898,0-3,0,0.25
C102666,2022-09-12,2025-11-15,38,standard,42.36,438,0,monthly,credit_card,0,11.53,0,-3,2022,0.0965,24+,0,0.0
C102667,2018-02-10,2019-04-09,14,standard,36.52,617,3,annual,credit_card,0,44.07,1,2409,2018,0.0591,13-24,0,0.2
C102668,2024-06-12,2027-08-28,39,basic,18.74,142,2,monthly,debit_card,0,3.64,0,-654,2024,0.131,24+,0,0.05
C102669,2020-07-31,2026-01-20,66,premium,70.22,1295,0,monthly,credit_card,0,19.62,0,-69,2020,0.0542,24+,1,0.0
C102670,2018-12-04,2019-06-14,6,standard,42.07,499,0,monthly,credit_card,0,83.17,0,2343,2018,0.0841,4-6,0,0.0
C102671,2021-08-30,2022-05-27,9,standard,37.49,474,2,annual,credit_card,0,52.67,0,1265,2021,0.0789,7-12,0,0.2
C102672,2021-01-03,2021-04-27,3,basic,22.13,205,1,monthly,debit_card,0,68.33,0,1660,2021,0.1074,0-3,0,0.25
C102673,2024-05-15,2025-02-15,9,standard,38.69,557,1,annual,credit_card,0,61.89,0,270,2024,0.0693,7-12,0,0.1
C102674,2020-06-14,2021-02-11,8,basic,20.2,288,4,monthly,credit_card,1,36.0,1,1735,2020,0.0699,7-12,0,0.444
C102675,2024-05-09,2024-08-02,2,standard,37.72,543,1,annual,paypal,0,271.5,0,467,2024,0.0693,0-3,0,0.333
C102676,2022-08-02,2023-01-21,5,basic,17.26,266,2,monthly,debit_card,0,53.2,0,1026,2022,0.0646,4-6,0,0.333
C102677,2020-07-19,2020-10-12,2,premium,78.93,1257,0,monthly,credit_card,0,628.5,0,1857,2020,0.0627,0-3,1,0.0
C102678,2018-10-16,2019-09-24,11,basic,19.73,283,0,annual,credit_card,1,25.73,0,2241,2018,0.0695,7-12,0,0.0
C102679,2019-12-25,2020-04-29,4,standard,33.54,417,2,annual,credit_card,0,104.25,0,2023,2019,0.0802,4-6,0,0.4
C102680,2024-05-08,2024-11-17,6,standard,39.82,676,2,monthly,bank_transfer,0,112.67,0,360,2024,0.0588,4-6,0,0.286
C102681,2023-05-08,2026-01-27,33,premium,76.9,1145,0,annual,debit_card,0,34.7,0,-76,2023,0.0671,24+,1,0.0
C102682,2020-12-25,2023-04-30,28,basic,20.59,192,2,monthly,paypal,1,6.86,0,927,2020,0.1067,24+,0,0.069
C102683,2019-04-28,2019-06-17,1,standard,38.94,486,2,annual,bank_transfer,0,486.0,0,2340,2019,0.08,0-3,0,1.0
C102684,2020-07-24,2021-03-23,8,basic,21.38,127,2,annual,credit_card,0,15.88,0,1695,2020,0.167,7-12,0,0.222
C102685,2024-04-14,2025-03-13,11,basic,21.75,247,3,monthly,debit_card,0,22.45,1,244,2024,0.0877,7-12,0,0.25
C102686,2018-06-05,2022-06-07,48,basic,18.57,313,3,monthly,credit_card,0,6.52,1,1254,2018,0.0591,24+,0,0.061
C102687,2020-12-06,2022-11-26,24,standard,39.53,358,1,monthly,debit_card,0,14.92,0,1082,2020,0.1101,13-24,0,0.04
C102688,2023-05-13,2023-11-29,6,standard,40.97,456,2,monthly,paypal,0,76.0,0,714,2023,0.0896,4-6,0,0.286
C102689,2024-11-06,2025-12-06,13,basic,21.42,215,4,monthly,bank_transfer,1,16.54,1,-24,2024,0.0992,13-24,0,0.286
C102690,2024-02-27,2024-10-11,7,premium,83.22,1130,0,monthly,debit_card,0,161.43,0,397,2024,0.0736,7-12,1,0.0
C102691,2022-08-11,2022-09-13,1,basic,17.89,159,2,annual,credit_card,1,159.0,0,1156,2022,0.1118,0-3,0,1.0
C102692,2018-05-04,2018-08-11,3,premium,82.9,1367,2,monthly,credit_card,0,455.67,0,2650,2018,0.0606,0-3,1,0.5
C102693,2023-08-11,2026-01-12,29,basic,19.4,243,2,monthly,credit_card,0,8.38,0,-61,2023,0.0795,24+,0,0.067
C102694,2020-08-25,2021-01-01,4,basic,15.83,212,1,monthly,credit_card,0,53.0,0,1776,2020,0.0743,4-6,0,0.2
C102695,2020-05-04,2021-08-24,15,basic,19.88,155,6,monthly,debit_card,1,10.33,1,1541,2020,0.1274,13-24,0,0.375
C102696,2019-10-02,2028-10-13,109,basic,17.76,206,3,monthly,credit_card,0,1.89,1,-1066,2019,0.0858,24+,0,0.027
C102697,2024-02-17,2030-01-22,72,standard,41.94,407,2,annual,credit_card,0,5.65,0,-1532,2024,0.1028,24+,0,0.027
C102698,2022-05-22,2022-09-10,3,basic,22.77,244,2,monthly,credit_card,1,81.33,0,1159,2022,0.0929,0-3,0,0.5
C102699,2019-03-18,2019-05-29,2,premium,79.78,1072,0,monthly,credit_card,1,536.0,0,2359,2019,0.0744,0-3,1,0.0
C102700,2023-04-29,2025-02-18,22,basic,21.44,197,0,monthly,debit_card,0,8.95,0,267,2023,0.1083,13-24,0,0.0
C102701,2023-01-13,2028-05-13,64,basic,25.18,203,0,monthly,credit_card,0,3.17,0,-913,2023,0.1234,24+,0,0.0
C102702,2023-01-04,2023-07-30,6,basic,17.48,215,0,monthly,credit_card,0,35.83,0,836,2023,0.0809,4-6,0,0.0
C102703,2023-12-31,2024-02-05,1,standard,45.38,553,1,monthly,credit_card,0,553.0,0,646,2023,0.0819,0-3,0,0.5
C102704,2019-06-17,2019-08-18,2,basic,14.88,207,1,annual,credit_card,0,103.5,0,2278,2019,0.0715,0-3,0,0.333
C102705,2024-03-24,2025-12-05,20,standard,39.61,517,0,monthly,credit_card,0,25.85,0,-23,2024,0.0765,13-24,0,0.0
C102706,2021-08-29,2022-12-04,15,standard,35.19,477,0,monthly,credit_card,1,31.8,0,1074,2021,0.0736,13-24,0,0.0
C102707,2020-08-06,2021-03-03,6,standard,40.22,463,0,annual,credit_card,0,77.17,0,1715,2020,0.0867,4-6,0,0.0
C102708,2023-07-13,2023-09-09,1,premium,80.35,1286,1,monthly,bank_transfer,1,1286.0,0,795,2023,0.0624,0-3,1,0.5
C102709,2019-04-05,2023-03-07,47,basic,21.32,232,4,monthly,debit_card,0,4.94,1,981,2019,0.0915,24+,0,0.083
C102710,2019-07-05,2019-12-08,5,premium,79.58,1110,0,monthly,paypal,0,222.0,0,2166,2019,0.0716,4-6,1,0.0
C102711,2019-01-28,2019-03-05,1,standard,41.65,506,0,monthly,paypal,0,506.0,0,2444,2019,0.0821,0-3,0,0.0
C102712,2022-11-23,2024-05-10,17,basic,16.03,77,1,monthly,credit_card,1,4.53,0,551,2022,0.2055,13-24,0,0.056
C102713,2020-04-24,2022-12-26,32,standard,45.38,617,1,monthly,credit_card,1,19.28,0,1052,2020,0.0734,24+,0,0.03
C102714,2024-03-07,2025-11-28,21,basic,17.98,244,0,monthly,bank_transfer,0,11.62,0,-16,2024,0.0734,13-24,0,0.0
C102715,2021-02-12,2023-10-15,32,standard,41.92,631,3,monthly,bank_transfer,0,19.72,1,759,2021,0.0663,24+,0,0.091
C102716,2019-10-08,2021-05-11,19,basic,21.68,110,3,annual,debit_card,0,5.79,1,1646,2019,0.1953,13-24,0,0.15
C102717,2024-03-16,2024-07-05,3,standard,36.16,536,0,annual,debit_card,0,178.67,0,495,2024,0.0673,0-3,0,0.0
C102718,2024-09-20,2028-03-21,42,basic,23.42,145,0,monthly,credit_card,0,3.45,0,-860,2024,0.1604,24+,0,0.0
C102719,2022-01-06,2023-08-07,19,standard,34.78,528,0,annual,paypal,0,27.79,0,828,2022,0.0657,13-24,0,0.0
C102720,2021-10-09,2023-03-09,17,basic,27.21,187,3,monthly,bank_transfer,0,11.0,1,979,2021,0.1447,13-24,0,0.167
C102721,2018-05-22,2019-01-04,7,premium,81.24,1098,0,monthly,debit_card,1,156.86,0,2504,2018,0.0739,7-12,1,0.0
C102722,2019-05-16,2021-07-20,26,standard,42.67,383,1,monthly,paypal,0,14.73,0,1576,2019,0.1111,24+,0,0.037
C102723,2020-04-19,2021-06-19,14,standard,40.43,401,0,monthly,credit_card,0,28.64,0,1607,2020,0.1006,13-24,0,0.0
C102724,2022-08-10,2023-06-03,9,basic,22.59,225,5,annual,credit_card,0,25.0,1,893,2022,0.1,7-12,0,0.5
C102725,2022-04-15,2022-10-15,6,basic,21.75,142,1,monthly,credit_card,0,23.67,0,1124,2022,0.1521,4-6,0,0.143
C102726,2023-08-09,2023-09-11,1,premium,76.35,1278,0,annual,credit_card,1,1278.0,0,793,2023,0.0597,0-3,1,0.0
C102727,2022-03-11,2022-05-16,2,basic,21.95,218,0,monthly,bank_transfer,0,109.0,0,1276,2022,0.1002,0-3,0,0.0
C102728,2019-08-19,2022-08-21,36,standard,36.15,535,1,monthly,credit_card,0,14.86,0,1179,2019,0.0674,24+,0,0.027
C102729,2023-03-20,2024-09-04,17,premium,71.78,1545,0,annual,paypal,0,90.88,0,434,2023,0.0464,13-24,1,0.0
C102730,2018-10-08,2018-11-07,1,basic,27.36,176,3,annual,credit_card,1,176.0,1,2562,2018,0.1546,0-3,0,1.5
C102731,2019-02-28,2020-10-13,19,standard,42.38,400,1,monthly,credit_card,0,21.05,0,1856,2019,0.1057,13-24,0,0.05
C102732,2018-09-27,2019-10-29,13,basic,23.79,134,3,monthly,credit_card,1,10.31,1,2206,2018,0.1762,13-24,0,0.214
C102733,2018-06-03,2021-04-24,35,standard,44.68,561,2,monthly,credit_card,1,16.03,0,1663,2018,0.0795,24+,0,0.056
C102734,2022-10-17,2030-11-11,98,standard,40.55,609,1,monthly,credit_card,0,6.21,0,-1825,2022,0.0665,24+,0,0.01
C102735,2019-10-24,2020-09-30,11,standard,42.17,551,1,monthly,debit_card,0,50.09,0,1869,2019,0.0764,7-12,0,0.083
C102736,2023-05-22,2025-06-16,25,standard,37.47,500,1,monthly,credit_card,0,20.0,0,149,2023,0.0748,24+,0,0.038
C102737,2018-03-24,2024-04-11,73,standard,35.8,612,3,annual,credit_card,0,8.38,1,580,2018,0.0584,24+,0,0.041
C102738,2021-12-20,2029-11-14,96,basic,20.62,197,0,monthly,debit_card,0,2.05,0,-1463,2021,0.1041,24+,0,0.0
C102739,2021-07-22,2022-02-15,6,basic,25.83,255,3,monthly,debit_card,0,42.5,1,1366,2021,0.1009,4-6,0,0.429
C102740,2024-05-20,2026-07-10,26,basic,16.4,195,2,monthly,paypal,1,7.5,0,-240,2024,0.0837,24+,0,0.074
C102741,2020-09-06,2020-12-01,2,standard,41.51,652,0,monthly,credit_card,0,326.0,0,1807,2020,0.0636,0-3,0,0.0
C102742,2024-01-30,2024-04-14,2,basic,19.89,78,1,monthly,credit_card,1,39.0,0,577,2024,0.2518,0-3,0,0.333
C102743,2022-07-18,2022-08-17,1,standard,43.92,405,0,monthly,credit_card,1,405.0,0,1183,2022,0.1082,0-3,0,0.0
C102744,2021-10-30,2022-03-25,4,standard,46.07,509,3,monthly,credit_card,0,127.25,1,1328,2021,0.0903,4-6,0,0.6
C102745,2019-09-25,2021-07-11,21,basic,18.07,201,2,annual,credit_card,0,9.57,0,1585,2019,0.0895,13-24,0,0.091
C102746,2022-03-12,2023-11-27,20,premium,79.0,1358,0,monthly,credit_card,0,67.9,0,716,2022,0.0581,13-24,1,0.0
C102747,2020-02-26,2021-01-26,11,basic,16.47,205,5,monthly,credit_card,0,18.64,1,1751,2020,0.08,7-12,0,0.417
C102748,2019-02-02,2019-05-06,3,standard,37.77,527,2,monthly,paypal,1,175.67,0,2382,2019,0.0715,0-3,0,0.5
C102749,2021-02-17,2021-11-24,9,basic,18.38,162,2,monthly,credit_card,0,18.0,0,1449,2021,0.1128,7-12,0,0.2
C102750,2020-07-22,2023-12-15,41,basic,11.56,178,2,monthly,bank_transfer,0,4.34,0,698,2020,0.0646,24+,0,0.048
C102751,2021-12-31,2022-03-17,2,standard,39.75,508,1,monthly,paypal,1,254.0,0,1336,2021,0.0781,0-3,0,0.333
C102752,2023-01-27,2023-03-05,1,basic,17.45,217,0,monthly,bank_transfer,1,217.0,0,983,2023,0.08,0-3,0,0.0
C102753,2024-11-17,2025-01-03,1,basic,17.77,121,3,monthly,debit_card,1,121.0,1,313,2024,0.1457,0-3,0,1.5
C102754,2018-10-13,2019-05-17,7,basic,18.92,241,5,monthly,credit_card,0,34.43,1,2371,2018,0.0782,7-12,0,0.625
C102755,2018-09-22,2021-12-15,39,basic,16.74,134,1,monthly,credit_card,0,3.44,0,1428,2018,0.124,24+,0,0.025
C102756,2024-06-25,2026-08-31,26,standard,39.21,430,1,annual,bank_transfer,0,16.54,0,-292,2024,0.091,24+,0,0.037
C102757,2023-11-07,2025-11-23,24,standard,40.93,618,0,monthly,debit_card,0,25.75,0,-11,2023,0.0661,13-24,0,0.0
C102758,2022-08-05,2022-09-24,1,basic,18.25,322,2,monthly,credit_card,0,322.0,0,1145,2022,0.0565,0-3,0,1.0
C102759,2021-05-11,2022-02-03,8,basic,20.09,193,2,monthly,paypal,1,24.12,0,1378,2021,0.1036,7-12,0,0.222
C102760,2020-03-31,2021-01-02,9,standard,45.71,482,2,monthly,debit_card,0,53.56,0,1775,2020,0.0946,7-12,0,0.2
C102761,2022-10-29,2023-07-19,8,basic,18.84,206,1,monthly,credit_card,0,25.75,0,847,2022,0.091,7-12,0,0.111
C102762,2024-07-09,2027-04-11,33,basic,23.37,209,4,monthly,credit_card,0,6.33,1,-515,2024,0.1113,24+,0,0.118
C102763,2024-03-19,2026-04-07,24,basic,17.62,211,2,monthly,bank_transfer,0,8.79,0,-146,2024,0.0831,13-24,0,0.08
C102764,2018-02-10,2019-05-27,15,standard,41.15,469,1,monthly,credit_card,0,31.27,0,2361,2018,0.0876,13-24,0,0.062
C102765,2022-09-28,2024-04-19,18,premium,79.67,1440,0,monthly,paypal,1,80.0,0,572,2022,0.0553,13-24,1,0.0
C102766,2018-03-09,2020-11-01,32,standard,42.16,350,0,monthly,paypal,1,10.94,0,1837,2018,0.1201,24+,0,0.0
C102767,2020-09-14,2020-12-04,2,basic,16.09,194,4,annual,credit_card,0,97.0,1,1804,2020,0.0825,0-3,0,1.333
C102768,2022-12-05,2023-12-02,12,premium,79.62,1280,0,monthly,debit_card,0,106.67,0,711,2022,0.0622,7-12,1,0.0
C102769,2022-06-10,2024-02-06,20,basic,19.37,259,0,annual,debit_card,0,12.95,0,645,2022,0.0745,13-24,0,0.0
C102770,2022-07-14,2022-08-15,1,basic,19.79,157,0,monthly,credit_card,0,157.0,0,1185,2022,0.1253,0-3,0,0.0
C102771,2021-07-02,2022-04-18,9,premium,81.55,1318,0,monthly,credit_card,0,146.44,0,1304,2021,0.0618,7-12,1,0.0
C102772,2019-11-26,2021-06-18,19,basic,22.66,187,2,annual,credit_card,0,9.84,0,1608,2019,0.1205,13-24,0,0.1
C102773,2024-11-29,2025-11-09,11,premium,78.17,1128,0,annual,debit_card,0,102.55,0,3,2024,0.0692,7-12,1,0.0
C102774,2020-12-21,2023-03-16,27,basic,18.93,203,2,monthly,credit_card,0,7.52,0,972,2020,0.0928,24+,0,0.071
C102775,2024-10-15,2025-03-10,4,standard,39.9,324,1,monthly,debit_card,0,81.0,0,247,2024,0.1228,4-6,0,0.2
C102776,2022-08-21,2025-10-07,38,premium,74.12,1183,0,annual,credit_card,1,31.13,0,36,2022,0.0626,24+,1,0.0
C102777,2024-05-04,2026-11-28,31,basic,19.03,87,2,monthly,paypal,0,2.81,0,-381,2024,0.2163,24+,0,0.062
C102778,2020-11-24,2021-01-29,2,standard,42.64,501,2,monthly,debit_card,0,250.5,0,1748,2020,0.0849,0-3,0,0.667
C102779,2020-02-18,2020-04-17,1,basic,16.3,231,0,monthly,credit_card,1,231.0,0,2035,2020,0.0703,0-3,0,0.0
C102780,2019-05-09,2021-08-14,27,basic,23.59,285,6,monthly,bank_transfer,0,10.56,1,1551,2019,0.0825,24+,0,0.214
C102781,2022-05-05,2022-08-19,3,premium,79.86,1385,0,monthly,credit_card,1,461.67,0,1181,2022,0.0576,0-3,1,0.0
C102782,2022-02-01,2026-10-29,57,standard,44.97,476,2,annual,credit_card,0,8.35,0,-351,2022,0.0943,24+,0,0.034
C102783,2022-11-26,2026-10-28,47,basic,16.15,206,0,monthly,paypal,0,4.38,0,-350,2022,0.078,24+,0,0.0
C102784,2019-10-23,2020-05-27,7,premium,80.4,1409,1,monthly,credit_card,0,201.29,0,1995,2019,0.057,7-12,1,0.125
C102785,2021-09-10,2022-06-25,9,basic,24.16,202,3,annual,debit_card,0,22.44,1,1236,2021,0.119,7-12,0,0.3
C102786,2021-08-20,2025-03-26,43,basic,20.56,206,0,annual,credit_card,0,4.79,0,231,2021,0.0993,24+,0,0.0
C102787,2021-07-23,2022-09-21,14,basic,14.89,172,0,monthly,credit_card,1,12.29,0,1148,2021,0.0861,13-24,0,0.0
C102788,2023-06-10,2024-06-21,12,premium,84.82,1165,0,annual,debit_card,0,97.08,0,509,2023,0.0727,7-12,1,0.0
C102789,2023-08-07,2024-11-12,15,standard,35.75,654,1,annual,credit_card,0,43.6,0,365,2023,0.0546,13-24,0,0.062
C102790,2023-04-13,2023-09-08,4,standard,40.8,463,1,monthly,credit_card,0,115.75,0,796,2023,0.0879,4-6,0,0.2
C102791,2021-09-09,2022-02-17,5,basic,21.2,123,3,monthly,bank_transfer,1,24.6,1,1364,2021,0.171,4-6,0,0.5
C102792,2020-11-24,2021-09-02,9,basic,18.87,98,2,annual,credit_card,0,10.89,0,1532,2020,0.1906,7-12,0,0.2
C102793,2020-09-03,2021-10-23,13,basic,19.06,162,3,annual,credit_card,1,12.46,1,1481,2020,0.1169,13-24,0,0.214
C102794,2019-04-27,2020-05-10,12,premium,77.35,1411,1,annual,credit_card,1,117.58,0,2012,2019,0.0548,7-12,1,0.077
C102795,2019-12-29,2021-10-21,22,premium,78.53,1429,0,monthly,bank_transfer,0,64.95,0,1483,2019,0.0549,13-24,1,0.0
C102796,2024-12-02,2025-08-14,8,basic,14.85,118,0,monthly,credit_card,1,14.75,0,90,2024,0.1248,7-12,0,0.0
C102797,2020-10-28,2022-05-08,18,basic,18.3,221,2,monthly,debit_card,0,12.28,0,1284,2020,0.0824,13-24,0,0.105
C102798,2018-12-09,2019-04-13,4,premium,78.06,1039,0,monthly,paypal,0,259.75,0,2405,2018,0.0751,4-6,1,0.0
C102799,2021-12-18,2022-07-13,6,basic,19.52,190,1,annual,paypal,0,31.67,0,1218,2021,0.1022,4-6,0,0.143
C102800,2024-07-07,2025-05-25,10,standard,41.62,648,3,monthly,debit_card,0,64.8,1,171,2024,0.0641,7-12,0,0.273
C102801,2024-10-21,2027-11-07,37,premium,82.55,1004,0,monthly,credit_card,0,27.14,0,-725,2024,0.0821,24+,1,0.0
C102802,2024-01-31,2024-10-01,8,premium,77.11,1158,0,monthly,credit_card,0,144.75,0,407,2024,0.0665,7-12,1,0.0
C102803,2019-06-11,2022-09-06,39,basic,24.26,216,1,monthly,debit_card,1,5.54,0,1163,2019,0.1118,24+,0,0.025
C102804,2023-03-12,2027-05-10,50,premium,82.05,1303,0,annual,bank_transfer,0,26.06,0,-544,2023,0.0629,24+,1,0.0
C102805,2019-10-21,2020-01-06,2,standard,40.78,520,1,annual,bank_transfer,0,260.0,0,2137,2019,0.0783,0-3,0,0.333
C102806,2023-09-05,2026-05-02,32,basic,15.48,183,5,annual,debit_card,0,5.72,1,-171,2023,0.0841,24+,0,0.152
C102807,2020-03-30,2020-09-27,6,premium,81.2,1210,0,monthly,bank_transfer,0,201.67,0,1872,2020,0.0671,4-6,1,0.0
C102808,2019-02-10,2019-10-18,8,premium,80.99,1280,1,monthly,credit_card,0,160.0,0,2217,2019,0.0632,7-12,1,0.111
C102809,2024-03-29,2025-04-10,12,basic,23.65,200,0,monthly,paypal,0,16.67,0,216,2024,0.1177,7-12,0,0.0
C102810,2022-04-23,2024-04-09,23,premium,82.03,1116,0,monthly,credit_card,0,48.52,0,582,2022,0.0734,13-24,1,0.0
C102811,2022-12-17,2027-05-22,53,basic,23.82,160,3,monthly,credit_card,0,3.02,1,-556,2022,0.148,24+,0,0.056
C102812,2019-05-20,2023-08-13,51,basic,16.41,136,3,annual,paypal,0,2.67,1,822,2019,0.1198,24+,0,0.058
C102813,2018-06-28,2018-09-12,2,standard,39.96,497,0,annual,credit_card,1,248.5,0,2618,2018,0.0802,0-3,0,0.0
C102814,2018-05-12,2019-08-04,14,standard,41.22,653,1,monthly,credit_card,0,46.64,0,2292,2018,0.063,13-24,0,0.067
C102815,2023-01-21,2024-07-12,17,basic,15.8,200,3,monthly,paypal,1,11.76,1,488,2023,0.0786,13-24,0,0.167
C102816,2022-01-18,2022-05-09,3,standard,36.37,557,2,monthly,debit_card,1,185.67,0,1283,2022,0.0652,0-3,0,0.5
C102817,2024-07-23,2025-07-02,11,basic,20.66,173,0,monthly,debit_card,0,15.73,0,133,2024,0.1187,7-12,0,0.0
C102818,2020-02-11,2022-02-17,24,standard,40.84,375,1,monthly,credit_card,0,15.62,0,1364,2020,0.1086,13-24,0,0.04
C102819,2021-11-30,2023-01-08,13,basic,25.19,175,1,monthly,paypal,0,13.46,0,1039,2021,0.1431,13-24,0,0.071
C102820,2023-10-25,2024-05-27,7,premium,78.85,1242,1,monthly,credit_card,0,177.43,0,534,2023,0.0634,7-12,1,0.125
C102821,2019-08-02,2020-05-14,9,basic,16.22,210,2,monthly,debit_card,0,23.33,0,2008,2019,0.0769,7-12,0,0.2
C102822,2022-02-24,2023-12-02,21,standard,43.01,499,2,monthly,credit_card,1,23.76,0,711,2022,0.086,13-24,0,0.091
C102823,2018-07-13,2018-08-22,1,standard,40.57,569,1,monthly,paypal,0,569.0,0,2639,2018,0.0712,0-3,0,0.5
C102824,2023-07-01,2026-04-30,34,basic,19.19,198,3,monthly,credit_card,0,5.82,1,-169,2023,0.0964,24+,0,0.086
C102825,2021-03-31,2021-05-26,1,basic,22.53,186,2,monthly,bank_transfer,1,186.0,0,1631,2021,0.1205,0-3,0,1.0
C102826,2024-07-22,2028-12-17,53,standard,38.94,528,0,monthly,credit_card,0,9.96,0,-1131,2024,0.0736,24+,0,0.0
C102827,2021-10-16,2022-06-12,7,basic,15.52,209,4,monthly,credit_card,1,29.86,1,1249,2021,0.0739,7-12,0,0.5
C102828,2022-11-28,2023-02-28,3,standard,36.49,531,1,monthly,paypal,1,177.0,0,988,2022,0.0686,0-3,0,0.25
C102829,2021-01-15,2025-07-07,54,basic,19.1,216,0,annual,credit_card,0,4.0,0,128,2021,0.088,24+,0,0.0
C102830,2024-03-11,2025-10-05,19,standard,43.89,575,2,monthly,credit_card,1,30.26,0,38,2024,0.0762,13-24,0,0.1
C102831,2023-04-21,2024-03-20,11,basic,22.21,209,0,monthly,paypal,0,19.0,0,602,2023,0.1058,7-12,0,0.0
C102832,2020-02-19,2020-06-22,4,standard,39.52,503,1,monthly,credit_card,1,125.75,0,1969,2020,0.0784,4-6,0,0.2
C102833,2018-09-19,2020-03-12,18,basic,18.8,146,0,monthly,credit_card,0,8.11,0,2071,2018,0.1279,13-24,0,0.0
C102834,2019-12-31,2024-02-21,50,standard,35.44,486,1,monthly,debit_card,0,9.72,0,630,2019,0.0728,24+,0,0.02
C102835,2018-10-10,2019-12-11,14,basic,21.92,197,1,annual,credit_card,0,14.07,0,2163,2018,0.1107,13-24,0,0.067
C102836,2022-01-30,2022-05-17,3,premium,82.64,1311,0,annual,credit_card,0,437.0,0,1275,2022,0.063,0-3,1,0.0
C102837,2018-12-28,2020-04-02,15,basic,23.8,171,1,monthly,bank_transfer,1,11.4,0,2050,2018,0.1384,13-24,0,0.062
C102838,2019-03-17,2019-05-07,1,basic,21.74,340,2,monthly,paypal,0,340.0,0,2381,2019,0.0638,0-3,0,1.0
C102839,2023-11-11,2026-05-31,31,standard,42.02,450,0,monthly,debit_card,0,14.52,0,-200,2023,0.0932,24+,0,0.0
C102840,2022-07-03,2024-06-27,24,standard,42.09,467,5,monthly,credit_card,1,19.46,1,503,2022,0.0899,13-24,0,0.2
C102841,2020-05-16,2020-06-25,1,standard,44.73,418,0,monthly,credit_card,1,418.0,0,1966,2020,0.1068,0-3,0,0.0
C102842,2021-12-18,2022-03-31,3,basic,22.97,242,1,monthly,bank_transfer,0,80.67,0,1322,2021,0.0945,0-3,0,0.25
C102843,2018-05-22,2018-07-06,1,premium,78.66,1416,0,annual,debit_card,0,1416.0,0,2686,2018,0.0555,0-3,1,0.0
C102844,2021-08-07,2022-02-20,6,basic,21.26,153,1,monthly,debit_card,0,25.5,0,1361,2021,0.1381,4-6,0,0.143
C102845,2021-12-26,2024-03-08,26,basic,18.86,170,2,annual,debit_card,0,6.54,0,614,2021,0.1103,24+,0,0.074
C102846,2023-02-19,2025-03-31,25,standard,40.83,337,1,monthly,credit_card,0,13.48,0,226,2023,0.1208,24+,0,0.038
C102847,2023-01-22,2025-05-09,27,basic,20.25,269,4,annual,paypal,0,9.96,1,187,2023,0.075,24+,0,0.143
C102848,2022-09-09,2026-03-08,42,basic,23.81,250,1,monthly,debit_card,0,5.95,0,-116,2022,0.0949,24+,0,0.023
C102849,2019-12-02,2020-06-05,6,basic,23.82,205,0,annual,credit_card,0,34.17,0,1986,2019,0.1156,4-6,0,0.0
C102850,2020-09-24,2024-11-07,50,basic,20.96,289,0,monthly,credit_card,0,5.78,0,370,2020,0.0723,24+,0,0.0
C102851,2023-09-28,2024-03-04,5,basic,17.57,188,2,annual,bank_transfer,1,37.6,0,618,2023,0.093,4-6,0,0.333
C102852,2021-08-18,2024-08-05,36,basic,15.57,170,3,monthly,credit_card,0,4.72,1,464,2021,0.0911,24+,0,0.081
C102853,2020-05-30,2021-12-02,18,basic,13.89,270,4,annual,credit_card,0,15.0,1,1441,2020,0.0513,13-24,0,0.211
C102854,2021-04-28,2022-03-12,10,standard,35.82,515,1,monthly,paypal,0,51.5,0,1341,2021,0.0694,7-12,0,0.091
C102855,2021-03-05,2023-02-14,23,standard,39.57,445,1,monthly,credit_card,0,19.35,0,1002,2021,0.0887,13-24,0,0.042
C102856,2019-07-09,2020-02-01,6,standard,38.34,542,1,monthly,debit_card,0,90.33,0,2111,2019,0.0706,4-6,0,0.143
C102857,2019-02-08,2019-07-16,5,basic,17.62,153,1,monthly,credit_card,0,30.6,0,2311,2019,0.1144,4-6,0,0.167
C102858,2020-06-10,2025-07-20,62,basic,15.66,142,2,monthly,credit_card,0,2.29,0,115,2020,0.1095,24+,0,0.032
C102859,2019-08-25,2019-09-24,1,standard,44.38,361,2,monthly,credit_card,1,361.0,0,2241,2019,0.1226,0-3,0,1.0
C102860,2023-01-05,2024-04-04,15,basic,20.0,122,2,monthly,credit_card,0,8.13,0,587,2023,0.1626,13-24,0,0.125
C102861,2018-12-07,2022-12-26,49,standard,39.75,395,1,monthly,debit_card,0,8.06,0,1052,2018,0.1004,24+,0,0.02
C102862,2023-05-23,2026-10-25,41,standard,41.33,518,2,annual,bank_transfer,0,12.63,0,-347,2023,0.0796,24+,0,0.048
C102863,2019-12-05,2020-06-15,6,premium,80.81,1414,0,annual,credit_card,0,235.67,0,1976,2019,0.0571,4-6,1,0.0
C102864,2018-11-14,2019-04-15,5,basic,24.6,189,4,monthly,credit_card,1,37.8,1,2403,2018,0.1295,4-6,0,0.667
C102865,2021-10-18,2025-05-04,43,standard,42.28,472,0,annual,bank_transfer,0,10.98,0,192,2021,0.0894,24+,0,0.0
C102866,2024-08-26,2025-01-23,5,basic,17.22,85,4,monthly,credit_card,0,17.0,1,293,2024,0.2002,4-6,0,0.667
C102867,2024-03-30,2026-01-07,21,basic,19.31,235,2,monthly,credit_card,0,11.19,0,-56,2024,0.0818,13-24,0,0.091
C102868,2022-12-06,2023-08-19,8,basic,21.22,188,4,monthly,bank_transfer,0,23.5,1,816,2022,0.1123,7-12,0,0.444
C102869,2021-09-29,2033-08-07,144,premium,79.3,1380,1,monthly,debit_card,1,9.58,0,-2825,2021,0.0574,,1,0.007
C102870,2022-04-22,2023-03-14,10,basic,18.0,146,2,monthly,credit_card,0,14.6,0,974,2022,0.1224,7-12,0,0.182
C102871,2020-03-27,2022-06-24,27,basic,20.62,283,1,monthly,credit_card,0,10.48,0,1237,2020,0.0726,24+,0,0.036
C102872,2019-07-07,2022-02-01,31,basic,22.74,220,3,monthly,debit_card,1,7.1,1,1380,2019,0.1029,24+,0,0.094
C102873,2020-05-05,2021-02-07,9,premium,83.54,1387,0,monthly,debit_card,1,154.11,0,1739,2020,0.0602,7-12,1,0.0
C102874,2022-12-18,2025-08-20,32,premium,80.98,1070,0,monthly,credit_card,0,33.44,0,84,2022,0.0756,24+,1,0.0
C102875,2018-07-02,2018-08-31,2,premium,79.5,1270,1,monthly,paypal,0,635.0,0,2630,2018,0.0625,0-3,1,0.333
C102876,2022-04-24,2022-06-21,1,standard,44.84,596,1,monthly,credit_card,1,596.0,0,1240,2022,0.0751,0-3,0,0.5
C102877,2019-02-01,2019-08-11,6,premium,80.65,953,2,monthly,credit_card,1,158.83,0,2285,2019,0.0845,4-6,1,0.286
C102878,2022-09-24,2023-01-13,3,standard,35.82,463,0,monthly,credit_card,1,154.33,0,1034,2022,0.0772,0-3,0,0.0
C102879,2022-02-26,2023-07-13,16,basic,20.24,234,0,monthly,credit_card,0,14.62,0,853,2022,0.0861,13-24,0,0.0
C102880,2020-06-25,2020-10-10,3,premium,81.57,1051,1,monthly,bank_transfer,1,350.33,0,1859,2020,0.0775,0-3,1,0.25
C102881,2021-09-18,2021-11-30,2,basic,18.56,328,2,monthly,credit_card,1,164.0,0,1443,2021,0.0564,0-3,0,0.667
C102882,2023-12-15,2024-02-05,1,premium,86.7,1063,0,annual,debit_card,0,1063.0,0,646,2023,0.0815,0-3,1,0.0
C102883,2018-01-01,2019-05-10,16,standard,46.02,413,0,annual,paypal,0,25.81,0,2378,2018,0.1112,13-24,0,0.0
C102884,2018-01-19,2020-02-04,24,standard,36.2,479,1,monthly,debit_card,1,19.96,0,2108,2018,0.0754,13-24,0,0.04
C102885,2019-08-07,2019-09-30,1,basic,24.73,140,1,annual,debit_card,1,140.0,0,2235,2019,0.1754,0-3,0,0.5
C102886,2019-04-01,2020-07-15,15,basic,20.03,310,2,monthly,paypal,0,20.67,0,1946,2019,0.0644,13-24,0,0.125
C102887,2023-07-30,2023-09-22,1,basic,25.37,145,2,annual,credit_card,0,145.0,0,782,2023,0.1738,0-3,0,1.0
C102888,2021-02-06,2025-12-02,58,basic,17.67,173,3,monthly,paypal,0,2.98,1,-20,2021,0.1016,24+,0,0.051
C102889,2024-10-28,2025-06-27,8,basic,23.34,153,5,annual,credit_card,0,19.12,1,138,2024,0.1516,7-12,0,0.556
C102890,2023-05-07,2023-06-26,1,basic,25.92,202,0,annual,credit_card,0,202.0,0,870,2023,0.1277,0-3,0,0.0
C102891,2023-11-21,2025-01-16,14,standard,44.83,363,3,annual,credit_card,0,25.93,1,300,2023,0.1232,13-24,0,0.2
C102892,2020-09-14,2022-11-07,26,premium,77.65,1168,0,monthly,bank_transfer,0,44.92,0,1101,2020,0.0664,24+,1,0.0
C102893,2019-06-04,2020-09-09,15,premium,77.06,1050,0,monthly,credit_card,0,70.0,0,1890,2019,0.0733,13-24,1,0.0
C102894,2020-05-08,2020-10-03,4,standard,38.8,342,0,monthly,credit_card,1,85.5,0,1866,2020,0.1131,4-6,0,0.0
C102895,2018-06-23,2019-09-26,15,basic,22.32,195,4,monthly,credit_card,0,13.0,1,2239,2018,0.1139,13-24,0,0.25
C102896,2021-09-28,2022-03-31,6,standard,42.65,437,1,monthly,debit_card,0,72.83,0,1322,2021,0.0974,4-6,0,0.143
C102897,2024-10-14,2026-06-09,20,standard,40.08,448,3,monthly,bank_transfer,0,22.4,1,-209,2024,0.0893,13-24,0,0.143
C102898,2019-12-28,2020-02-07,1,standard,40.72,499,2,annual,credit_card,1,499.0,0,2105,2019,0.0814,0-3,0,1.0
C102899,2022-09-07,2025-01-09,28,basic,22.38,172,2,annual,debit_card,1,6.14,0,307,2022,0.1294,24+,0,0.069
C102900,2023-02-19,2024-06-28,16,standard,46.23,561,0,monthly,paypal,0,35.06,0,502,2023,0.0823,13-24,0,0.0
C102901,2022-08-09,2022-09-24,1,basic,17.73,232,3,monthly,bank_transfer,1,232.0,1,1145,2022,0.0761,0-3,0,1.5
C102902,2021-09-09,2023-06-14,21,standard,38.24,585,0,annual,credit_card,0,27.86,0,882,2021,0.0653,13-24,0,0.0
C102903,2020-09-16,2023-10-23,37,standard,37.42,540,2,monthly,credit_card,1,14.59,0,751,2020,0.0692,24+,0,0.053
C102904,2019-02-24,2019-07-03,4,standard,38.15,370,1,monthly,credit_card,0,92.5,0,2324,2019,0.1028,4-6,0,0.2
C102905,2019-08-17,2021-04-18,20,basic,24.05,150,0,annual,debit_card,0,7.5,0,1669,2019,0.1593,13-24,0,0.0
C102906,2024-12-07,2027-10-21,34,standard,42.09,410,1,monthly,credit_card,0,12.06,0,-708,2024,0.1024,24+,0,0.029
C102907,2022-11-10,2022-12-26,1,basic,18.59,226,2,monthly,credit_card,0,226.0,0,1052,2022,0.0819,0-3,0,1.0
C102908,2024-09-25,2025-03-14,5,standard,33.16,499,1,annual,credit_card,0,99.8,0,243,2024,0.0663,4-6,0,0.167
C102909,2020-07-24,2021-08-27,13,basic,23.38,158,1,monthly,credit_card,1,12.15,0,1538,2020,0.147,13-24,0,0.071
C102910,2021-01-12,2025-10-05,57,standard,36.69,443,0,monthly,debit_card,0,7.77,0,38,2021,0.0826,24+,0,0.0
C102911,2021-02-10,2023-10-10,32,basic,15.8,247,4,annual,debit_card,0,7.72,1,764,2021,0.0637,24+,0,0.121
C102912,2018-11-28,2019-08-10,8,basic,18.81,213,1,monthly,paypal,0,26.62,0,2286,2018,0.0879,7-12,0,0.111
C102913,2023-09-20,2028-02-05,53,basic,15.98,107,1,annual,credit_card,0,2.02,0,-815,2023,0.148,24+,0,0.019
C102914,2022-11-29,2023-08-05,8,standard,42.47,554,0,annual,credit_card,0,69.25,0,830,2022,0.0765,7-12,0,0.0
C102915,2020-08-16,2023-07-12,35,basic,21.79,222,3,monthly,credit_card,1,6.34,1,854,2020,0.0977,24+,0,0.083
C102916,2018-04-15,2018-10-11,5,basic,22.61,146,0,monthly,debit_card,0,29.2,0,2589,2018,0.1538,4-6,0,0.0
C102917,2018-07-21,2023-11-28,65,standard,38.7,560,0,annual,paypal,0,8.62,0,715,2018,0.069,24+,0,0.0
C102918,2024-11-02,2029-01-26,51,standard,41.14,352,1,monthly,credit_card,0,6.9,0,-1171,2024,0.1165,24+,0,0.019
C102919,2023-01-17,2023-10-01,8,basic,23.03,202,6,annual,credit_card,0,25.25,1,773,2023,0.1134,7-12,0,0.667
C102920,2023-02-10,2024-07-02,16,basic,18.79,183,1,monthly,debit_card,0,11.44,0,498,2023,0.1021,13-24,0,0.059
C102921,2023-06-20,2026-10-15,40,basic,15.2,183,5,annual,credit_card,0,4.58,1,-337,2023,0.0826,24+,0,0.122
C102922,2021-07-13,2022-01-08,5,standard,39.04,566,0,monthly,credit_card,0,113.2,0,1404,2021,0.0689,4-6,0,0.0
C102923,2020-06-28,2024-03-02,44,standard,38.63,485,2,monthly,debit_card,1,11.02,0,620,2020,0.0795,24+,0,0.044
C102924,2018-07-29,2021-02-28,31,premium,80.32,973,1,monthly,credit_card,0,31.39,0,1718,2018,0.0825,24+,1,0.031
C102925,2019-07-17,2020-09-20,14,standard,36.26,395,0,monthly,paypal,0,28.21,0,1879,2019,0.0916,13-24,0,0.0
C102926,2022-04-13,2025-09-16,41,premium,79.81,1033,0,monthly,debit_card,0,25.2,0,57,2022,0.0772,24+,1,0.0
C102927,2020-02-10,2020-06-18,4,premium,83.66,1084,0,monthly,credit_card,1,271.0,0,1973,2020,0.0771,4-6,1,0.0
C102928,2024-11-06,2026-07-02,20,basic,14.87,236,1,monthly,credit_card,1,11.8,0,-232,2024,0.0627,13-24,0,0.048
C102929,2019-09-21,2020-11-14,14,standard,44.88,487,0,monthly,paypal,0,34.79,0,1824,2019,0.092,13-24,0,0.0
C102930,2022-06-17,2022-12-28,6,premium,77.38,1001,0,monthly,debit_card,1,166.83,0,1050,2022,0.0772,4-6,1,0.0
C102931,2022-08-29,2027-06-02,57,basic,22.41,170,1,annual,credit_card,0,2.98,0,-567,2022,0.1311,24+,0,0.017
C102932,2019-01-22,2019-12-10,10,basic,18.53,133,1,annual,paypal,0,13.3,0,2164,2019,0.1383,7-12,0,0.091
C102933,2023-04-20,2027-05-31,50,basic,20.06,199,4,monthly,debit_card,0,3.98,1,-565,2023,0.1003,24+,0,0.078
C102934,2024-06-01,2025-01-06,7,basic,20.97,200,3,monthly,paypal,0,28.57,1,310,2024,0.1043,7-12,0,0.375
C102935,2024-04-24,2031-07-12,87,premium,77.76,1213,1,monthly,credit_card,0,13.94,0,-2068,2024,0.0641,24+,1,0.011
C102936,2021-01-09,2023-09-07,32,basic,16.58,187,3,monthly,bank_transfer,0,5.84,1,797,2021,0.0882,24+,0,0.091
C102937,2018-09-25,2021-05-28,32,premium,80.13,1448,0,monthly,credit_card,1,45.25,0,1629,2018,0.0553,24+,1,0.0
C102938,2024-10-02,2026-05-17,19,basic,16.61,168,1,monthly,credit_card,0,8.84,0,-186,2024,0.0983,13-24,0,0.05
C102939,2024-04-01,2024-05-06,1,basic,14.96,147,2,annual,paypal,1,147.0,0,555,2024,0.1011,0-3,0,1.0
C102940,2023-01-31,2025-02-06,24,basic,16.58,43,0,monthly,paypal,0,1.79,0,279,2023,0.3768,13-24,0,0.0
C102941,2023-06-22,2026-02-22,32,standard,40.05,388,0,monthly,bank_transfer,0,12.12,0,-102,2023,0.103,24+,0,0.0
C102942,2021-10-12,2022-08-17,10,basic,16.56,263,2,monthly,credit_card,0,26.3,0,1183,2021,0.0627,7-12,0,0.182
C102943,2021-05-21,2022-07-01,13,basic,19.39,109,2,monthly,credit_card,0,8.38,0,1230,2021,0.1763,13-24,0,0.143
C102944,2019-07-28,2021-05-15,21,standard,43.72,651,0,monthly,credit_card,1,31.0,0,1642,2019,0.0671,13-24,0,0.0
C102945,2018-02-18,2018-11-01,8,basic,18.46,240,2,monthly,debit_card,0,30.0,0,2568,2018,0.0766,7-12,0,0.222
C102946,2021-02-24,2022-10-14,19,standard,42.42,438,1,monthly,debit_card,0,23.05,0,1125,2021,0.0966,13-24,0,0.05
C102947,2018-08-11,2021-12-12,40,basic,20.69,170,0,annual,paypal,0,4.25,0,1431,2018,0.121,24+,0,0.0
C102948,2021-12-02,2023-02-25,15,basic,17.07,133,2,annual,debit_card,1,8.87,0,991,2021,0.1274,13-24,0,0.125
C102949,2022-03-09,2022-04-21,1,basic,15.26,155,0,monthly,credit_card,1,155.0,0,1301,2022,0.0978,0-3,0,0.0
C102950,2022-12-25,2025-06-14,30,standard,36.98,443,3,monthly,credit_card,1,14.77,1,151,2022,0.0833,24+,0,0.097
C102951,2024-05-13,2025-02-07,9,basic,19.19,182,0,annual,credit_card,0,20.22,0,278,2024,0.1049,7-12,0,0.0
C102952,2022-01-01,2022-02-21,1,standard,39.66,414,4,annual,debit_card,0,414.0,1,1360,2022,0.0956,0-3,0,2.0
C102953,2021-02-04,2024-03-27,38,basic,24.28,188,2,annual,credit_card,0,4.95,0,595,2021,0.1285,24+,0,0.051
C102954,2022-08-09,2025-12-01,40,standard,38.23,594,1,monthly,debit_card,1,14.85,0,-19,2022,0.0643,24+,0,0.024
C102955,2024-10-03,2024-11-25,1,basic,18.38,172,3,annual,bank_transfer,1,172.0,1,352,2024,0.1062,0-3,0,1.5
C102956,2019-01-10,2020-08-03,19,standard,35.39,504,2,annual,credit_card,0,26.53,0,1927,2019,0.0701,13-24,0,0.1
C102957,2023-10-22,2025-03-19,17,basic,15.99,257,0,annual,credit_card,1,15.12,0,238,2023,0.062,13-24,0,0.0
C102958,2023-07-15,2024-06-29,11,basic,23.54,163,3,monthly,paypal,1,14.82,1,501,2023,0.1435,7-12,0,0.25
C102959,2020-11-19,2022-05-12,17,basic,18.65,152,1,annual,paypal,0,8.94,0,1280,2020,0.1219,13-24,0,0.056
C102960,2023-03-05,2023-12-23,9,standard,42.29,401,2,monthly,paypal,0,44.56,0,690,2023,0.1052,7-12,0,0.2
C102961,2022-12-29,2023-08-06,7,standard,46.61,414,0,annual,debit_card,0,59.14,0,829,2022,0.1123,7-12,0,0.0
C102962,2022-01-14,2022-03-23,2,premium,75.49,1209,0,annual,credit_card,1,604.5,0,1330,2022,0.0624,0-3,1,0.0
C102963,2024-02-21,2028-11-27,58,standard,40.3,498,3,monthly,credit_card,1,8.59,1,-1111,2024,0.0808,24+,0,0.051
C102964,2021-03-25,2023-04-25,25,basic,16.48,224,3,annual,bank_transfer,0,8.96,1,932,2021,0.0732,24+,0,0.115
C102965,2020-11-30,2027-10-20,83,standard,40.29,337,1,monthly,debit_card,1,4.06,0,-707,2020,0.1192,24+,0,0.012
C102966,2023-09-02,2024-10-01,13,basic,21.29,157,1,monthly,credit_card,0,12.08,0,407,2023,0.1347,13-24,0,0.071
C102967,2018-12-26,2019-10-29,10,premium,86.86,1221,0,monthly,bank_transfer,0,122.1,0,2206,2018,0.0711,7-12,1,0.0
C102968,2023-08-04,2025-10-28,27,premium,79.92,1487,0,monthly,bank_transfer,0,55.07,0,15,2023,0.0537,24+,1,0.0
C102969,2021-02-15,2022-02-16,12,basic,22.03,173,3,monthly,credit_card,1,14.42,1,1365,2021,0.1266,7-12,0,0.231
C102970,2022-06-24,2024-09-12,27,basic,13.54,176,1,monthly,credit_card,0,6.52,0,426,2022,0.0765,24+,0,0.036
C102971,2021-11-04,2022-11-22,12,basic,23.2,179,2,annual,credit_card,0,14.92,0,1086,2021,0.1289,7-12,0,0.154
C102972,2023-04-28,2031-02-03,94,basic,15.6,220,3,monthly,credit_card,0,2.34,1,-1909,2023,0.0706,24+,0,0.032
C102973,2019-11-10,2020-04-25,5,premium,81.2,1312,1,monthly,credit_card,1,262.4,0,2027,2019,0.0618,4-6,1,0.167
C102974,2024-10-23,2025-01-10,2,standard,43.36,528,3,monthly,debit_card,0,264.0,1,306,2024,0.082,0-3,0,1.0
C102975,2018-01-07,2018-09-22,8,standard,37.4,520,1,annual,credit_card,0,65.0,0,2608,2018,0.0718,7-12,0,0.111
C102976,2024-10-04,2030-01-26,64,premium,86.52,1034,0,monthly,debit_card,0,16.16,0,-1536,2024,0.0836,24+,1,0.0
C102977,2022-05-11,2023-10-20,17,premium,86.93,1114,1,monthly,debit_card,0,65.53,0,754,2022,0.078,13-24,1,0.056
C102978,2020-04-12,2020-05-19,1,standard,39.55,416,1,monthly,credit_card,1,416.0,0,2003,2020,0.0948,0-3,0,0.5
C102979,2022-12-16,2023-09-25,9,basic,18.89,186,3,monthly,credit_card,1,20.67,1,779,2022,0.101,7-12,0,0.3
C102980,2020-07-02,2021-11-28,17,basic,21.59,272,2,monthly,credit_card,0,16.0,0,1445,2020,0.0791,13-24,0,0.111
C102981,2023-07-05,2026-05-15,34,basic,20.51,229,3,annual,paypal,1,6.74,1,-184,2023,0.0892,24+,0,0.086
C102982,2021-12-13,2023-10-07,22,standard,46.16,438,0,monthly,credit_card,0,19.91,0,767,2021,0.1051,13-24,0,0.0
C102983,2021-12-21,2022-05-25,5,standard,41.31,522,0,annual,bank_transfer,1,104.4,0,1267,2021,0.079,4-6,0,0.0
C102984,2022-02-11,2023-06-13,16,basic,17.54,216,3,monthly,credit_card,0,13.5,1,883,2022,0.0808,13-24,0,0.176
C102985,2018-05-06,2020-11-19,30,basic,20.84,297,1,monthly,paypal,1,9.9,0,1819,2018,0.0699,24+,0,0.032
C102986,2024-09-08,2024-11-07,2,standard,40.95,513,1,monthly,bank_transfer,1,256.5,0,370,2024,0.0797,0-3,0,0.333
C102987,2020-03-27,2023-04-18,37,basic,21.2,219,3,monthly,bank_transfer,0,5.92,1,939,2020,0.0964,24+,0,0.079
C102988,2023-01-04,2023-06-24,5,standard,41.64,340,0,annual,credit_card,0,68.0,0,872,2023,0.1221,4-6,0,0.0
C102989,2019-07-30,2020-09-05,13,standard,38.78,424,0,monthly,credit_card,0,32.62,0,1894,2019,0.0912,13-24,0,0.0
C102990,2024-06-30,2025-01-15,6,standard,38.65,536,0,monthly,credit_card,0,89.33,0,301,2024,0.072,4-6,0,0.0
C102991,2021-11-16,2024-09-02,34,basic,19.31,304,2,monthly,credit_card,1,8.94,0,436,2021,0.0633,24+,0,0.057
C102992,2020-07-18,2025-12-31,66,basic,21.31,132,1,monthly,credit_card,0,2.0,0,-49,2020,0.1602,24+,0,0.015
C102993,2022-01-03,2023-03-23,14,standard,40.77,581,1,monthly,credit_card,1,41.5,0,965,2022,0.0701,13-24,0,0.067
C102994,2020-04-12,2021-04-22,12,standard,41.6,501,3,annual,credit_card,1,41.75,1,1665,2020,0.0829,7-12,0,0.231
C102995,2020-11-20,2027-01-30,75,premium,77.19,1226,0,monthly,debit_card,0,16.35,0,-444,2020,0.0629,24+,1,0.0
C102996,2022-07-07,2024-12-26,30,basic,18.11,181,3,monthly,debit_card,0,6.03,1,321,2022,0.0995,24+,0,0.097
C102997,2023-03-16,2024-08-02,16,standard,43.88,416,2,monthly,debit_card,0,26.0,0,467,2023,0.1052,13-24,0,0.118
C102998,2021-12-28,2022-11-02,10,standard,40.08,498,1,monthly,credit_card,0,49.8,0,1106,2021,0.0803,7-12,0,0.091
C102999,2021-10-31,2025-08-20,46,basic,21.45,238,1,monthly,debit_card,1,5.17,0,84,2021,0.0897,24+,0,0.021
C103000,2019-03-19,2019-08-29,5,basic,15.89,78,0,monthly,credit_card,1,15.6,0,2267,2019,0.2011,4-6,0,0.0
C103001,2023-10-24,2023-12-17,1,standard,37.8,617,3,monthly,credit_card,0,617.0,1,696,2023,0.0612,0-3,0,1.5
C103002,2019-07-11,2021-01-08,18,basic,20.25,321,1,monthly,debit_card,0,17.83,0,1769,2019,0.0629,13-24,0,0.053
C103003,2021-03-24,2023-12-16,33,basic,16.21,239,1,monthly,debit_card,0,7.24,0,697,2021,0.0675,24+,0,0.029
C103004,2023-07-31,2024-10-16,14,basic,19.92,321,2,annual,credit_card,1,22.93,0,392,2023,0.0619,13-24,0,0.133
C103005,2018-12-29,2022-02-24,38,standard,38.43,470,4,monthly,credit_card,0,12.37,1,1357,2018,0.0816,24+,0,0.103
C103006,2024-10-31,2024-12-16,1,basic,19.09,201,0,annual,bank_transfer,1,201.0,0,331,2024,0.0945,0-3,0,0.0
C103007,2021-06-11,2022-03-17,9,standard,45.59,466,0,monthly,credit_card,1,51.78,0,1336,2021,0.0976,7-12,0,0.0
C103008,2023-01-16,2023-08-30,7,standard,30.38,582,1,annual,credit_card,0,83.14,0,805,2023,0.0521,7-12,0,0.125
C103009,2024-04-28,2024-08-07,3,basic,19.69,218,4,monthly,paypal,0,72.67,1,462,2024,0.0899,0-3,0,1.0
C103010,2023-01-25,2023-07-04,5,standard,39.26,323,0,monthly,debit_card,0,64.6,0,862,2023,0.1212,4-6,0,0.0
C103011,2023-12-13,2028-01-03,49,basic,19.3,145,1,monthly,credit_card,0,2.96,0,-782,2023,0.1322,24+,0,0.02
C103012,2020-06-29,2021-07-31,13,standard,43.17,460,0,annual,credit_card,0,35.38,0,1565,2020,0.0936,13-24,0,0.0
C103013,2018-09-02,2021-06-12,33,basic,20.29,273,4,monthly,debit_card,0,8.27,1,1614,2018,0.0741,24+,0,0.118
C103014,2019-06-26,2022-04-19,34,standard,41.07,482,3,monthly,debit_card,0,14.18,1,1303,2019,0.085,24+,0,0.086
C103015,2024-12-07,2028-09-23,46,standard,39.37,494,3,monthly,credit_card,0,10.74,1,-1046,2024,0.0795,24+,0,0.064
C103016,2023-12-10,2024-03-26,3,basic,22.28,124,5,monthly,credit_card,1,41.33,1,596,2023,0.1782,0-3,0,1.25
C103017,2023-12-13,2025-06-01,17,premium,82.85,1125,0,monthly,debit_card,0,66.18,0,164,2023,0.0736,13-24,1,0.0
C103018,2022-04-22,2023-06-09,13,standard,38.12,456,0,monthly,debit_card,0,35.08,0,887,2022,0.0834,13-24,0,0.0
C103019,2024-01-27,2025-06-22,17,basic,16.0,209,3,annual,bank_transfer,0,12.29,1,143,2024,0.0762,13-24,0,0.167
C103020,2018-05-04,2020-06-19,25,basic,23.24,185,0,monthly,debit_card,0,7.4,0,1972,2018,0.1249,24+,0,0.0
C103021,2022-09-28,2022-12-29,3,basic,18.33,176,2,monthly,bank_transfer,1,58.67,0,1049,2022,0.1036,0-3,0,0.5
C103022,2020-02-25,2021-01-19,10,premium,78.36,1150,1,monthly,debit_card,0,115.0,0,1758,2020,0.0681,7-12,1,0.091
C103023,2023-08-06,2026-06-14,34,basic,21.43,168,4,monthly,paypal,0,4.94,1,-214,2023,0.1268,24+,0,0.114
C103024,2024-02-27,2027-06-13,40,standard,41.39,427,2,monthly,credit_card,0,10.68,0,-578,2024,0.0967,24+,0,0.049
C103025,2024-08-13,2025-09-12,13,basic,18.39,154,2,monthly,credit_card,0,11.85,0,61,2024,0.1186,13-24,0,0.143
C103026,2020-03-07,2020-10-31,7,basic,23.44,131,2,annual,paypal,0,18.71,0,1838,2020,0.1776,7-12,0,0.25
C103027,2018-03-18,2022-07-16,52,basic,19.02,217,1,monthly,credit_card,0,4.17,0,1215,2018,0.0872,24+,0,0.019
C103028,2018-02-28,2019-01-15,10,standard,34.91,573,2,monthly,debit_card,0,57.3,0,2493,2018,0.0608,7-12,0,0.182
C103029,2024-10-14,2027-07-18,33,basic,19.75,191,2,monthly,credit_card,0,5.79,0,-613,2024,0.1029,24+,0,0.059
C103030,2022-03-04,2026-12-19,58,basic,25.9,181,2,monthly,credit_card,0,3.12,0,-402,2022,0.1423,24+,0,0.034
C103031,2023-04-21,2023-05-21,1,basic,26.06,135,0,monthly,credit_card,0,135.0,0,906,2023,0.1916,0-3,0,0.0
C103032,2023-11-27,2024-07-27,8,basic,20.68,84,3,annual,paypal,0,10.5,1,473,2023,0.2433,7-12,0,0.333
C103033,2021-07-25,2022-11-15,15,premium,81.05,861,1,annual,credit_card,0,57.4,0,1093,2021,0.094,13-24,1,0.062
C103034,2018-03-09,2018-10-30,7,basic,20.09,219,2,monthly,debit_card,0,31.29,0,2570,2018,0.0913,7-12,0,0.25
C103035,2024-06-10,2024-09-24,3,premium,82.69,1211,0,annual,credit_card,1,403.67,0,414,2024,0.0682,0-3,1,0.0
C103036,2023-04-17,2023-06-04,1,standard,39.28,554,2,monthly,paypal,0,554.0,0,892,2023,0.0708,0-3,0,1.0
C103037,2018-12-31,2021-02-16,25,basic,18.49,141,2,annual,debit_card,0,5.64,0,1730,2018,0.1302,24+,0,0.077
C103038,2020-03-31,2020-10-25,6,standard,37.5,480,1,annual,credit_card,0,80.0,0,1844,2020,0.078,4-6,0,0.143
C103039,2021-11-03,2022-04-26,5,standard,36.87,590,1,monthly,debit_card,1,118.0,0,1296,2021,0.0624,4-6,0,0.167
C103040,2024-07-18,2025-02-01,6,basic,18.8,193,1,monthly,bank_transfer,0,32.17,0,284,2024,0.0969,4-6,0,0.143
C103041,2020-08-04,2021-03-16,7,standard,37.55,437,2,monthly,paypal,0,62.43,0,1702,2020,0.0857,7-12,0,0.25
C103042,2022-04-27,2022-11-28,7,basic,16.55,161,1,monthly,paypal,0,23.0,0,1080,2022,0.1022,7-12,0,0.125
C103043,2021-10-09,2022-07-01,8,basic,20.71,157,2,monthly,debit_card,0,19.62,0,1230,2021,0.1311,7-12,0,0.222
C103044,2021-12-10,2022-12-10,12,basic,20.98,207,4,monthly,debit_card,0,17.25,1,1068,2021,0.1009,7-12,0,0.308
C103045,2020-02-01,2023-01-16,36,premium,72.0,1187,0,monthly,credit_card,0,32.97,0,1031,2020,0.0606,24+,1,0.0
C103046,2018-12-07,2020-06-03,18,basic,20.26,307,1,monthly,credit_card,0,17.06,0,1988,2018,0.0658,13-24,0,0.053
C103047,2019-01-18,2019-07-22,6,premium,77.14,1157,0,annual,credit_card,0,192.83,0,2305,2019,0.0666,4-6,1,0.0
C103048,2020-09-30,2022-05-19,19,premium,74.59,1074,0,annual,credit_card,0,56.53,0,1273,2020,0.0694,13-24,1,0.0
C103049,2022-04-06,2026-04-11,48,premium,73.75,1189,1,annual,paypal,0,24.77,0,-150,2022,0.062,24+,1,0.02
C103050,2018-10-27,2019-01-04,2,basic,20.53,264,1,monthly,debit_card,1,132.0,0,2504,2018,0.0775,0-3,0,0.333
C103051,2018-05-19,2018-07-15,1,basic,24.73,246,2,annual,credit_card,1,246.0,0,2677,2018,0.1001,0-3,0,1.0
C103052,2018-12-25,2019-04-12,3,basic,21.07,223,4,annual,debit_card,0,74.33,1,2406,2018,0.0941,0-3,0,1.0
C103053,2020-04-15,2021-11-01,18,basic,22.81,188,0,monthly,paypal,0,10.44,0,1472,2020,0.1207,13-24,0,0.0
C103054,2022-03-03,2022-06-15,3,premium,75.09,1193,1,annual,credit_card,0,397.67,0,1246,2022,0.0629,0-3,1,0.25
C103055,2022-06-16,2025-03-16,33,basic,19.84,189,0,monthly,debit_card,0,5.73,0,241,2022,0.1044,24+,0,0.0
C103056,2023-06-06,2025-07-18,25,basic,19.61,225,1,annual,credit_card,0,9.0,0,117,2023,0.0868,24+,0,0.038
C103057,2021-07-27,2023-07-09,23,standard,40.01,618,3,annual,credit_card,0,26.87,1,857,2021,0.0646,13-24,0,0.125
C103058,2024-12-05,2025-09-23,9,basic,19.29,194,1,monthly,credit_card,0,21.56,0,50,2024,0.0989,7-12,0,0.1
C103059,2020-06-27,2021-01-05,6,basic,19.73,203,1,monthly,credit_card,0,33.83,0,1772,2020,0.0967,4-6,0,0.143
C103060,2021-02-08,2026-04-12,62,basic,21.01,230,0,monthly,bank_transfer,0,3.71,0,-151,2021,0.091,24+,0,0.0
C103061,2023-12-27,2024-07-27,7,basic,16.09,261,1,monthly,credit_card,0,37.29,0,473,2023,0.0614,7-12,0,0.125
C103062,2020-09-22,2026-04-19,67,basic,24.63,169,1,monthly,credit_card,0,2.52,0,-158,2020,0.1449,24+,0,0.015
C103063,2024-10-18,2029-01-30,52,basic,23.03,145,1,monthly,credit_card,0,2.79,0,-1175,2024,0.1577,24+,0,0.019
C103064,2024-05-09,2025-07-25,14,standard,45.71,568,1,annual,credit_card,0,40.57,0,110,2024,0.0803,13-24,0,0.067
C103065,2023-11-22,2024-04-26,5,standard,35.78,505,1,monthly,credit_card,0,101.0,0,565,2023,0.0707,4-6,0,0.167
C103066,2021-05-22,2021-09-29,4,premium,86.03,1038,0,annual,credit_card,0,259.5,0,1505,2021,0.0828,4-6,1,0.0
C103067,2022-11-20,2024-11-17,24,basic,14.1,214,4,monthly,credit_card,1,8.92,1,360,2022,0.0656,13-24,0,0.16
C103068,2018-06-14,2018-07-28,1,basic,18.68,257,1,monthly,debit_card,0,257.0,0,2664,2018,0.0724,0-3,0,0.5
C103069,2020-09-25,2022-10-30,25,basic,20.56,173,3,monthly,paypal,1,6.92,1,1109,2020,0.1182,24+,0,0.115
C103070,2021-07-31,2022-07-19,11,basic,10.91,333,2,monthly,credit_card,0,30.27,0,1212,2021,0.0327,7-12,0,0.167
C103071,2019-10-19,2021-01-05,14,standard,43.17,425,1,monthly,credit_card,0,30.36,0,1772,2019,0.1013,13-24,0,0.067
C103072,2024-01-21,2025-11-08,21,basic,15.01,149,3,annual,paypal,0,7.1,1,4,2024,0.1001,13-24,0,0.136
C103073,2023-03-25,2023-05-01,1,premium,80.46,1172,1,monthly,debit_card,1,1172.0,0,926,2023,0.0686,0-3,1,0.5
C103074,2023-08-09,2024-04-23,8,standard,36.29,524,3,annual,credit_card,1,65.5,1,568,2023,0.0691,7-12,0,0.333
C103075,2023-10-13,2026-03-23,29,basic,20.63,264,1,monthly,credit_card,0,9.1,0,-131,2023,0.0778,24+,0,0.033
C103076,2021-02-14,2029-06-21,101,basic,19.66,174,2,monthly,bank_transfer,0,1.72,0,-1317,2021,0.1123,24+,0,0.02
C103077,2023-03-05,2023-09-23,6,basic,16.72,293,1,monthly,paypal,0,48.83,0,781,2023,0.0569,4-6,0,0.143
C103078,2018-09-24,2024-08-23,72,premium,79.0,1354,1,monthly,bank_transfer,0,18.81,0,446,2018,0.0583,24+,1,0.014
C103079,2023-01-20,2024-03-31,14,basic,22.11,170,3,annual,credit_card,1,12.14,1,591,2023,0.1293,13-24,0,0.2
C103080,2022-09-05,2023-05-29,8,standard,41.56,486,0,monthly,credit_card,0,60.75,0,898,2022,0.0853,7-12,0,0.0
C103081,2024-04-12,2026-01-07,21,basic,19.82,159,0,annual,credit_card,0,7.57,0,-56,2024,0.1239,13-24,0,0.0
C103082,2024-09-08,2024-12-16,3,standard,37.15,427,2,monthly,credit_card,0,142.33,0,331,2024,0.0868,0-3,0,0.5
C103083,2022-02-19,2026-03-05,49,standard,43.24,551,2,annual,paypal,1,11.24,0,-113,2022,0.0783,24+,0,0.04
C103084,2019-04-21,2020-08-09,15,standard,45.75,398,0,monthly,credit_card,0,26.53,0,1921,2019,0.1147,13-24,0,0.0
C103085,2020-09-03,2022-05-15,20,standard,35.16,419,1,annual,paypal,0,20.95,0,1277,2020,0.0837,13-24,0,0.048
C103086,2021-04-22,2021-06-20,1,basic,18.34,225,0,monthly,credit_card,0,225.0,0,1606,2021,0.0812,0-3,0,0.0
C103087,2020-11-09,2021-07-30,8,premium,79.49,1062,0,monthly,bank_transfer,0,132.75,0,1566,2020,0.0748,7-12,1,0.0
C103088,2023-05-15,2026-06-21,37,standard,43.3,503,0,monthly,paypal,1,13.59,0,-221,2023,0.0859,24+,0,0.0
C103089,2019-07-12,2023-08-08,49,standard,38.04,433,2,monthly,credit_card,0,8.84,0,827,2019,0.0876,24+,0,0.04
C103090,2020-10-14,2022-08-01,21,standard,44.96,436,3,annual,debit_card,0,20.76,1,1199,2020,0.1029,13-24,0,0.136
C103091,2022-05-25,2024-06-23,25,premium,83.82,1039,0,monthly,bank_transfer,0,41.56,0,507,2022,0.0806,24+,1,0.0
C103092,2020-06-01,2023-12-29,43,basic,20.6,106,1,monthly,credit_card,0,2.47,0,684,2020,0.1925,24+,0,0.023
C103093,2024-01-04,2024-08-16,7,basic,21.13,257,1,monthly,credit_card,0,36.71,0,453,2024,0.0819,7-12,0,0.125
C103094,2019-10-28,2020-11-25,13,standard,35.8,517,2,monthly,credit_card,0,39.77,0,1813,2019,0.0691,13-24,0,0.143
C103095,2022-11-07,2026-08-07,45,basic,24.67,223,3,annual,debit_card,0,4.96,1,-268,2022,0.1101,24+,0,0.065
C103096,2020-05-13,2020-09-26,4,standard,37.79,417,0,annual,paypal,0,104.25,0,1873,2020,0.0904,4-6,0,0.0
C103097,2019-08-05,2021-08-30,25,basic,16.17,169,1,annual,credit_card,0,6.76,0,1535,2019,0.0951,24+,0,0.038
C103098,2019-11-26,2020-01-08,1,basic,18.64,201,4,monthly,debit_card,0,201.0,1,2135,2019,0.0923,0-3,0,2.0
C103099,2021-06-05,2021-10-08,4,standard,39.94,486,1,monthly,paypal,0,121.5,0,1496,2021,0.082,4-6,0,0.2
C103100,2022-05-30,2024-01-10,19,basic,18.16,165,1,annual,credit_card,0,8.68,0,672,2022,0.1094,13-24,0,0.05
C103101,2021-05-24,2022-04-19,11,basic,20.38,172,1,monthly,debit_card,1,15.64,0,1303,2021,0.1178,7-12,0,0.083
C103102,2024-09-20,2025-04-01,6,premium,80.29,1021,0,monthly,credit_card,0,170.17,0,225,2024,0.0786,4-6,1,0.0
C103103,2019-02-03,2021-02-06,24,standard,34.62,510,0,monthly,bank_transfer,1,21.25,0,1740,2019,0.0677,13-24,0,0.0
C103104,2023-05-01,2024-08-03,15,basic,19.67,168,3,annual,credit_card,1,11.2,1,466,2023,0.1164,13-24,0,0.188
C103105,2019-12-16,2021-12-05,24,standard,34.73,398,1,monthly,debit_card,0,16.58,0,1438,2019,0.087,13-24,0,0.04
C103106,2019-12-05,2021-12-12,24,basic,20.0,87,3,monthly,credit_card,1,3.62,1,1431,2019,0.2273,13-24,0,0.12
C103107,2024-12-21,2028-05-18,41,basic,19.88,168,3,monthly,bank_transfer,1,4.1,1,-918,2024,0.1176,24+,0,0.071
C103108,2022-09-11,2023-11-13,14,premium,78.08,1206,0,annual,credit_card,1,86.14,0,730,2022,0.0647,13-24,1,0.0
C103109,2023-05-27,2024-06-28,13,basic,23.07,250,2,monthly,debit_card,0,19.23,0,502,2023,0.0919,13-24,0,0.143
C103110,2018-03-23,2021-04-14,37,basic,17.02,262,1,monthly,debit_card,0,7.08,0,1673,2018,0.0647,24+,0,0.026
C103111,2019-08-27,2020-06-06,9,standard,42.63,521,0,annual,debit_card,0,57.89,0,1985,2019,0.0817,7-12,0,0.0
C103112,2023-05-25,2023-10-07,4,basic,19.92,191,3,monthly,credit_card,0,47.75,1,767,2023,0.1038,4-6,0,0.6
C103113,2022-09-07,2022-12-26,3,standard,43.01,568,1,monthly,credit_card,0,189.33,0,1052,2022,0.0756,0-3,0,0.25
C103114,2023-08-09,2024-08-28,12,standard,42.51,463,0,monthly,debit_card,0,38.58,0,441,2023,0.0916,7-12,0,0.0
C103115,2020-06-21,2020-08-17,1,premium,78.87,987,1,monthly,credit_card,0,987.0,0,1913,2020,0.0798,0-3,1,0.5
C103116,2018-12-31,2020-08-07,19,basic,19.88,113,1,annual,bank_transfer,0,5.95,0,1923,2018,0.1744,13-24,0,0.05
C103117,2018-06-12,2019-03-17,9,basic,19.47,322,3,monthly,bank_transfer,0,35.78,1,2432,2018,0.0603,7-12,0,0.3
C103118,2023-02-07,2026-04-20,38,basic,19.61,265,1,monthly,bank_transfer,1,6.97,0,-159,2023,0.0737,24+,0,0.026
C103119,2018-04-26,2018-10-30,6,basic,17.19,222,2,monthly,debit_card,0,37.0,0,2570,2018,0.0771,4-6,0,0.286
C103120,2024-07-12,2025-08-27,13,basic,18.68,211,2,annual,debit_card,0,16.23,0,77,2024,0.0881,13-24,0,0.143
C103121,2020-05-30,2020-11-15,5,standard,42.15,456,3,monthly,paypal,1,91.2,1,1823,2020,0.0922,4-6,0,0.5
C103122,2020-04-19,2020-09-28,5,premium,81.32,972,0,annual,credit_card,0,194.4,0,1871,2020,0.0836,4-6,1,0.0
C103123,2024-01-04,2024-03-22,2,basic,23.37,249,2,monthly,credit_card,0,124.5,0,600,2024,0.0935,0-3,0,0.667
C103124,2021-09-08,2021-11-13,2,basic,19.4,70,3,annual,credit_card,0,35.0,1,1460,2021,0.2732,0-3,0,1.0
C103125,2024-10-26,2025-01-15,2,basic,20.18,237,3,monthly,credit_card,1,118.5,1,301,2024,0.0848,0-3,0,1.0
C103126,2020-11-02,2021-01-16,2,basic,13.85,136,2,annual,credit_card,0,68.0,0,1761,2020,0.1011,0-3,0,0.667
C103127,2020-07-31,2020-11-26,3,basic,19.78,246,1,monthly,credit_card,0,82.0,0,1812,2020,0.0801,0-3,0,0.25
C103128,2022-09-21,2027-02-15,53,standard,43.73,484,1,monthly,paypal,0,9.13,0,-460,2022,0.0902,24+,0,0.019
C103129,2024-05-23,2025-06-11,12,basic,20.85,189,2,annual,bank_transfer,0,15.75,0,154,2024,0.1097,7-12,0,0.154
C103130,2021-02-11,2024-07-07,41,basic,23.51,122,0,monthly,paypal,0,2.98,0,493,2021,0.1911,24+,0,0.0
C103131,2024-12-02,2025-01-18,1,standard,34.62,541,1,annual,bank_transfer,1,541.0,0,298,2024,0.0639,0-3,0,0.5
C103132,2018-01-22,2019-09-01,19,standard,34.83,691,2,monthly,credit_card,0,36.37,0,2264,2018,0.0503,13-24,0,0.1
C103133,2022-10-16,2022-11-17,1,basic,22.92,186,4,annual,credit_card,0,186.0,1,1091,2022,0.1226,0-3,0,2.0
C103134,2019-11-14,2020-10-18,11,basic,16.57,214,1,annual,credit_card,0,19.45,0,1851,2019,0.0771,7-12,0,0.083
C103135,2023-01-08,2026-01-24,37,basic,17.1,209,0,annual,credit_card,0,5.65,0,-73,2023,0.0814,24+,0,0.0
C103136,2024-06-25,2025-03-29,9,basic,23.22,206,1,annual,credit_card,0,22.89,0,228,2024,0.1122,7-12,0,0.1
C103137,2018-05-06,2019-08-04,15,basic,23.97,193,2,monthly,credit_card,0,12.87,0,2292,2018,0.1236,13-24,0,0.125
C103138,2018-10-04,2019-06-23,8,basic,22.05,223,4,annual,credit_card,0,27.88,1,2334,2018,0.0984,7-12,0,0.444
C103139,2023-06-23,2026-01-30,31,basic,24.8,147,3,monthly,credit_card,0,4.74,1,-79,2023,0.1676,24+,0,0.094
C103140,2021-05-12,2021-12-05,6,basic,27.55,203,4,monthly,bank_transfer,0,33.83,1,1438,2021,0.135,4-6,0,0.571
C103141,2024-02-20,2024-10-24,8,premium,73.9,887,0,monthly,bank_transfer,0,110.88,0,384,2024,0.0832,7-12,1,0.0
C103142,2019-11-27,2020-01-08,1,basic,25.04,200,0,monthly,credit_card,0,200.0,0,2135,2019,0.1246,0-3,0,0.0
C103143,2021-08-02,2027-06-04,71,standard,38.33,477,1,monthly,bank_transfer,1,6.72,0,-569,2021,0.0802,24+,0,0.014
C103144,2018-02-26,2019-02-11,11,premium,79.83,1320,2,monthly,credit_card,0,120.0,0,2466,2018,0.0604,7-12,1,0.167
C103145,2018-01-19,2019-11-10,22,basic,20.9,165,1,monthly,credit_card,0,7.5,0,2194,2018,0.1259,13-24,0,0.043
C103146,2024-04-30,2025-08-31,16,premium,76.19,1112,0,monthly,bank_transfer,1,69.5,0,73,2024,0.0685,13-24,1,0.0
C103147,2018-04-23,2019-06-04,13,basic,17.46,318,2,monthly,credit_card,0,24.46,0,2353,2018,0.0547,13-24,0,0.143
C103148,2019-06-26,2022-01-31,31,basic,18.94,238,4,monthly,credit_card,1,7.68,1,1381,2019,0.0792,24+,0,0.125
C103149,2019-08-02,2022-03-15,31,basic,15.91,205,1,annual,bank_transfer,0,6.61,0,1338,2019,0.0772,24+,0,0.031
C103150,2020-12-24,2022-08-16,20,premium,80.81,1077,0,monthly,credit_card,0,53.85,0,1184,2020,0.075,13-24,1,0.0
C103151,2018-01-25,2018-03-01,1,basic,20.19,186,1,monthly,bank_transfer,0,186.0,0,2813,2018,0.108,0-3,0,0.5
C103152,2022-04-22,2022-07-17,2,premium,75.35,1413,2,monthly,credit_card,0,706.5,0,1214,2022,0.0533,0-3,1,0.667
C103153,2023-08-11,2027-01-12,41,standard,37.03,582,2,monthly,credit_card,1,14.2,0,-426,2023,0.0635,24+,0,0.048
C103154,2022-04-22,2022-06-02,1,standard,43.47,421,2,monthly,credit_card,0,421.0,0,1259,2022,0.103,0-3,0,1.0
C103155,2018-05-21,2021-06-04,37,basic,16.88,179,4,monthly,credit_card,1,4.84,1,1622,2018,0.0938,24+,0,0.105
C103156,2022-11-03,2024-12-26,26,standard,40.2,437,2,annual,paypal,0,16.81,0,321,2022,0.0918,24+,0,0.074
C103157,2019-10-10,2020-10-21,12,standard,40.34,509,2,monthly,credit_card,0,42.42,0,1848,2019,0.0791,7-12,0,0.154
C103158,2024-02-14,2025-08-21,18,standard,41.32,516,1,monthly,debit_card,0,28.67,0,83,2024,0.0799,13-24,0,0.053
C103159,2018-07-20,2022-01-31,43,standard,42.25,565,0,annual,credit_card,0,13.14,0,1381,2018,0.0746,24+,0,0.0
C103160,2018-09-14,2020-01-16,16,standard,39.31,333,0,monthly,credit_card,0,20.81,0,2127,2018,0.1177,13-24,0,0.0
C103161,2019-07-01,2020-06-18,11,premium,80.34,1440,0,monthly,paypal,1,130.91,0,1973,2019,0.0558,7-12,1,0.0
C103162,2024-02-20,2024-09-26,7,basic,22.64,256,3,monthly,credit_card,0,36.57,1,412,2024,0.0881,7-12,0,0.375
C103163,2020-03-12,2026-02-05,71,standard,38.38,515,1,annual,credit_card,0,7.25,0,-85,2020,0.0744,24+,0,0.014
C103164,2020-07-30,2022-04-22,21,standard,34.42,512,1,annual,credit_card,0,24.38,0,1300,2020,0.0671,13-24,0,0.045
C103165,2019-02-18,2020-05-08,14,standard,37.76,394,0,annual,paypal,0,28.14,0,2014,2019,0.0956,13-24,0,0.0
C103166,2023-07-08,2024-01-14,6,basic,18.86,221,1,annual,paypal,0,36.83,0,668,2023,0.085,4-6,0,0.143
C103167,2021-10-13,2022-06-05,7,basic,14.74,212,3,monthly,bank_transfer,1,30.29,1,1256,2021,0.0692,7-12,0,0.375
C103168,2021-01-03,2025-01-08,48,basic,17.78,248,0,monthly,credit_card,0,5.17,0,308,2021,0.0714,24+,0,0.0
C103169,2020-06-28,2022-04-28,22,basic,16.28,225,1,monthly,credit_card,0,10.23,0,1294,2020,0.072,13-24,0,0.043
C103170,2018-07-07,2019-08-10,13,standard,40.69,476,2,annual,credit_card,0,36.62,0,2286,2018,0.0853,13-24,0,0.143
C103171,2023-07-09,2027-06-17,47,basic,19.87,190,1,annual,credit_card,0,4.04,0,-582,2023,0.104,24+,0,0.021
C103172,2021-08-06,2021-09-09,1,standard,40.69,507,4,annual,credit_card,0,507.0,1,1525,2021,0.0801,0-3,0,2.0
C103173,2023-09-24,2026-07-03,33,basic,14.67,117,1,monthly,bank_transfer,0,3.55,0,-233,2023,0.1243,24+,0,0.029
C103174,2023-11-01,2024-04-07,5,basic,21.25,156,0,monthly,bank_transfer,0,31.2,0,584,2023,0.1354,4-6,0,0.0
C103175,2021-02-20,2027-03-12,73,standard,43.53,440,3,monthly,credit_card,0,6.03,1,-485,2021,0.0987,24+,0,0.041
C103176,2018-12-24,2021-06-10,29,basic,17.28,88,5,monthly,debit_card,1,3.03,1,1616,2018,0.1942,24+,0,0.167
C103177,2022-04-01,2023-01-30,10,standard,36.43,402,1,monthly,credit_card,0,40.2,0,1017,2022,0.0904,7-12,0,0.091
C103178,2020-12-25,2021-04-16,3,basic,16.68,188,3,monthly,paypal,0,62.67,1,1671,2020,0.0883,0-3,0,0.75
C103179,2022-08-08,2023-12-27,16,basic,20.53,185,0,annual,credit_card,0,11.56,0,686,2022,0.1104,13-24,0,0.0
C103180,2024-08-19,2027-10-22,38,basic,17.73,146,1,monthly,credit_card,1,3.84,0,-709,2024,0.1206,24+,0,0.026
C103181,2018-06-11,2020-09-19,27,basic,21.34,180,2,monthly,credit_card,1,6.67,0,1880,2018,0.1179,24+,0,0.071
C103182,2024-06-27,2024-08-17,1,basic,22.76,106,0,annual,bank_transfer,0,106.0,0,452,2024,0.2127,0-3,0,0.0
C103183,2019-03-26,2019-05-04,1,basic,16.53,181,1,monthly,credit_card,1,181.0,0,2384,2019,0.0908,0-3,0,0.5
C103184,2022-02-06,2022-08-25,6,standard,39.62,341,0,annual,paypal,0,56.83,0,1175,2022,0.1158,4-6,0,0.0
C103185,2020-11-02,2021-11-02,12,standard,39.51,501,0,monthly,credit_card,1,41.75,0,1471,2020,0.0787,7-12,0,0.0
C103186,2024-02-10,2024-09-17,7,basic,22.42,196,1,annual,credit_card,0,28.0,0,421,2024,0.1138,7-12,0,0.125
C103187,2023-11-29,2024-02-10,2,standard,37.49,494,0,monthly,credit_card,0,247.0,0,641,2023,0.0757,0-3,0,0.0
C103188,2023-05-05,2024-07-23,14,premium,78.25,1293,2,monthly,credit_card,0,92.36,0,477,2023,0.0605,13-24,1,0.133
C103189,2021-08-06,2022-03-25,7,premium,77.44,1312,0,monthly,credit_card,0,187.43,0,1328,2021,0.059,7-12,1,0.0
C103190,2024-05-31,2028-06-26,49,basic,18.2,272,2,annual,debit_card,0,5.55,0,-957,2024,0.0667,24+,0,0.04
C103191,2021-05-23,2022-01-26,8,basic,18.47,138,1,monthly,bank_transfer,1,17.25,0,1386,2021,0.1329,7-12,0,0.111
C103192,2020-08-31,2023-02-24,30,basic,20.32,230,1,annual,paypal,1,7.67,0,992,2020,0.088,24+,0,0.032
C103193,2019-09-24,2019-11-26,2,premium,82.71,1074,0,monthly,debit_card,1,537.0,0,2178,2019,0.0769,0-3,1,0.0
C103194,2022-05-10,2022-08-15,3,standard,35.92,535,3,monthly,paypal,0,178.33,1,1185,2022,0.067,0-3,0,0.75
C103195,2020-11-16,2022-06-21,19,basic,24.76,219,1,monthly,credit_card,1,11.53,0,1240,2020,0.1125,13-24,0,0.05
C103196,2022-05-08,2022-06-14,1,standard,39.02,289,0,monthly,credit_card,1,289.0,0,1247,2022,0.1346,0-3,0,0.0
C103197,2024-06-26,2024-11-16,4,basic,21.23,259,2,monthly,paypal,0,64.75,0,361,2024,0.0817,4-6,0,0.4
C103198,2022-08-21,2024-09-21,25,premium,76.92,1330,1,monthly,paypal,1,53.2,0,417,2022,0.0578,24+,1,0.038
C103199,2019-03-13,2019-05-13,2,standard,45.07,445,2,monthly,credit_card,1,222.5,0,2375,2019,0.1011,0-3,0,0.667
C103200,2022-04-06,2023-06-24,14,basic,21.76,280,5,annual,credit_card,0,20.0,1,872,2022,0.0774,13-24,0,0.333
C103201,2020-12-12,2025-05-16,53,premium,79.62,1102,1,monthly,credit_card,0,20.79,0,180,2020,0.0722,24+,1,0.019
C103202,2021-07-28,2021-09-05,1,basic,17.67,205,0,monthly,credit_card,0,205.0,0,1529,2021,0.0858,0-3,0,0.0
C103203,2023-09-10,2024-05-28,8,standard,36.03,451,0,annual,credit_card,0,56.38,0,533,2023,0.0797,7-12,0,0.0
C103204,2024-07-12,2027-05-06,34,premium,79.07,1276,1,annual,debit_card,0,37.53,0,-540,2024,0.0619,24+,1,0.029
C103205,2018-07-02,2018-10-29,3,standard,42.22,482,1,monthly,credit_card,0,160.67,0,2571,2018,0.0874,0-3,0,0.25
C103206,2022-01-09,2024-04-04,27,basic,21.32,140,1,monthly,paypal,0,5.19,0,587,2022,0.1512,24+,0,0.036
C103207,2022-01-19,2027-02-06,61,basic,22.91,164,2,monthly,paypal,1,2.69,0,-451,2022,0.1388,24+,0,0.032
C103208,2022-05-09,2029-07-27,87,basic,20.13,166,5,monthly,debit_card,0,1.91,1,-1353,2022,0.1205,24+,0,0.057
C103209,2022-05-07,2024-01-14,20,premium,76.34,1228,0,monthly,credit_card,0,61.4,0,668,2022,0.0621,13-24,1,0.0
C103210,2019-10-22,2020-11-13,12,basic,19.81,239,2,annual,credit_card,0,19.92,0,1825,2019,0.0825,7-12,0,0.154
C103211,2018-06-09,2018-08-01,1,standard,41.15,456,0,monthly,paypal,0,456.0,0,2660,2018,0.09,0-3,0,0.0
C103212,2024-09-25,2025-04-18,6,standard,42.17,396,1,monthly,credit_card,0,66.0,0,208,2024,0.1062,4-6,0,0.143
C103213,2020-10-08,2023-04-05,30,standard,37.8,485,0,monthly,debit_card,0,16.17,0,952,2020,0.0778,24+,0,0.0
C103214,2018-02-22,2018-04-11,1,basic,25.31,192,1,monthly,bank_transfer,1,192.0,0,2772,2018,0.1311,0-3,0,0.5
C103215,2024-09-21,2027-07-13,34,basic,23.24,170,0,monthly,credit_card,0,5.0,0,-608,2024,0.1359,24+,0,0.0
C103216,2020-11-11,2022-02-21,15,standard,37.85,531,1,annual,credit_card,0,35.4,0,1360,2020,0.0711,13-24,0,0.062
C103217,2020-11-19,2021-11-28,12,premium,76.24,921,1,monthly,credit_card,0,76.75,0,1445,2020,0.0827,7-12,1,0.077
C103218,2024-04-26,2026-09-25,29,basic,20.26,187,1,monthly,credit_card,1,6.45,0,-317,2024,0.1078,24+,0,0.033
C103219,2021-05-13,2021-10-30,5,basic,21.65,254,4,monthly,credit_card,0,50.8,1,1474,2021,0.0849,4-6,0,0.667
C103220,2022-02-03,2022-10-15,8,standard,37.46,459,4,monthly,credit_card,0,57.38,1,1124,2022,0.0814,7-12,0,0.444
C103221,2022-01-29,2024-04-22,27,basic,17.05,236,3,annual,paypal,0,8.74,1,569,2022,0.0719,24+,0,0.107
C103222,2020-11-01,2022-03-21,16,standard,39.94,567,0,monthly,bank_transfer,0,35.44,0,1332,2020,0.0703,13-24,0,0.0
C103223,2023-05-05,2026-03-07,34,basic,22.08,173,0,annual,bank_transfer,1,5.09,0,-115,2023,0.1269,24+,0,0.0
C103224,2020-04-29,2024-03-08,46,standard,43.39,486,1,annual,debit_card,0,10.57,0,614,2020,0.0891,24+,0,0.021
C103225,2018-12-20,2019-02-11,1,standard,34.41,491,0,monthly,bank_transfer,1,491.0,0,2466,2018,0.0699,0-3,0,0.0
C103226,2021-01-03,2021-02-13,1,standard,38.21,492,0,monthly,debit_card,1,492.0,0,1733,2021,0.0775,0-3,0,0.0
C103227,2022-10-06,2026-10-08,48,basic,24.17,217,3,annual,paypal,0,4.52,1,-330,2022,0.1109,24+,0,0.061
C103228,2022-01-04,2022-04-19,3,standard,45.58,466,0,monthly,paypal,1,155.33,0,1303,2022,0.0976,0-3,0,0.0
C103229,2020-09-17,2023-05-20,32,basic,15.73,205,2,monthly,debit_card,1,6.41,0,907,2020,0.0764,24+,0,0.061
C103230,2021-06-18,2021-10-05,3,basic,17.11,179,4,monthly,bank_transfer,1,59.67,1,1499,2021,0.0951,0-3,0,1.0
C103231,2023-02-28,2023-12-30,10,basic,22.17,133,2,monthly,paypal,0,13.3,0,683,2023,0.1654,7-12,0,0.182
C103232,2022-12-15,2025-07-04,31,basic,17.93,209,2,annual,credit_card,1,6.74,0,131,2022,0.0854,24+,0,0.062
C103233,2024-05-30,2025-03-25,9,basic,20.38,207,2,monthly,credit_card,1,23.0,0,232,2024,0.098,7-12,0,0.2
C103234,2024-03-06,2024-07-13,4,basic,18.49,181,0,monthly,credit_card,1,45.25,0,487,2024,0.1016,4-6,0,0.0
C103235,2021-01-16,2021-04-19,3,premium,80.03,954,0,monthly,debit_card,1,318.0,0,1668,2021,0.0838,0-3,1,0.0
C103236,2020-03-28,2020-06-26,3,standard,38.75,638,1,monthly,debit_card,0,212.67,0,1965,2020,0.0606,0-3,0,0.25
C103237,2022-12-05,2023-02-11,2,basic,20.52,135,0,monthly,credit_card,1,67.5,0,1005,2022,0.1509,0-3,0,0.0
C103238,2023-05-15,2025-05-21,24,basic,16.97,144,1,annual,paypal,1,6.0,0,175,2023,0.117,13-24,0,0.04
C103239,2024-09-03,2025-02-14,5,basic,18.01,272,2,monthly,paypal,1,54.4,0,271,2024,0.066,4-6,0,0.333
C103240,2024-06-30,2024-10-19,3,basic,21.26,169,4,monthly,credit_card,0,56.33,1,389,2024,0.1251,0-3,0,1.0
C103241,2020-06-07,2021-04-25,10,standard,36.46,585,0,monthly,debit_card,0,58.5,0,1662,2020,0.0622,7-12,0,0.0
C103242,2023-01-30,2023-05-01,3,standard,38.66,509,1,monthly,paypal,1,169.67,0,926,2023,0.0758,0-3,0,0.25
C103243,2021-03-26,2021-05-29,2,standard,46.88,586,2,monthly,debit_card,1,293.0,0,1628,2021,0.0799,0-3,0,0.667
C103244,2019-10-30,2024-04-05,53,basic,15.99,296,4,monthly,paypal,0,5.58,1,586,2019,0.0538,24+,0,0.074
C103245,2019-09-25,2021-08-19,23,basic,19.84,113,5,annual,credit_card,0,4.91,1,1546,2019,0.174,13-24,0,0.208
C103246,2022-07-01,2024-02-28,20,basic,24.23,154,4,monthly,bank_transfer,0,7.7,1,623,2022,0.1563,13-24,0,0.19
C103247,2018-05-17,2022-05-12,48,basic,20.5,198,0,annual,debit_card,1,4.12,0,1280,2018,0.103,24+,0,0.0
C103248,2023-05-01,2024-07-27,15,basic,18.52,274,2,monthly,debit_card,0,18.27,0,473,2023,0.0673,13-24,0,0.125
C103249,2022-08-25,2024-12-22,28,standard,37.07,510,1,monthly,debit_card,1,18.21,0,325,2022,0.0725,24+,0,0.034
C103250,2019-03-04,2020-03-14,12,premium,76.88,929,0,monthly,credit_card,0,77.42,0,2069,2019,0.0827,7-12,1,0.0
C103251,2022-01-15,2022-02-20,1,basic,21.02,143,3,annual,debit_card,0,143.0,1,1361,2022,0.146,0-3,0,1.5
C103252,2020-03-29,2022-10-31,31,basic,22.34,158,2,monthly,debit_card,1,5.1,0,1108,2020,0.1405,24+,0,0.062
C103253,2023-12-29,2026-09-13,32,standard,44.28,363,0,monthly,credit_card,0,11.34,0,-305,2023,0.1216,24+,0,0.0
C103254,2021-01-11,2021-02-28,1,standard,39.52,634,0,monthly,paypal,0,634.0,0,1718,2021,0.0622,0-3,0,0.0
C103255,2024-02-03,2024-09-04,7,basic,18.32,178,0,annual,credit_card,0,25.43,0,434,2024,0.1023,7-12,0,0.0
C103256,2018-07-17,2018-10-06,2,standard,41.09,431,1,annual,credit_card,0,215.5,0,2594,2018,0.0951,0-3,0,0.333
C103257,2023-06-19,2023-11-17,5,premium,79.66,1478,2,annual,credit_card,1,295.6,0,726,2023,0.0539,4-6,1,0.333
C103258,2024-09-14,2025-08-10,11,basic,22.29,262,2,annual,bank_transfer,0,23.82,0,94,2024,0.0848,7-12,0,0.167
C103259,2019-04-16,2024-01-04,57,basic,20.85,255,3,monthly,credit_card,0,4.47,1,678,2019,0.0814,24+,0,0.052
C103260,2024-03-15,2025-08-04,16,standard,42.12,463,1,monthly,paypal,1,28.94,0,100,2024,0.0908,13-24,0,0.059
C103261,2023-05-03,2029-01-08,69,premium,79.13,887,0,monthly,debit_card,0,12.86,0,-1153,2023,0.0891,24+,1,0.0
C103262,2020-07-17,2021-02-20,7,premium,75.3,1110,1,monthly,credit_card,0,158.57,0,1726,2020,0.0678,7-12,1,0.125
C103263,2023-07-04,2024-12-07,17,basic,21.79,109,0,monthly,debit_card,0,6.41,0,340,2023,0.1981,13-24,0,0.0
C103264,2020-06-24,2022-05-23,23,basic,20.45,259,4,monthly,paypal,0,11.26,1,1269,2020,0.0787,13-24,0,0.167
C103265,2024-02-01,2024-05-08,3,standard,40.48,457,1,monthly,paypal,0,152.33,0,553,2024,0.0884,0-3,0,0.25
C103266,2018-01-23,2021-05-22,40,basic,21.83,212,2,monthly,paypal,0,5.3,0,1635,2018,0.1025,24+,0,0.049
C103267,2018-08-23,2019-05-11,8,basic,19.54,159,2,monthly,bank_transfer,0,19.88,0,2377,2018,0.1221,7-12,0,0.222
C103268,2021-01-29,2021-08-26,6,standard,44.81,484,1,monthly,debit_card,1,80.67,0,1539,2021,0.0924,4-6,0,0.143
C103269,2020-07-17,2020-08-23,1,standard,42.72,465,2,monthly,credit_card,0,465.0,0,1907,2020,0.0917,0-3,0,1.0
C103270,2019-06-07,2021-12-09,30,basic,24.36,217,5,monthly,credit_card,0,7.23,1,1434,2019,0.1117,24+,0,0.161
C103271,2022-12-14,2024-01-27,13,basic,15.16,207,1,monthly,paypal,0,15.92,0,655,2022,0.0729,13-24,0,0.071
C103272,2019-03-07,2019-07-13,4,standard,40.64,533,1,monthly,credit_card,0,133.25,0,2314,2019,0.0761,4-6,0,0.2
C103273,2020-03-03,2020-08-04,5,basic,18.88,144,3,monthly,credit_card,1,28.8,1,1926,2020,0.1302,4-6,0,0.5
C103274,2022-06-18,2023-03-13,8,standard,38.85,432,2,monthly,credit_card,0,54.0,0,975,2022,0.0897,7-12,0,0.222
C103275,2022-10-03,2023-01-29,3,standard,41.69,520,2,monthly,credit_card,1,173.33,0,1018,2022,0.08,0-3,0,0.5
C103276,2019-06-17,2022-01-02,31,basic,17.38,243,2,monthly,debit_card,0,7.84,0,1410,2019,0.0712,24+,0,0.062
C103277,2022-10-13,2023-03-21,5,premium,75.24,1400,1,annual,bank_transfer,0,280.0,0,967,2022,0.0537,4-6,1,0.167
C103278,2022-08-03,2022-09-30,1,premium,76.97,1226,0,monthly,paypal,0,1226.0,0,1139,2022,0.0627,0-3,1,0.0
C103279,2021-08-09,2027-09-20,74,basic,18.97,267,1,monthly,credit_card,0,3.61,0,-677,2021,0.0708,24+,0,0.013
C103280,2020-07-01,2023-04-07,33,standard,36.86,525,2,monthly,credit_card,0,15.91,0,950,2020,0.0701,24+,0,0.059
C103281,2021-01-29,2021-06-22,4,basic,14.41,129,1,monthly,credit_card,0,32.25,0,1604,2021,0.1108,4-6,0,0.2
C103282,2022-03-06,2022-04-29,1,standard,40.29,344,1,monthly,paypal,0,344.0,0,1293,2022,0.1168,0-3,0,0.5
C103283,2021-08-20,2023-03-22,19,standard,35.36,556,0,annual,credit_card,0,29.26,0,966,2021,0.0635,13-24,0,0.0
C103284,2020-10-20,2020-12-01,1,basic,19.83,168,2,annual,credit_card,1,168.0,0,1807,2020,0.1173,0-3,0,1.0
C103285,2022-04-26,2025-05-08,36,premium,82.06,1111,0,monthly,paypal,0,30.86,0,188,2022,0.0738,24+,1,0.0
C103286,2021-10-10,2022-03-12,5,basic,19.0,179,2,monthly,credit_card,0,35.8,0,1341,2021,0.1056,4-6,0,0.333
C103287,2022-02-28,2023-10-16,19,basic,22.82,212,1,monthly,debit_card,1,11.16,0,758,2022,0.1071,13-24,0,0.05
C103288,2022-08-09,2024-06-02,22,standard,41.3,277,2,monthly,credit_card,0,12.59,0,528,2022,0.1486,13-24,0,0.087
C103289,2023-06-21,2024-07-07,12,premium,81.15,1245,1,monthly,bank_transfer,0,103.75,0,493,2023,0.0651,7-12,1,0.077
C103290,2018-08-15,2020-03-10,19,premium,81.55,1194,1,monthly,paypal,0,62.84,0,2073,2018,0.0682,13-24,1,0.05
C103291,2021-06-13,2025-03-05,45,premium,76.79,1028,3,monthly,credit_card,0,22.84,1,252,2021,0.0746,24+,1,0.065
C103292,2020-05-22,2020-08-09,2,standard,41.87,606,1,monthly,paypal,0,303.0,0,1921,2020,0.069,0-3,0,0.333
C103293,2020-06-10,2021-02-02,7,basic,24.09,133,2,annual,credit_card,0,19.0,0,1744,2020,0.1798,7-12,0,0.25
C103294,2022-01-18,2022-02-27,1,basic,17.49,214,0,monthly,credit_card,1,214.0,0,1354,2022,0.0813,0-3,0,0.0
C103295,2020-11-02,2022-04-01,17,basic,19.61,337,0,annual,paypal,0,19.82,0,1321,2020,0.058,13-24,0,0.0
C103296,2024-03-07,2025-07-15,16,basic,21.95,227,5,monthly,paypal,0,14.19,1,120,2024,0.0963,13-24,0,0.294
C103297,2019-02-01,2019-10-15,8,basic,27.16,219,1,monthly,credit_card,0,27.38,0,2220,2019,0.1235,7-12,0,0.111
C103298,2021-01-28,2021-03-07,1,standard,40.74,507,1,monthly,paypal,0,507.0,0,1711,2021,0.0802,0-3,0,0.5
C103299,2023-09-10,2027-03-05,42,standard,40.68,399,0,annual,credit_card,0,9.5,0,-478,2023,0.1017,24+,0,0.0
C103300,2019-10-11,2020-10-04,11,standard,42.86,417,3,monthly,debit_card,0,37.91,1,1865,2019,0.1025,7-12,0,0.25
C103301,2018-11-25,2019-08-29,9,basic,25.23,255,2,monthly,bank_transfer,0,28.33,0,2267,2018,0.0986,7-12,0,0.2
C103302,2022-01-22,2022-11-15,9,standard,42.95,524,3,monthly,credit_card,1,58.22,1,1093,2022,0.0818,7-12,0,0.3
C103303,2020-08-09,2021-01-01,4,basic,20.42,282,0,monthly,credit_card,1,70.5,0,1776,2020,0.0722,4-6,0,0.0
C103304,2023-06-29,2025-06-07,23,standard,36.51,445,1,annual,credit_card,0,19.35,0,158,2023,0.0819,13-24,0,0.042
C103305,2023-07-10,2025-06-21,23,standard,40.7,556,1,monthly,bank_transfer,0,24.17,0,144,2023,0.0731,13-24,0,0.042
C103306,2023-02-22,2023-11-29,9,basic,20.4,184,1,annual,credit_card,0,20.44,0,714,2023,0.1103,7-12,0,0.1
C103307,2021-04-11,2025-06-11,50,basic,16.66,160,1,monthly,paypal,0,3.2,0,154,2021,0.1035,24+,0,0.02
C103308,2022-11-08,2023-02-08,3,basic,18.88,166,2,annual,debit_card,0,55.33,0,1008,2022,0.1131,0-3,0,0.5
C103309,2018-06-11,2018-11-05,4,standard,37.96,477,3,monthly,bank_transfer,1,119.25,1,2564,2018,0.0794,4-6,0,0.6
C103310,2022-10-18,2022-12-13,1,premium,84.44,1161,0,monthly,credit_card,1,1161.0,0,1065,2022,0.0727,0-3,1,0.0
C103311,2020-02-15,2020-05-16,3,basic,15.04,252,1,monthly,debit_card,1,84.0,0,2006,2020,0.0594,0-3,0,0.25
C103312,2023-01-02,2023-04-01,2,basic,23.9,172,0,monthly,debit_card,1,86.0,0,956,2023,0.1382,0-3,0,0.0
C103313,2024-05-10,2027-02-17,33,basic,17.82,207,1,monthly,credit_card,0,6.27,0,-462,2024,0.0857,24+,0,0.029
C103314,2020-11-17,2023-08-03,32,premium,84.2,1042,1,annual,paypal,0,32.56,0,832,2020,0.0807,24+,1,0.03
C103315,2024-07-01,2025-09-30,15,standard,38.44,603,2,monthly,credit_card,1,40.2,0,43,2024,0.0636,13-24,0,0.125
C103316,2020-07-28,2031-06-18,132,standard,40.53,492,0,monthly,credit_card,0,3.73,0,-2044,2020,0.0822,,0,0.0
C103317,2019-06-24,2019-08-18,1,basic,21.99,291,1,monthly,paypal,1,291.0,0,2278,2019,0.0753,0-3,0,0.5
C103318,2024-12-10,2025-10-03,9,premium,75.29,1339,0,monthly,credit_card,0,148.78,0,40,2024,0.0562,7-12,1,0.0
C103319,2020-04-01,2020-05-13,1,standard,42.32,578,1,monthly,credit_card,1,578.0,0,2009,2020,0.0731,0-3,0,0.5
C103320,2022-01-01,2022-06-15,5,standard,40.7,498,2,monthly,credit_card,1,99.6,0,1246,2022,0.0816,4-6,0,0.333
C103321,2020-12-24,2021-05-28,5,premium,80.39,1333,0,annual,credit_card,1,266.6,0,1629,2020,0.0603,4-6,1,0.0
C103322,2018-12-22,2020-08-20,20,basic,17.03,259,4,monthly,credit_card,0,12.95,1,1910,2018,0.0655,13-24,0,0.19
C103323,2018-08-23,2021-11-24,39,standard,40.61,458,2,monthly,bank_transfer,1,11.74,0,1449,2018,0.0885,24+,0,0.05
C103324,2024-03-24,2025-05-12,13,standard,39.89,518,2,monthly,credit_card,0,39.85,0,184,2024,0.0769,13-24,0,0.143
C103325,2022-03-29,2023-06-15,14,standard,41.55,597,2,monthly,paypal,0,42.64,0,881,2022,0.0695,13-24,0,0.133
C103326,2023-09-28,2025-03-15,17,premium,77.41,1340,1,monthly,debit_card,0,78.82,0,242,2023,0.0577,13-24,1,0.056
C103327,2018-04-28,2020-06-09,25,basic,16.98,68,3,monthly,credit_card,0,2.72,1,1982,2018,0.2461,24+,0,0.115
C103328,2023-10-03,2028-09-04,59,basic,19.72,194,3,annual,debit_card,0,3.29,1,-1027,2023,0.1011,24+,0,0.05
C103329,2022-08-01,2026-08-04,48,basic,19.47,205,0,monthly,debit_card,0,4.27,0,-265,2022,0.0945,24+,0,0.0
C103330,2020-12-03,2025-02-21,51,standard,40.81,634,2,monthly,debit_card,0,12.43,0,264,2020,0.0643,24+,0,0.038
C103331,2023-10-02,2025-01-05,15,standard,38.24,433,0,annual,paypal,0,28.87,0,311,2023,0.0881,13-24,0,0.0
C103332,2019-07-12,2020-11-08,16,basic,18.81,249,2,monthly,debit_card,0,15.56,0,1830,2019,0.0752,13-24,0,0.118
C103333,2022-12-21,2024-09-07,20,premium,78.49,1220,0,annual,credit_card,0,61.0,0,431,2022,0.0643,13-24,1,0.0
C103334,2023-06-29,2023-09-22,2,basic,21.92,179,2,annual,debit_card,1,89.5,0,782,2023,0.1218,0-3,0,0.667
C103335,2019-02-02,2022-12-21,47,premium,80.01,1270,0,monthly,paypal,0,27.02,0,1057,2019,0.063,24+,1,0.0
C103336,2019-11-06,2023-11-12,48,basic,19.04,111,1,monthly,credit_card,0,2.31,0,731,2019,0.17,24+,0,0.02
C103337,2019-01-22,2021-01-05,23,basic,24.92,156,1,monthly,debit_card,0,6.78,0,1772,2019,0.1587,13-24,0,0.042
C103338,2023-11-29,2024-03-23,3,premium,81.56,943,0,monthly,credit_card,0,314.33,0,599,2023,0.0864,0-3,1,0.0
C103339,2023-08-27,2024-03-31,7,standard,38.83,429,1,monthly,paypal,0,61.29,0,591,2023,0.0903,7-12,0,0.125
C103340,2020-06-02,2022-05-18,23,basic,18.42,134,3,annual,credit_card,0,5.83,1,1274,2020,0.1364,13-24,0,0.125
C103341,2019-06-25,2028-12-16,115,standard,43.54,442,1,annual,debit_card,0,3.84,0,-1130,2019,0.0983,24+,0,0.009
C103342,2018-06-20,2018-07-20,1,basic,20.6,211,2,monthly,paypal,0,211.0,0,2672,2018,0.0972,0-3,0,1.0
C103343,2024-09-22,2031-10-22,86,basic,21.24,166,0,monthly,credit_card,1,1.93,0,-2170,2024,0.1272,24+,0,0.0
C103344,2020-01-10,2020-09-25,8,basic,15.86,258,0,annual,credit_card,0,32.25,0,1874,2020,0.0612,7-12,0,0.0
C103345,2021-11-02,2022-10-28,12,standard,40.16,425,2,annual,credit_card,0,35.42,0,1111,2021,0.0943,7-12,0,0.154
C103346,2024-03-27,2026-01-02,21,standard,35.84,367,0,monthly,credit_card,0,17.48,0,-51,2024,0.0974,13-24,0,0.0
C103347,2018-04-29,2020-03-30,23,premium,77.75,1312,0,monthly,bank_transfer,1,57.04,0,2053,2018,0.0592,13-24,1,0.0
C103348,2024-11-17,2024-12-28,1,basic,19.07,232,2,monthly,bank_transfer,0,232.0,0,319,2024,0.0818,0-3,0,1.0
C103349,2023-11-22,2024-02-12,2,basic,16.97,258,1,monthly,credit_card,0,129.0,0,639,2023,0.0655,0-3,0,0.333
C103350,2023-06-19,2026-12-31,43,standard,38.71,410,2,monthly,paypal,0,9.53,0,-414,2023,0.0942,24+,0,0.045
C103351,2022-09-02,2023-11-03,14,basic,25.55,244,2,monthly,credit_card,0,17.43,0,740,2022,0.1043,13-24,0,0.133
C103352,2022-09-19,2023-05-25,8,standard,36.62,440,3,monthly,credit_card,1,55.0,1,902,2022,0.083,7-12,0,0.333
C103353,2024-02-01,2024-04-02,2,premium,85.29,1194,0,monthly,credit_card,1,597.0,0,589,2024,0.0714,0-3,1,0.0
C103354,2022-08-25,2023-02-05,5,standard,39.99,522,2,monthly,credit_card,0,104.4,0,1011,2022,0.0765,4-6,0,0.333
C103355,2021-12-15,2029-01-17,86,premium,80.78,1331,3,monthly,paypal,0,15.48,1,-1162,2021,0.0606,24+,1,0.034
C103356,2022-10-26,2024-03-18,16,premium,76.36,1127,0,monthly,credit_card,0,70.44,0,604,2022,0.0677,13-24,1,0.0
C103357,2022-03-05,2024-04-16,25,standard,39.45,624,1,monthly,credit_card,0,24.96,0,575,2022,0.0631,24+,0,0.038
C103358,2019-10-27,2021-01-12,14,premium,76.26,1005,0,annual,credit_card,0,71.79,0,1765,2019,0.0758,13-24,1,0.0
C103359,2018-02-02,2019-06-17,16,standard,40.34,453,1,monthly,bank_transfer,0,28.31,0,2340,2018,0.0889,13-24,0,0.059
C103360,2023-10-04,2024-05-31,8,basic,19.59,178,2,monthly,credit_card,0,22.25,0,530,2023,0.1094,7-12,0,0.222
C103361,2023-08-22,2027-04-03,44,standard,42.13,525,2,monthly,paypal,1,11.93,0,-507,2023,0.0801,24+,0,0.044
C103362,2022-04-01,2023-12-18,20,basic,19.16,253,3,annual,debit_card,1,12.65,1,695,2022,0.0754,13-24,0,0.143
C103363,2019-12-21,2020-05-20,5,standard,36.83,439,1,monthly,credit_card,0,87.8,0,2002,2019,0.0837,4-6,0,0.167
C103364,2024-08-17,2025-10-30,14,basic,25.68,218,1,monthly,credit_card,1,15.57,0,13,2024,0.1173,13-24,0,0.067
C103365,2019-04-29,2019-10-03,5,standard,39.95,457,1,monthly,credit_card,1,91.4,0,2232,2019,0.0872,4-6,0,0.167
C103366,2020-08-30,2026-08-12,72,standard,40.2,495,3,monthly,debit_card,0,6.88,1,-273,2020,0.081,24+,0,0.041
C103367,2018-11-03,2021-07-13,32,basic,19.89,286,3,monthly,credit_card,1,8.94,1,1583,2018,0.0693,24+,0,0.091
C103368,2019-04-02,2021-03-08,23,basic,18.03,185,0,monthly,credit_card,0,8.04,0,1710,2019,0.0969,13-24,0,0.0
C103369,2024-01-17,2025-07-05,17,standard,40.94,357,3,monthly,paypal,0,21.0,1,130,2024,0.1144,13-24,0,0.167
C103370,2018-11-27,2020-07-27,20,premium,82.91,1240,0,annual,paypal,0,62.0,0,1934,2018,0.0668,13-24,1,0.0
C103371,2018-08-13,2019-01-13,5,premium,80.68,1304,0,annual,debit_card,0,260.8,0,2495,2018,0.0618,4-6,1,0.0
C103372,2022-01-19,2024-05-13,28,standard,47.03,505,0,annual,debit_card,0,18.04,0,548,2022,0.0929,24+,0,0.0
C103373,2020-12-18,2023-01-07,25,basic,18.48,147,1,monthly,credit_card,0,5.88,0,1040,2020,0.1249,24+,0,0.038
C103374,2019-10-06,2023-05-12,43,premium,81.26,1303,0,monthly,bank_transfer,0,30.3,0,915,2019,0.0623,24+,1,0.0
C103375,2019-09-08,2022-02-13,29,basic,19.94,95,1,monthly,credit_card,0,3.28,0,1368,2019,0.2077,24+,0,0.033
C103376,2018-07-14,2020-04-06,21,basic,24.51,81,2,annual,debit_card,0,3.86,0,2046,2018,0.2989,13-24,0,0.091
C103377,2019-05-04,2020-05-30,13,standard,42.97,365,1,monthly,debit_card,1,28.08,0,1992,2019,0.1174,13-24,0,0.071
C103378,2024-01-14,2024-08-04,6,premium,80.08,1037,0,annual,paypal,0,172.83,0,465,2024,0.0771,4-6,1,0.0
C103379,2021-06-03,2023-08-09,26,premium,81.38,1242,2,monthly,credit_card,0,47.77,0,826,2021,0.0655,24+,1,0.074
C103380,2024-09-25,2025-04-06,6,basic,21.38,155,2,monthly,debit_card,0,25.83,0,220,2024,0.1371,4-6,0,0.286
C103381,2021-01-07,2021-03-15,2,standard,42.6,469,3,monthly,bank_transfer,1,234.5,1,1703,2021,0.0906,0-3,0,1.0
C103382,2021-02-21,2022-01-04,10,basic,20.38,197,0,annual,debit_card,0,19.7,0,1408,2021,0.1029,7-12,0,0.0
C103383,2024-11-23,2028-10-24,47,standard,38.36,454,0,annual,debit_card,0,9.66,0,-1077,2024,0.0843,24+,0,0.0
C103384,2021-05-26,2024-12-24,43,basic,23.61,169,2,monthly,bank_transfer,0,3.93,0,323,2021,0.1389,24+,0,0.045
C103385,2019-05-31,2020-05-07,11,premium,78.62,1409,0,monthly,debit_card,0,128.09,0,2015,2019,0.0558,7-12,1,0.0
C103386,2022-06-14,2022-07-29,1,basic,18.05,202,0,annual,paypal,0,202.0,0,1202,2022,0.0889,0-3,0,0.0
C103387,2021-02-01,2023-01-07,23,basic,24.91,188,0,monthly,credit_card,0,8.17,0,1040,2021,0.1318,13-24,0,0.0
C103388,2019-01-28,2019-03-11,1,standard,42.68,589,3,monthly,credit_card,1,589.0,1,2438,2019,0.0723,0-3,0,1.5
C103389,2019-09-23,2024-10-28,62,basic,22.0,176,1,monthly,bank_transfer,0,2.84,0,380,2019,0.1243,24+,0,0.016
C103390,2023-01-22,2025-03-13,26,standard,40.25,505,1,annual,debit_card,0,19.42,0,244,2023,0.0795,24+,0,0.037
C103391,2020-09-06,2021-03-24,6,standard,36.62,520,0,monthly,debit_card,0,86.67,0,1694,2020,0.0703,4-6,0,0.0
C103392,2019-03-10,2020-07-21,16,basic,23.8,243,2,annual,credit_card,0,15.19,0,1940,2019,0.0975,13-24,0,0.118
C103393,2018-10-05,2019-11-30,14,basic,13.54,166,1,monthly,credit_card,0,11.86,0,2174,2018,0.0811,13-24,0,0.067
C103394,2018-08-21,2022-04-23,44,standard,39.89,615,2,monthly,credit_card,1,13.98,0,1299,2018,0.0648,24+,0,0.044
C103395,2022-04-02,2026-02-26,47,basic,20.44,148,1,annual,paypal,0,3.15,0,-106,2022,0.1372,24+,0,0.021
C103396,2022-05-14,2026-05-05,48,standard,36.91,557,0,monthly,credit_card,1,11.6,0,-174,2022,0.0661,24+,0,0.0
C103397,2021-01-18,2021-05-05,3,basic,13.61,203,1,monthly,debit_card,0,67.67,0,1652,2021,0.0667,0-3,0,0.25
C103398,2024-08-06,2024-09-05,1,basic,17.24,114,2,monthly,bank_transfer,0,114.0,0,433,2024,0.1499,0-3,0,1.0
C103399,2018-01-26,2021-05-16,40,basic,21.1,173,1,annual,debit_card,0,4.32,0,1641,2018,0.1213,24+,0,0.024
C103400,2021-11-18,2023-05-01,17,basic,22.32,248,0,annual,debit_card,0,14.59,0,926,2021,0.0896,13-24,0,0.0
C103401,2024-12-29,2026-08-18,19,premium,78.96,1077,0,monthly,credit_card,0,56.68,0,-279,2024,0.0732,13-24,1,0.0
C103402,2024-05-03,2028-11-30,55,basic,17.46,205,3,monthly,credit_card,0,3.73,1,-1114,2024,0.0848,24+,0,0.054
C103403,2019-04-06,2019-07-11,3,premium,80.55,1311,1,annual,debit_card,0,437.0,0,2316,2019,0.0614,0-3,1,0.25
C103404,2024-11-08,2027-03-07,28,standard,39.21,560,1,monthly,debit_card,0,20.0,0,-480,2024,0.0699,24+,0,0.034
C103405,2020-12-27,2026-12-29,73,basic,18.59,236,3,annual,credit_card,0,3.23,1,-412,2020,0.0784,24+,0,0.041
C103406,2020-10-03,2021-11-08,13,basic,13.91,237,1,monthly,bank_transfer,0,18.23,0,1465,2020,0.0584,13-24,0,0.071
C103407,2023-06-18,2026-06-08,36,standard,41.51,512,2,monthly,debit_card,0,14.22,0,-208,2023,0.0809,24+,0,0.054
C103408,2019-05-06,2020-08-03,15,standard,37.48,474,1,monthly,credit_card,0,31.6,0,1927,2019,0.0789,13-24,0,0.062
C103409,2020-12-08,2021-08-07,8,basic,20.54,269,0,monthly,debit_card,0,33.62,0,1558,2020,0.0761,7-12,0,0.0
C103410,2018-08-04,2022-01-04,41,premium,71.29,1152,0,monthly,paypal,0,28.1,0,1408,2018,0.0618,24+,1,0.0
C103411,2022-09-20,2022-11-11,1,premium,79.21,1062,1,monthly,credit_card,0,1062.0,0,1097,2022,0.0745,0-3,1,0.5
C103412,2022-05-12,2022-12-08,7,premium,77.88,1271,0,annual,credit_card,0,181.57,0,1070,2022,0.0612,7-12,1,0.0
C103413,2018-06-08,2020-05-31,24,premium,80.84,1444,0,annual,credit_card,0,60.17,0,1991,2018,0.0559,13-24,1,0.0
C103414,2024-12-11,2026-01-12,13,standard,46.51,567,2,monthly,paypal,0,43.62,0,-61,2024,0.0819,13-24,0,0.143
C103415,2019-11-17,2019-12-27,1,standard,43.55,460,2,monthly,bank_transfer,1,460.0,0,2147,2019,0.0945,0-3,0,1.0
C103416,2022-11-12,2023-06-08,6,basic,20.71,244,0,monthly,credit_card,0,40.67,0,888,2022,0.0845,4-6,0,0.0
C103417,2023-08-15,2025-04-04,19,standard,42.26,533,0,annual,debit_card,0,28.05,0,222,2023,0.0791,13-24,0,0.0
C103418,2023-01-18,2028-09-13,68,standard,35.13,619,2,annual,debit_card,1,9.1,0,-1036,2023,0.0567,24+,0,0.029
C103419,2024-08-05,2024-11-27,3,basic,18.76,109,0,monthly,credit_card,0,36.33,0,350,2024,0.1705,0-3,0,0.0
C103420,2024-11-11,2028-10-11,47,premium,80.23,1045,1,monthly,credit_card,0,22.23,0,-1064,2024,0.0767,24+,1,0.021
C103421,2024-04-14,2027-03-26,35,basic,19.36,106,2,annual,debit_card,0,3.03,0,-499,2024,0.1809,24+,0,0.056
C103422,2022-05-09,2024-07-22,26,premium,77.63,1273,0,monthly,debit_card,0,48.96,0,478,2022,0.0609,24+,1,0.0
C103423,2022-08-24,2022-10-19,1,standard,40.34,539,0,annual,credit_card,1,539.0,0,1120,2022,0.0747,0-3,0,0.0
C103424,2024-10-05,2033-07-25,107,basic,22.95,221,1,monthly,debit_card,0,2.07,0,-2812,2024,0.1034,24+,0,0.009
C103425,2023-05-01,2027-04-01,47,standard,39.8,599,0,monthly,debit_card,0,12.74,0,-505,2023,0.0663,24+,0,0.0
C103426,2023-08-25,2025-01-04,16,standard,37.06,541,0,monthly,credit_card,1,33.81,0,312,2023,0.0684,13-24,0,0.0
C103427,2021-02-19,2022-11-13,21,basic,26.01,139,4,monthly,credit_card,0,6.62,1,1095,2021,0.1858,13-24,0,0.182
C103428,2024-05-13,2024-07-09,1,basic,24.04,224,1,annual,paypal,0,224.0,0,491,2024,0.1068,0-3,0,0.5
C103429,2022-05-01,2024-09-10,28,basic,14.79,222,2,annual,credit_card,0,7.93,0,428,2022,0.0663,24+,0,0.069
C103430,2024-11-05,2025-01-09,2,premium,82.08,1233,0,monthly,credit_card,0,616.5,0,307,2024,0.0665,0-3,1,0.0
C103431,2024-10-29,2028-01-17,39,basic,31.67,100,0,monthly,debit_card,1,2.56,0,-796,2024,0.3136,24+,0,0.0
C103432,2024-03-07,2024-04-18,1,premium,78.45,1269,0,monthly,bank_transfer,1,1269.0,0,573,2024,0.0618,0-3,1,0.0
C103433,2024-06-07,2029-03-14,58,basic,19.21,196,0,annual,credit_card,0,3.38,0,-1218,2024,0.0975,24+,0,0.0
C103434,2023-04-17,2023-05-27,1,premium,77.94,1170,1,monthly,debit_card,0,1170.0,0,900,2023,0.0666,0-3,1,0.5
C103435,2022-10-24,2022-11-25,1,standard,38.85,501,2,monthly,paypal,0,501.0,0,1083,2022,0.0774,0-3,0,1.0
C103436,2023-08-13,2024-07-28,11,standard,43.5,559,0,monthly,debit_card,0,50.82,0,472,2023,0.0777,7-12,0,0.0
C103437,2020-09-16,2021-07-03,9,basic,19.75,187,1,annual,credit_card,0,20.78,0,1593,2020,0.1051,7-12,0,0.1
C103438,2022-03-22,2022-12-23,9,standard,40.24,479,1,annual,bank_transfer,1,53.22,0,1055,2022,0.0838,7-12,0,0.1
C103439,2021-01-21,2022-05-18,16,basic,13.86,171,2,monthly,credit_card,0,10.69,0,1274,2021,0.0806,13-24,0,0.118
C103440,2019-05-08,2020-08-28,15,premium,80.74,1211,0,monthly,credit_card,0,80.73,0,1902,2019,0.0666,13-24,1,0.0
C103441,2019-09-12,2022-03-22,30,basic,19.13,217,2,annual,credit_card,1,7.23,0,1331,2019,0.0878,24+,0,0.065
C103442,2024-07-06,2026-02-24,19,basic,18.57,89,1,annual,debit_card,0,4.68,0,-104,2024,0.2063,13-24,0,0.05
C103443,2024-07-08,2027-10-23,40,basic,13.91,174,1,annual,credit_card,0,4.35,0,-710,2024,0.0795,24+,0,0.024
C103444,2023-09-29,2027-09-07,47,premium,75.43,1148,0,monthly,debit_card,0,24.43,0,-664,2023,0.0656,24+,1,0.0
C103445,2022-03-27,2022-07-31,4,premium,78.58,1297,2,annual,debit_card,0,324.25,0,1200,2022,0.0605,4-6,1,0.4
C103446,2020-05-12,2021-01-15,8,premium,76.38,1390,0,monthly,paypal,0,173.75,0,1762,2020,0.0549,7-12,1,0.0
C103447,2022-08-19,2026-02-14,42,basic,18.68,199,2,monthly,credit_card,0,4.74,0,-94,2022,0.0934,24+,0,0.047
C103448,2022-05-25,2022-10-25,5,standard,40.32,426,0,monthly,debit_card,1,85.2,0,1114,2022,0.0944,4-6,0,0.0
C103449,2024-05-08,2026-10-20,29,standard,43.11,520,0,annual,paypal,0,17.93,0,-342,2024,0.0827,24+,0,0.0
C103450,2019-08-03,2019-09-14,1,basic,25.84,204,1,monthly,credit_card,1,204.0,0,2251,2019,0.126,0-3,0,0.5
C103451,2023-03-06,2024-03-21,12,standard,43.56,499,1,annual,debit_card,0,41.58,0,601,2023,0.0871,7-12,0,0.077
C103452,2021-06-29,2022-09-15,14,basic,18.55,155,0,monthly,paypal,0,11.07,0,1154,2021,0.1189,13-24,0,0.0
C103453,2023-01-30,2023-09-14,7,basic,19.81,290,2,monthly,paypal,0,41.43,0,790,2023,0.0681,7-12,0,0.25
C103454,2024-10-29,2026-09-08,22,basic,17.72,197,4,monthly,credit_card,0,8.95,1,-300,2024,0.0895,13-24,0,0.174
C103455,2021-09-17,2026-08-30,60,standard,39.63,554,1,monthly,credit_card,0,9.23,0,-291,2021,0.0714,24+,0,0.016
C103456,2021-03-08,2023-05-25,26,basic,23.15,221,2,monthly,debit_card,0,8.5,0,902,2021,0.1043,24+,0,0.074
C103457,2018-12-23,2019-01-30,1,basic,19.85,119,2,annual,paypal,1,119.0,0,2478,2018,0.1654,0-3,0,1.0
C103458,2022-06-13,2024-09-24,27,basic,22.43,292,1,monthly,credit_card,0,10.81,0,414,2022,0.0766,24+,0,0.036
C103459,2024-05-10,2030-12-12,80,basic,18.06,195,4,annual,paypal,0,2.44,1,-1856,2024,0.0921,24+,0,0.049
C103460,2023-06-30,2024-01-05,6,basic,21.17,215,1,monthly,debit_card,0,35.83,0,677,2023,0.098,4-6,0,0.143
C103461,2024-06-16,2030-10-13,77,basic,16.99,149,1,annual,paypal,0,1.94,0,-1796,2024,0.1133,24+,0,0.013
C103462,2020-05-19,2022-07-31,26,basic,16.64,259,5,annual,credit_card,0,9.96,1,1200,2020,0.064,24+,0,0.185
C103463,2020-06-04,2021-01-18,7,basic,21.12,272,3,monthly,paypal,0,38.86,1,1759,2020,0.0774,7-12,0,0.375
C103464,2023-06-25,2023-08-09,1,standard,39.26,469,0,monthly,credit_card,0,469.0,0,826,2023,0.0835,0-3,0,0.0
C103465,2024-01-11,2026-08-25,31,basic,20.67,190,1,annual,paypal,1,6.13,0,-286,2024,0.1082,24+,0,0.031
C103466,2021-11-14,2022-10-13,11,basic,18.12,212,1,monthly,credit_card,0,19.27,0,1126,2021,0.0851,7-12,0,0.083
C103467,2021-07-07,2022-07-28,12,basic,17.85,215,0,monthly,debit_card,0,17.92,0,1203,2021,0.0826,7-12,0,0.0
C103468,2019-09-12,2021-07-11,22,standard,39.06,326,1,monthly,bank_transfer,0,14.82,0,1585,2019,0.1194,13-24,0,0.043
C103469,2020-06-01,2021-04-06,10,premium,83.48,1084,0,annual,debit_card,0,108.4,0,1681,2020,0.0769,7-12,1,0.0
C103470,2020-03-07,2022-01-23,22,basic,20.24,145,2,monthly,credit_card,1,6.59,0,1389,2020,0.1386,13-24,0,0.087
C103471,2023-12-13,2025-11-01,22,standard,45.31,613,1,annual,credit_card,0,27.86,0,11,2023,0.0738,13-24,0,0.043
C103472,2021-07-20,2024-12-19,41,standard,40.35,411,2,monthly,credit_card,1,10.02,0,328,2021,0.0979,24+,0,0.048
C103473,2019-09-11,2019-12-14,3,standard,39.04,352,1,annual,bank_transfer,0,117.33,0,2160,2019,0.1106,0-3,0,0.25
C103474,2023-01-09,2024-01-02,11,basic,14.9,224,3,monthly,debit_card,0,20.36,1,680,2023,0.0662,7-12,0,0.25
C103475,2018-09-02,2020-05-20,20,standard,38.66,481,1,monthly,credit_card,0,24.05,0,2002,2018,0.0802,13-24,0,0.048
C103476,2024-11-02,2028-10-12,48,standard,38.76,670,3,monthly,credit_card,0,13.96,1,-1065,2024,0.0578,24+,0,0.061
C103477,2020-07-18,2022-05-19,22,premium,81.48,1257,2,monthly,debit_card,0,57.14,0,1273,2020,0.0648,13-24,1,0.087
C103478,2021-06-24,2021-12-10,5,premium,81.87,1012,1,monthly,credit_card,0,202.4,0,1433,2021,0.0808,4-6,1,0.167
C103479,2019-06-04,2020-12-10,18,basic,20.56,180,1,monthly,credit_card,0,10.0,0,1798,2019,0.1136,13-24,0,0.053
C103480,2024-08-06,2025-08-14,12,basic,19.09,198,4,monthly,debit_card,0,16.5,1,90,2024,0.0959,7-12,0,0.308
C103481,2018-01-08,2023-09-10,69,basic,18.35,243,1,monthly,credit_card,1,3.52,0,794,2018,0.0752,24+,0,0.014
C103482,2024-11-30,2027-01-05,25,basic,20.93,167,1,monthly,credit_card,0,6.68,0,-419,2024,0.1246,24+,0,0.038
C103483,2023-07-13,2026-06-06,35,premium,80.63,1064,0,monthly,credit_card,0,30.4,0,-206,2023,0.0757,24+,1,0.0
C103484,2019-05-10,2020-02-15,9,standard,40.99,438,0,monthly,bank_transfer,0,48.67,0,2097,2019,0.0934,7-12,0,0.0
C103485,2022-06-18,2023-11-08,16,basic,18.38,152,0,annual,paypal,0,9.5,0,735,2022,0.1201,13-24,0,0.0
C103486,2020-11-28,2022-11-13,23,basic,23.58,237,3,monthly,bank_transfer,0,10.3,1,1095,2020,0.0991,13-24,0,0.125
C103487,2018-07-06,2021-04-05,33,standard,48.41,548,2,monthly,debit_card,1,16.61,0,1682,2018,0.0882,24+,0,0.059
C103488,2023-02-21,2026-05-16,39,basic,20.11,212,1,annual,credit_card,0,5.44,0,-185,2023,0.0944,24+,0,0.025
C103489,2023-11-11,2025-07-15,20,premium,78.7,1392,0,annual,credit_card,0,69.6,0,120,2023,0.0565,13-24,1,0.0
C103490,2018-03-27,2020-10-17,31,premium,79.61,1230,1,annual,credit_card,0,39.68,0,1852,2018,0.0647,24+,1,0.031
C103491,2018-05-17,2019-08-03,14,premium,76.65,1443,0,monthly,bank_transfer,0,103.07,0,2293,2018,0.0531,13-24,1,0.0
C103492,2024-10-04,2025-10-08,12,premium,75.77,1315,1,monthly,credit_card,0,109.58,0,35,2024,0.0576,7-12,1,0.077
C103493,2023-10-23,2024-05-03,6,basic,18.42,190,2,annual,credit_card,0,31.67,0,558,2023,0.0964,4-6,0,0.286
C103494,2022-06-25,2024-10-01,27,basic,25.47,255,4,annual,credit_card,0,9.44,1,407,2022,0.0995,24+,0,0.143
C103495,2024-01-28,2024-12-13,10,standard,42.97,345,0,monthly,credit_card,0,34.5,0,334,2024,0.1242,7-12,0,0.0
C103496,2022-10-18,2027-01-28,52,standard,37.18,566,0,monthly,credit_card,0,10.88,0,-442,2022,0.0656,24+,0,0.0
C103497,2024-01-27,2026-06-10,28,basic,18.58,189,0,annual,credit_card,0,6.75,0,-210,2024,0.0978,24+,0,0.0
C103498,2022-11-23,2027-04-02,53,standard,38.14,481,2,monthly,debit_card,0,9.08,0,-506,2022,0.0791,24+,0,0.037
C103499,2020-05-21,2022-09-10,28,basic,23.56,174,1,monthly,credit_card,0,6.21,0,1159,2020,0.1346,24+,0,0.034
C103500,2024-06-27,2027-03-15,33,premium,78.19,1331,1,monthly,bank_transfer,1,40.33,0,-488,2024,0.0587,24+,1,0.029
C103501,2024-11-08,2026-06-21,19,basic,18.58,203,0,monthly,debit_card,0,10.68,0,-221,2024,0.0911,13-24,0,0.0
C103502,2020-08-01,2022-03-06,19,basic,18.58,95,5,annual,paypal,0,5.0,1,1347,2020,0.1935,13-24,0,0.25
C103503,2022-06-15,2025-09-05,39,standard,39.48,500,1,monthly,credit_card,0,12.82,0,68,2022,0.0788,24+,0,0.025
C103504,2018-12-15,2022-01-01,37,basic,16.74,122,0,monthly,credit_card,0,3.3,0,1411,2018,0.1361,24+,0,0.0
C103505,2022-08-04,2022-09-29,1,standard,41.22,685,1,monthly,paypal,0,685.0,0,1140,2022,0.0601,0-3,0,0.5
C103506,2021-04-11,2021-09-30,5,basic,19.94,140,2,monthly,credit_card,0,28.0,0,1504,2021,0.1414,4-6,0,0.333
C103507,2018-01-10,2018-09-16,8,standard,39.99,543,1,monthly,credit_card,1,67.88,0,2614,2018,0.0735,7-12,0,0.111
C103508,2022-01-01,2022-03-13,2,basic,23.5,209,0,monthly,credit_card,0,104.5,0,1340,2022,0.1119,0-3,0,0.0
C103509,2019-10-29,2020-11-01,12,basic,19.44,201,0,monthly,debit_card,1,16.75,0,1837,2019,0.0962,7-12,0,0.0
C103510,2022-03-03,2024-06-28,28,basic,20.52,239,3,monthly,credit_card,0,8.54,1,502,2022,0.0855,24+,0,0.103
C103511,2023-12-17,2025-11-08,23,basic,22.61,109,3,annual,credit_card,0,4.74,1,4,2023,0.2055,13-24,0,0.125
C103512,2019-08-24,2028-08-01,108,standard,35.66,453,1,monthly,debit_card,0,4.19,0,-993,2019,0.0785,24+,0,0.009
C103513,2018-11-23,2020-08-28,21,basic,18.53,234,1,monthly,debit_card,0,11.14,0,1902,2018,0.0789,13-24,0,0.045
C103514,2020-09-06,2022-04-27,19,standard,38.61,459,0,monthly,debit_card,0,24.16,0,1295,2020,0.0839,13-24,0,0.0
C103515,2024-09-17,2028-01-01,40,basic,20.51,107,2,monthly,bank_transfer,1,2.68,0,-780,2024,0.1899,24+,0,0.049
C103516,2019-09-21,2020-07-12,9,standard,39.6,639,1,monthly,paypal,0,71.0,0,1949,2019,0.0619,7-12,0,0.1
C103517,2022-06-18,2022-11-26,5,standard,38.89,573,3,monthly,paypal,0,114.6,1,1082,2022,0.0678,4-6,0,0.5
C103518,2018-10-01,2018-11-03,1,standard,46.17,418,2,annual,debit_card,0,418.0,0,2566,2018,0.1102,0-3,0,1.0
C103519,2019-11-16,2021-05-03,17,premium,76.11,1160,0,monthly,credit_card,0,68.24,0,1654,2019,0.0656,13-24,1,0.0
C103520,2018-04-26,2020-02-05,21,basic,14.48,148,1,monthly,debit_card,0,7.05,0,2107,2018,0.0972,13-24,0,0.045
C103521,2020-05-10,2022-06-25,25,standard,35.16,471,1,annual,paypal,0,18.84,0,1236,2020,0.0745,24+,0,0.038
C103522,2023-06-27,2024-05-04,10,basic,15.19,174,2,annual,paypal,0,17.4,0,557,2023,0.0868,7-12,0,0.182
C103523,2019-11-24,2020-05-02,5,premium,81.17,1447,0,monthly,credit_card,1,289.4,0,2020,2019,0.0561,4-6,1,0.0
C103524,2021-01-10,2021-04-17,3,basic,21.31,258,1,monthly,credit_card,1,86.0,0,1670,2021,0.0823,0-3,0,0.25
C103525,2024-06-29,2024-12-27,6,standard,38.41,496,1,annual,credit_card,1,82.67,0,320,2024,0.0773,4-6,0,0.143
C103526,2023-12-02,2024-05-23,5,basic,22.37,136,2,annual,debit_card,0,27.2,0,538,2023,0.1633,4-6,0,0.333
C103527,2022-11-28,2023-10-18,10,basic,25.47,172,0,monthly,credit_card,0,17.2,0,756,2022,0.1472,7-12,0,0.0
C103528,2018-06-03,2019-10-02,16,standard,37.97,522,3,monthly,paypal,0,32.62,1,2233,2018,0.0726,13-24,0,0.176
C103529,2023-03-16,2028-09-22,67,standard,42.76,477,1,monthly,paypal,0,7.12,0,-1045,2023,0.0895,24+,0,0.015
C103530,2021-11-28,2022-02-11,2,basic,17.96,318,4,monthly,debit_card,0,159.0,1,1370,2021,0.0563,0-3,0,1.333
C103531,2021-07-13,2023-07-18,24,standard,38.46,464,2,annual,paypal,0,19.33,0,848,2021,0.0827,13-24,0,0.08
C103532,2018-11-11,2020-12-07,25,standard,42.99,384,2,monthly,paypal,0,15.36,0,1801,2018,0.1117,24+,0,0.077
C103533,2020-11-30,2021-01-28,1,standard,41.68,544,0,monthly,debit_card,0,544.0,0,1749,2020,0.0765,0-3,0,0.0
C103534,2018-04-15,2018-07-23,3,standard,39.48,688,4,monthly,debit_card,1,229.33,1,2669,2018,0.0573,0-3,0,1.0
C103535,2023-04-09,2027-10-30,55,standard,32.03,560,0,monthly,credit_card,0,10.18,0,-717,2023,0.0571,24+,0,0.0
C103536,2023-03-29,2024-02-01,10,basic,18.35,143,3,monthly,credit_card,0,14.3,1,650,2023,0.1274,7-12,0,0.273
C103537,2021-05-01,2021-10-24,5,premium,82.55,1218,0,monthly,credit_card,0,243.6,0,1480,2021,0.0677,4-6,1,0.0
C103538,2021-11-25,2023-12-31,25,standard,38.17,309,0,annual,credit_card,0,12.36,0,682,2021,0.1231,24+,0,0.0
C103539,2024-07-29,2026-08-11,24,standard,42.74,435,1,annual,bank_transfer,0,18.12,0,-272,2024,0.098,13-24,0,0.04
C103540,2022-11-08,2023-06-27,7,standard,40.58,382,5,monthly,credit_card,1,54.57,1,869,2022,0.106,7-12,0,0.625
C103541,2023-05-15,2028-11-24,67,basic,17.51,254,9,annual,debit_card,0,3.79,1,-1108,2023,0.0687,24+,0,0.132
C103542,2022-05-23,2022-10-01,4,standard,37.11,509,0,monthly,credit_card,0,127.25,0,1138,2022,0.0728,4-6,0,0.0
C103543,2019-12-10,2023-03-30,40,premium,86.34,1305,0,monthly,credit_card,0,32.62,0,958,2019,0.0661,24+,1,0.0
C103544,2019-10-13,2020-02-11,4,standard,38.41,625,1,annual,debit_card,1,156.25,0,2101,2019,0.0614,4-6,0,0.2
C103545,2020-08-04,2024-10-13,51,premium,76.35,1317,1,monthly,credit_card,1,25.82,0,395,2020,0.0579,24+,1,0.019
C103546,2019-10-23,2020-09-06,10,basic,19.9,229,3,monthly,credit_card,1,22.9,1,1893,2019,0.0865,7-12,0,0.273
C103547,2023-11-17,2024-02-10,2,standard,41.88,385,0,annual,credit_card,1,192.5,0,641,2023,0.1085,0-3,0,0.0
C103548,2024-05-18,2024-07-18,2,premium,74.06,1382,1,monthly,credit_card,0,691.0,0,482,2024,0.0536,0-3,1,0.333
C103549,2024-09-16,2025-02-01,4,basic,21.28,256,1,annual,debit_card,0,64.0,0,284,2024,0.0828,4-6,0,0.2
C103550,2021-02-06,2022-10-25,20,standard,42.43,560,1,monthly,credit_card,0,28.0,0,1114,2021,0.0756,13-24,0,0.048
C103551,2019-12-01,2023-03-17,40,premium,75.76,1370,1,monthly,credit_card,0,34.25,0,971,2019,0.0553,24+,1,0.024
C103552,2024-02-25,2025-04-17,13,standard,41.57,599,3,monthly,credit_card,1,46.08,1,209,2024,0.0693,13-24,0,0.214
C103553,2023-08-01,2026-03-17,31,basic,19.73,158,1,monthly,credit_card,1,5.1,0,-125,2023,0.1241,24+,0,0.031
C103554,2024-07-02,2026-11-05,28,standard,41.77,511,1,annual,debit_card,1,18.25,0,-358,2024,0.0816,24+,0,0.034
C103555,2024-01-11,2024-05-23,4,basic,20.13,205,3,monthly,credit_card,0,51.25,1,538,2024,0.0977,4-6,0,0.6
C103556,2019-07-06,2019-11-14,4,basic,18.43,229,4,monthly,credit_card,1,57.25,1,2190,2019,0.0801,4-6,0,0.8
C103557,2019-02-09,2020-01-19,11,basic,17.95,290,2,monthly,bank_transfer,0,26.36,0,2124,2019,0.0617,7-12,0,0.167
C103558,2019-04-07,2019-06-24,2,basic,22.74,279,1,annual,credit_card,0,139.5,0,2333,2019,0.0812,0-3,0,0.333
C103559,2023-12-20,2028-08-14,56,basic,17.76,94,0,monthly,credit_card,0,1.68,0,-1006,2023,0.1869,24+,0,0.0
C103560,2020-05-23,2020-11-01,5,basic,21.99,209,1,annual,credit_card,1,41.8,0,1837,2020,0.1047,4-6,0,0.167
C103561,2018-03-25,2019-12-24,21,premium,79.02,1381,1,annual,debit_card,1,65.76,0,2150,2018,0.0572,13-24,1,0.045
C103562,2021-11-23,2023-11-21,24,basic,19.69,354,1,annual,credit_card,0,14.75,0,722,2021,0.0555,13-24,0,0.04
C103563,2018-08-09,2019-11-09,15,standard,35.94,467,3,monthly,debit_card,0,31.13,1,2195,2018,0.0768,13-24,0,0.188
C103564,2021-10-23,2021-12-06,1,basic,22.77,171,1,monthly,credit_card,0,171.0,0,1437,2021,0.1324,0-3,0,0.5
C103565,2018-04-22,2020-02-12,22,basic,14.13,262,2,monthly,credit_card,0,11.91,0,2100,2018,0.0537,13-24,0,0.087
C103566,2019-09-07,2021-05-11,20,basic,18.51,196,1,monthly,bank_transfer,0,9.8,0,1646,2019,0.094,13-24,0,0.048
C103567,2022-05-01,2022-08-06,3,standard,41.53,495,1,annual,paypal,1,165.0,0,1194,2022,0.0837,0-3,0,0.25
C103568,2019-04-20,2019-09-26,5,basic,18.67,266,2,monthly,paypal,0,53.2,0,2239,2019,0.0699,4-6,0,0.333
C103569,2023-03-29,2028-09-19,66,standard,34.93,371,0,monthly,debit_card,0,5.62,0,-1042,2023,0.0939,24+,0,0.0
C103570,2018-09-28,2021-03-14,29,standard,39.91,384,1,annual,debit_card,0,13.24,0,1704,2018,0.1037,24+,0,0.033
C103571,2024-10-04,2027-07-29,34,standard,48.93,354,3,annual,debit_card,0,10.41,1,-624,2024,0.1378,24+,0,0.086
C103572,2023-04-05,2023-07-30,3,standard,41.17,410,2,monthly,debit_card,0,136.67,0,836,2023,0.1002,0-3,0,0.5
C103573,2021-10-22,2022-02-16,3,standard,36.79,408,3,monthly,credit_card,0,136.0,1,1365,2021,0.09,0-3,0,0.75
C103574,2018-02-09,2018-08-08,6,standard,37.6,573,0,annual,debit_card,0,95.5,0,2653,2018,0.0655,4-6,0,0.0
C103575,2023-06-06,2023-10-24,4,standard,39.07,493,0,annual,credit_card,1,123.25,0,750,2023,0.0791,4-6,0,0.0
C103576,2024-02-15,2024-07-06,4,standard,40.72,598,0,monthly,debit_card,0,149.5,0,494,2024,0.068,4-6,0,0.0
C103577,2020-09-20,2022-03-29,18,basic,17.17,172,0,monthly,paypal,0,9.56,0,1324,2020,0.0992,13-24,0,0.0
C103578,2023-07-06,2028-12-22,66,standard,42.02,542,0,monthly,credit_card,0,8.21,0,-1136,2023,0.0774,24+,0,0.0
C103579,2018-10-17,2021-05-18,31,standard,39.56,584,2,annual,credit_card,0,18.84,0,1639,2018,0.0676,24+,0,0.062
C103580,2024-10-16,2025-07-10,8,standard,36.2,578,2,monthly,debit_card,0,72.25,0,125,2024,0.0625,7-12,0,0.222
C103581,2024-11-23,2026-04-28,17,standard,39.27,623,1,monthly,credit_card,0,36.65,0,-167,2024,0.0629,13-24,0,0.056
C103582,2018-10-06,2019-07-13,9,basic,21.62,161,3,monthly,paypal,1,17.89,1,2314,2018,0.1335,7-12,0,0.3
C103583,2019-08-04,2022-10-20,39,basic,18.38,64,3,monthly,debit_card,0,1.64,1,1119,2019,0.2828,24+,0,0.075
C103584,2020-05-12,2020-08-10,3,standard,42.07,556,3,monthly,paypal,0,185.33,1,1920,2020,0.0755,0-3,0,0.75
C103585,2018-09-11,2019-01-27,4,standard,34.05,499,0,monthly,bank_transfer,1,124.75,0,2481,2018,0.0681,4-6,0,0.0
C103586,2018-06-30,2019-06-20,11,premium,82.54,1133,0,monthly,bank_transfer,0,103.0,0,2337,2018,0.0728,7-12,1,0.0
C103587,2019-11-12,2021-05-19,18,standard,34.28,458,1,annual,credit_card,0,25.44,0,1638,2019,0.0747,13-24,0,0.053
C103588,2020-04-04,2022-11-09,31,premium,79.77,1021,1,monthly,debit_card,0,32.94,0,1099,2020,0.0781,24+,1,0.031
C103589,2019-12-01,2021-06-01,18,premium,75.48,1185,0,annual,credit_card,0,65.83,0,1625,2019,0.0636,13-24,1,0.0
C103590,2021-09-11,2022-03-28,6,standard,47.5,348,0,monthly,credit_card,0,58.0,0,1325,2021,0.1361,4-6,0,0.0
C103591,2021-10-12,2022-06-20,8,standard,40.42,518,0,annual,credit_card,0,64.75,0,1241,2021,0.0779,7-12,0,0.0
C103592,2022-08-01,2023-03-22,7,standard,40.21,475,2,monthly,credit_card,0,67.86,0,966,2022,0.0845,7-12,0,0.25
C103593,2024-09-04,2027-02-01,29,basic,19.04,75,0,monthly,debit_card,0,2.59,0,-446,2024,0.2505,24+,0,0.0
C103594,2022-06-27,2025-05-21,35,premium,74.43,1083,1,monthly,debit_card,0,30.94,0,175,2022,0.0687,24+,1,0.028
C103595,2023-05-12,2023-10-23,5,standard,38.96,445,2,monthly,credit_card,1,89.0,0,751,2023,0.0874,4-6,0,0.333
C103596,2018-07-31,2021-12-05,40,standard,35.64,488,2,monthly,debit_card,0,12.2,0,1438,2018,0.0729,24+,0,0.049
C103597,2022-03-19,2026-08-07,53,standard,43.14,414,0,monthly,debit_card,0,7.81,0,-268,2022,0.104,24+,0,0.0
C103598,2019-01-19,2019-06-01,4,basic,16.89,281,2,monthly,credit_card,0,70.25,0,2356,2019,0.0599,4-6,0,0.4
C103599,2022-09-11,2024-11-09,26,basic,21.33,104,3,annual,credit_card,0,4.0,1,368,2022,0.2031,24+,0,0.111
C103600,2018-12-08,2020-09-04,21,standard,41.0,629,2,annual,debit_card,0,29.95,0,1895,2018,0.0651,13-24,0,0.091
C103601,2023-01-13,2023-10-25,9,basic,18.11,214,1,annual,credit_card,0,23.78,0,749,2023,0.0842,7-12,0,0.1
C103602,2023-06-11,2023-11-24,5,standard,43.17,468,3,monthly,credit_card,1,93.6,1,719,2023,0.092,4-6,0,0.5
C103603,2020-04-23,2020-06-29,2,basic,16.15,181,1,monthly,credit_card,0,90.5,0,1962,2020,0.0887,0-3,0,0.333
C103604,2022-03-15,2022-05-18,2,standard,36.99,465,1,monthly,bank_transfer,1,232.5,0,1274,2022,0.0794,0-3,0,0.333
C103605,2019-02-24,2019-06-23,3,standard,34.02,509,2,monthly,debit_card,0,169.67,0,2334,2019,0.0667,0-3,0,0.5
C103606,2023-06-12,2024-05-24,11,standard,37.5,616,2,monthly,debit_card,1,56.0,0,537,2023,0.0608,7-12,0,0.167
C103607,2023-04-17,2023-06-12,1,basic,19.38,203,0,monthly,debit_card,0,203.0,0,884,2023,0.095,0-3,0,0.0
C103608,2023-01-24,2024-10-13,20,basic,23.25,131,3,annual,credit_card,0,6.55,1,395,2023,0.1761,13-24,0,0.143
C103609,2018-11-02,2018-12-15,1,basic,17.55,319,1,annual,credit_card,0,319.0,0,2524,2018,0.0548,0-3,0,0.5
C103610,2020-05-18,2020-06-23,1,standard,44.5,478,1,annual,bank_transfer,0,478.0,0,1968,2020,0.0929,0-3,0,0.5
C103611,2021-02-09,2024-08-15,42,standard,38.24,595,3,monthly,credit_card,0,14.17,1,454,2021,0.0642,24+,0,0.07
C103612,2021-12-05,2022-02-15,2,standard,39.29,466,2,monthly,debit_card,0,233.0,0,1366,2021,0.0841,0-3,0,0.667
C103613,2018-07-25,2019-02-08,6,basic,21.66,189,2,annual,credit_card,0,31.5,0,2469,2018,0.114,4-6,0,0.286
C103614,2019-05-11,2019-11-17,6,standard,39.2,512,1,annual,credit_card,0,85.33,0,2187,2019,0.0764,4-6,0,0.143
C103615,2023-03-25,2027-12-15,57,basic,22.45,182,2,monthly,debit_card,0,3.19,0,-763,2023,0.1227,24+,0,0.034
C103616,2024-12-26,2025-02-04,1,standard,38.4,449,2,monthly,credit_card,1,449.0,0,281,2024,0.0853,0-3,0,1.0
C103617,2020-11-11,2021-09-26,10,basic,18.48,242,6,monthly,debit_card,0,24.2,1,1508,2020,0.076,7-12,0,0.545
C103618,2018-08-01,2019-09-24,13,basic,21.08,257,2,monthly,debit_card,0,19.77,0,2241,2018,0.0817,13-24,0,0.143
C103619,2018-11-06,2020-04-05,17,basic,18.16,115,2,monthly,credit_card,0,6.76,0,2047,2018,0.1566,13-24,0,0.111
C103620,2023-06-15,2023-12-20,6,basic,21.75,220,2,monthly,credit_card,0,36.67,0,693,2023,0.0984,4-6,0,0.286
C103621,2018-09-29,2019-02-03,4,basic,20.34,258,2,monthly,credit_card,0,64.5,0,2474,2018,0.0785,4-6,0,0.4
C103622,2022-12-28,2023-08-03,7,basic,19.42,178,3,annual,credit_card,0,25.43,1,832,2022,0.1085,7-12,0,0.375
C103623,2023-09-11,2025-01-07,16,basic,22.04,166,2,annual,debit_card,0,10.38,0,309,2023,0.132,13-24,0,0.118
C103624,2019-03-19,2023-02-24,47,standard,41.4,440,1,monthly,bank_transfer,0,9.36,0,992,2019,0.0939,24+,0,0.021
C103625,2024-01-19,2025-09-06,19,standard,42.91,483,1,annual,debit_card,1,25.42,0,67,2024,0.0887,13-24,0,0.05
C103626,2018-09-11,2020-02-18,17,basic,24.34,141,3,monthly,credit_card,0,8.29,1,2094,2018,0.1714,13-24,0,0.167
C103627,2019-06-05,2021-02-06,20,standard,41.56,564,2,monthly,paypal,1,28.2,0,1740,2019,0.0736,13-24,0,0.095
C103628,2020-09-03,2023-12-12,39,standard,42.5,440,1,monthly,bank_transfer,1,11.28,0,701,2020,0.0964,24+,0,0.025
C103629,2018-01-10,2021-05-22,40,premium,80.51,1300,0,monthly,bank_transfer,0,32.5,0,1635,2018,0.0619,24+,1,0.0
C103630,2024-12-27,2025-11-02,10,standard,38.86,621,0,annual,credit_card,0,62.1,0,10,2024,0.0625,7-12,0,0.0
C103631,2022-05-03,2026-11-27,55,basic,16.73,171,4,monthly,debit_card,0,3.11,1,-380,2022,0.0973,24+,0,0.071
C103632,2024-10-19,2026-12-21,26,basic,21.12,234,1,monthly,credit_card,0,9.0,0,-404,2024,0.0899,24+,0,0.037
C103633,2021-02-08,2022-10-10,20,standard,41.04,591,0,monthly,debit_card,0,29.55,0,1129,2021,0.0693,13-24,0,0.0
C103634,2018-06-02,2019-04-03,10,standard,42.45,502,1,monthly,debit_card,1,50.2,0,2415,2018,0.0844,7-12,0,0.091
C103635,2022-07-17,2023-12-21,17,basic,19.3,265,4,monthly,debit_card,1,15.59,1,692,2022,0.0726,13-24,0,0.222
C103636,2023-01-31,2023-03-22,1,standard,37.9,601,2,annual,credit_card,0,601.0,0,966,2023,0.063,0-3,0,1.0
C103637,2021-04-29,2021-06-18,1,premium,81.7,1338,3,monthly,debit_card,0,1338.0,1,1608,2021,0.061,0-3,1,1.5
C103638,2022-10-19,2023-06-12,7,standard,35.51,586,0,monthly,credit_card,0,83.71,0,884,2022,0.0605,7-12,0,0.0
C103639,2021-01-09,2021-06-09,5,standard,41.66,571,0,monthly,credit_card,1,114.2,0,1617,2021,0.0728,4-6,0,0.0
C103640,2024-12-11,2028-05-09,41,premium,77.53,1414,0,monthly,credit_card,0,34.49,0,-909,2024,0.0548,24+,1,0.0
C103641,2020-06-13,2020-09-25,3,standard,43.98,446,0,annual,credit_card,1,148.67,0,1874,2020,0.0984,0-3,0,0.0
C103642,2021-01-16,2021-05-14,3,standard,43.29,462,1,monthly,credit_card,0,154.0,0,1643,2021,0.0935,0-3,0,0.25
C103643,2018-04-14,2021-12-08,44,basic,20.87,163,0,monthly,debit_card,0,3.7,0,1435,2018,0.1273,24+,0,0.0
C103644,2023-03-30,2023-06-13,2,standard,37.06,433,2,annual,bank_transfer,0,216.5,0,883,2023,0.0854,0-3,0,0.667
C103645,2020-10-03,2020-11-20,1,premium,77.24,1405,1,monthly,paypal,1,1405.0,0,1818,2020,0.0549,0-3,1,0.5
C103646,2019-02-11,2019-04-21,2,basic,22.1,206,0,monthly,credit_card,0,103.0,0,2397,2019,0.1068,0-3,0,0.0
C103647,2021-11-02,2021-12-10,1,basic,26.25,208,0,monthly,credit_card,0,208.0,0,1433,2021,0.1256,0-3,0,0.0
C103648,2018-06-16,2020-09-01,26,standard,37.13,449,2,annual,debit_card,0,17.27,0,1898,2018,0.0825,24+,0,0.074
C103649,2019-05-24,2021-08-27,27,basic,21.58,222,2,monthly,credit_card,0,8.22,0,1538,2019,0.0968,24+,0,0.071
C103650,2022-07-20,2024-04-05,20,standard,37.75,359,2,monthly,credit_card,0,17.95,0,586,2022,0.1049,13-24,0,0.095
C103651,2024-06-18,2025-02-23,8,basic,17.8,131,2,monthly,credit_card,0,16.38,0,262,2024,0.1348,7-12,0,0.222
C103652,2020-02-02,2022-04-09,26,premium,84.46,1042,1,monthly,paypal,0,40.08,0,1313,2020,0.081,24+,1,0.037
C103653,2019-11-12,2020-10-04,10,standard,42.89,566,0,monthly,credit_card,0,56.6,0,1865,2019,0.0756,7-12,0,0.0
C103654,2024-11-29,2027-03-09,27,basic,18.01,315,1,monthly,debit_card,1,11.67,0,-482,2024,0.057,24+,0,0.036
C103655,2023-10-22,2023-12-02,1,basic,20.99,178,1,monthly,credit_card,0,178.0,0,711,2023,0.1173,0-3,0,0.5
C103656,2021-03-10,2021-07-29,4,basic,20.21,81,1,monthly,credit_card,0,20.25,0,1567,2021,0.2465,4-6,0,0.2
C103657,2019-08-05,2019-11-12,3,basic,19.38,255,3,monthly,debit_card,0,85.0,1,2192,2019,0.0757,0-3,0,0.75
C103658,2018-09-19,2018-12-26,3,basic,24.94,255,1,monthly,credit_card,1,85.0,0,2513,2018,0.0974,0-3,0,0.25
C103659,2021-09-25,2023-05-16,19,standard,42.49,465,0,annual,credit_card,0,24.47,0,911,2021,0.0912,13-24,0,0.0
C103660,2021-08-24,2022-07-03,10,standard,39.85,516,2,monthly,credit_card,0,51.6,0,1228,2021,0.0771,7-12,0,0.182
C103661,2024-04-11,2025-09-07,17,basic,22.2,187,3,monthly,credit_card,0,11.0,1,66,2024,0.1181,13-24,0,0.167
C103662,2022-03-19,2029-04-22,86,basic,14.85,165,1,monthly,credit_card,0,1.92,0,-1257,2022,0.0895,24+,0,0.011
C103663,2019-07-15,2022-06-16,35,basic,21.31,216,2,annual,paypal,0,6.17,0,1245,2019,0.0982,24+,0,0.056
C103664,2021-01-04,2021-07-24,6,standard,41.34,551,0,monthly,credit_card,0,91.83,0,1572,2021,0.0749,4-6,0,0.0
C103665,2023-03-19,2025-05-02,25,basic,19.23,250,0,monthly,debit_card,0,10.0,0,194,2023,0.0766,24+,0,0.0
C103666,2018-06-24,2018-11-05,4,standard,37.87,634,4,monthly,paypal,0,158.5,1,2564,2018,0.0596,4-6,0,0.8
C103667,2023-11-27,2027-08-30,45,basic,17.93,159,1,annual,credit_card,0,3.53,0,-656,2023,0.1121,24+,0,0.022
C103668,2024-02-09,2024-09-03,6,standard,35.51,558,1,annual,credit_card,0,93.0,0,435,2024,0.0635,4-6,0,0.143
C103669,2018-07-11,2020-03-11,20,basic,22.44,187,3,monthly,credit_card,0,9.35,1,2072,2018,0.1194,13-24,0,0.143
C103670,2018-03-06,2018-04-09,1,standard,38.71,545,2,monthly,paypal,0,545.0,0,2774,2018,0.0709,0-3,0,1.0
C103671,2022-02-06,2023-04-23,14,premium,76.03,1081,0,monthly,paypal,0,77.21,0,934,2022,0.0703,13-24,1,0.0
C103672,2022-04-17,2022-10-21,6,basic,16.85,156,0,monthly,debit_card,0,26.0,0,1118,2022,0.1073,4-6,0,0.0
C103673,2021-02-25,2021-11-01,8,premium,80.56,1466,1,monthly,credit_card,0,183.25,0,1472,2021,0.0549,7-12,1,0.111
C103674,2023-04-22,2023-10-20,6,standard,41.5,487,0,monthly,credit_card,0,81.17,0,754,2023,0.085,4-6,0,0.0
C103675,2019-01-04,2019-11-18,10,standard,42.93,448,1,monthly,credit_card,0,44.8,0,2186,2019,0.0956,7-12,0,0.091
C103676,2020-04-30,2021-09-19,16,premium,77.99,1332,0,annual,debit_card,0,83.25,0,1515,2020,0.0585,13-24,1,0.0
C103677,2018-02-12,2018-03-25,1,premium,83.16,1007,0,annual,debit_card,0,1007.0,0,2789,2018,0.0825,0-3,1,0.0
C103678,2023-03-23,2024-10-20,19,standard,34.9,471,1,monthly,paypal,0,24.79,0,388,2023,0.0739,13-24,0,0.05
C103679,2024-12-10,2025-07-14,7,basic,26.32,296,4,monthly,credit_card,1,42.29,1,121,2024,0.0886,7-12,0,0.5
C103680,2018-03-19,2021-09-06,42,standard,38.68,421,4,monthly,credit_card,0,10.02,1,1528,2018,0.0917,24+,0,0.093
C103681,2022-12-30,2023-07-20,6,basic,16.95,219,1,monthly,debit_card,1,36.5,0,846,2022,0.077,4-6,0,0.143
C103682,2021-07-17,2021-11-13,3,standard,41.42,420,4,monthly,paypal,0,140.0,1,1460,2021,0.0984,0-3,0,1.0
C103683,2019-11-05,2021-10-09,23,basic,18.02,125,0,annual,bank_transfer,0,5.43,0,1495,2019,0.143,13-24,0,0.0
C103684,2019-12-02,2020-04-25,4,basic,16.0,151,2,monthly,credit_card,1,37.75,0,2027,2019,0.1053,4-6,0,0.4
C103685,2020-01-29,2022-07-08,29,premium,75.89,1301,1,monthly,debit_card,0,44.86,0,1223,2020,0.0583,24+,1,0.033
C103686,2023-04-08,2023-05-09,1,basic,13.66,270,1,monthly,credit_card,0,270.0,0,918,2023,0.0504,0-3,0,0.5
C103687,2020-06-20,2025-02-10,56,premium,73.78,1197,1,monthly,paypal,0,21.38,0,275,2020,0.0616,24+,1,0.018
C103688,2020-09-19,2020-10-29,1,basic,13.86,288,3,monthly,credit_card,0,288.0,1,1840,2020,0.048,0-3,0,1.5
C103689,2021-04-06,2022-01-19,9,standard,39.01,404,2,annual,debit_card,0,44.89,0,1393,2021,0.0963,7-12,0,0.2
C103690,2024-07-14,2025-07-25,12,basic,19.25,287,3,monthly,credit_card,1,23.92,1,110,2024,0.0668,7-12,0,0.231
C103691,2024-02-19,2025-01-29,11,basic,23.7,262,1,annual,paypal,0,23.82,0,287,2024,0.0901,7-12,0,0.083
C103692,2022-01-16,2022-07-31,6,basic,20.32,139,2,annual,paypal,0,23.17,0,1200,2022,0.1451,4-6,0,0.286
C103693,2024-05-19,2025-10-05,16,premium,78.89,1014,0,annual,credit_card,0,63.38,0,38,2024,0.0777,13-24,1,0.0
C103694,2019-01-25,2019-10-10,8,premium,77.91,1335,0,monthly,credit_card,0,166.88,0,2225,2019,0.0583,7-12,1,0.0
C103695,2020-09-26,2021-10-27,13,premium,74.6,1230,0,monthly,credit_card,0,94.62,0,1477,2020,0.0606,13-24,1,0.0
C103696,2019-06-09,2019-09-13,3,basic,13.77,291,2,monthly,debit_card,1,97.0,0,2252,2019,0.0472,0-3,0,0.5
C103697,2023-01-30,2025-03-30,26,standard,36.46,372,0,monthly,credit_card,0,14.31,0,227,2023,0.0977,24+,0,0.0
C103698,2022-02-15,2024-03-16,25,basic,16.47,199,2,monthly,debit_card,0,7.96,0,606,2022,0.0823,24+,0,0.077
C103699,2019-10-21,2024-07-28,58,standard,33.07,674,2,annual,paypal,0,11.62,0,472,2019,0.049,24+,0,0.034
C103700,2020-06-09,2020-12-08,6,basic,22.09,284,0,monthly,debit_card,0,47.33,0,1800,2020,0.0775,4-6,0,0.0
C103701,2022-01-21,2023-01-10,11,basic,22.02,229,4,monthly,bank_transfer,1,20.82,1,1037,2022,0.0957,7-12,0,0.333
C103702,2019-03-28,2019-09-17,5,premium,79.5,922,0,annual,paypal,0,184.4,0,2248,2019,0.0861,4-6,1,0.0
C103703,2024-10-11,2027-09-19,35,standard,40.72,412,0,monthly,debit_card,0,11.77,0,-676,2024,0.0986,24+,0,0.0
C103704,2022-03-18,2026-12-14,57,basic,23.12,250,4,monthly,credit_card,1,4.39,1,-397,2022,0.0921,24+,0,0.069
C103705,2020-06-01,2021-09-15,15,basic,23.14,124,2,annual,debit_card,0,8.27,0,1519,2020,0.1851,13-24,0,0.125
C103706,2018-11-09,2019-02-21,3,basic,23.05,199,3,annual,credit_card,0,66.33,1,2456,2018,0.1152,0-3,0,0.75
C103707,2020-04-19,2021-10-16,18,basic,25.12,232,3,monthly,credit_card,0,12.89,1,1488,2020,0.1078,13-24,0,0.158
C103708,2019-01-10,2019-03-01,1,standard,39.99,400,0,monthly,paypal,0,400.0,0,2448,2019,0.0997,0-3,0,0.0
C103709,2019-03-27,2020-01-15,9,basic,20.34,163,1,monthly,credit_card,0,18.11,0,2128,2019,0.124,7-12,0,0.1
C103710,2019-08-18,2020-11-28,15,standard,38.77,419,4,monthly,debit_card,0,27.93,1,1810,2019,0.0923,13-24,0,0.25
C103711,2021-05-18,2021-08-18,3,basic,20.45,104,0,monthly,credit_card,0,34.67,0,1547,2021,0.1948,0-3,0,0.0
C103712,2019-05-15,2021-06-01,24,basic,16.47,186,1,monthly,debit_card,1,7.75,0,1625,2019,0.0881,13-24,0,0.04
C103713,2019-04-09,2021-06-01,26,basic,18.9,198,2,monthly,credit_card,0,7.62,0,1625,2019,0.095,24+,0,0.074
C103714,2018-04-23,2018-11-05,6,standard,38.14,377,0,monthly,credit_card,0,62.83,0,2564,2018,0.1009,4-6,0,0.0
C103715,2020-11-01,2023-03-27,29,premium,78.37,1310,0,annual,debit_card,0,45.17,0,961,2020,0.0598,24+,1,0.0
C103716,2024-07-06,2024-08-29,1,standard,41.76,499,1,monthly,credit_card,1,499.0,0,440,2024,0.0835,0-3,0,0.5
C103717,2023-04-09,2023-09-19,5,standard,39.81,506,0,monthly,credit_card,1,101.2,0,785,2023,0.0785,4-6,0,0.0
C103718,2018-05-20,2018-11-09,5,basic,24.89,167,2,annual,debit_card,0,33.4,0,2560,2018,0.1482,4-6,0,0.333
C103719,2021-11-25,2023-05-21,18,premium,75.23,1447,1,annual,paypal,0,80.39,0,906,2021,0.052,13-24,1,0.053
C103720,2019-06-01,2020-10-26,17,standard,41.91,575,2,annual,credit_card,0,33.82,0,1843,2019,0.0728,13-24,0,0.111
C103721,2023-05-02,2024-10-03,17,standard,36.52,357,4,monthly,credit_card,0,21.0,1,405,2023,0.102,13-24,0,0.222
C103722,2023-12-06,2026-12-31,37,basic,20.94,289,0,monthly,debit_card,0,7.81,0,-414,2023,0.0722,24+,0,0.0
C103723,2020-06-06,2021-12-16,18,standard,35.8,571,0,monthly,credit_card,0,31.72,0,1427,2020,0.0626,13-24,0,0.0
C103724,2021-09-03,2022-12-22,15,basic,17.37,349,4,monthly,credit_card,0,23.27,1,1056,2021,0.0496,13-24,0,0.25
C103725,2018-02-19,2020-07-09,29,standard,42.44,490,2,monthly,credit_card,0,16.9,0,1952,2018,0.0864,24+,0,0.067
C103726,2018-01-19,2021-03-03,37,basic,18.24,194,2,monthly,debit_card,0,5.24,0,1715,2018,0.0935,24+,0,0.053
C103727,2019-12-27,2020-02-01,1,basic,21.69,125,1,annual,paypal,1,125.0,0,2111,2019,0.1721,0-3,0,0.5
C103728,2024-02-23,2025-10-23,20,basic,21.4,220,4,monthly,credit_card,0,11.0,1,20,2024,0.0968,13-24,0,0.19
C103729,2022-01-13,2023-01-18,12,basic,23.86,190,2,monthly,bank_transfer,1,15.83,0,1029,2022,0.1249,7-12,0,0.154
C103730,2019-03-28,2020-01-11,9,premium,82.81,1236,0,monthly,paypal,0,137.33,0,2132,2019,0.0669,7-12,1,0.0
C103731,2024-05-25,2025-01-31,8,basic,25.47,181,2,monthly,bank_transfer,0,22.62,0,285,2024,0.1399,7-12,0,0.222
C103732,2021-03-10,2021-09-01,5,standard,40.36,586,1,monthly,credit_card,0,117.2,0,1533,2021,0.0688,4-6,0,0.167
C103733,2021-01-12,2021-09-22,8,basic,20.75,195,2,annual,paypal,1,24.38,0,1512,2021,0.1059,7-12,0,0.222
C103734,2024-09-04,2025-03-12,6,basic,25.59,219,1,annual,debit_card,1,36.5,0,245,2024,0.1163,4-6,0,0.143
C103735,2018-08-03,2023-04-03,56,basic,20.45,270,2,monthly,credit_card,1,4.82,0,954,2018,0.0755,24+,0,0.035
C103736,2022-03-30,2022-12-01,8,basic,25.23,199,1,annual,paypal,0,24.88,0,1077,2022,0.1262,7-12,0,0.111
C103737,2024-03-12,2031-10-16,92,basic,20.41,147,3,monthly,credit_card,0,1.6,1,-2164,2024,0.1379,24+,0,0.032
C103738,2018-05-08,2019-06-30,13,premium,80.57,1191,0,annual,credit_card,0,91.62,0,2327,2018,0.0676,13-24,1,0.0
C103739,2023-01-20,2024-12-28,23,standard,38.21,478,1,monthly,bank_transfer,0,20.78,0,319,2023,0.0798,13-24,0,0.042
C103740,2020-01-30,2022-04-02,26,premium,79.07,1338,1,annual,debit_card,0,51.46,0,1320,2020,0.0591,24+,1,0.037
C103741,2024-09-17,2027-08-06,35,basic,19.7,258,0,annual,credit_card,1,7.37,0,-632,2024,0.0761,24+,0,0.0
C103742,2022-12-21,2023-01-23,1,basic,26.97,230,4,annual,paypal,0,230.0,1,1024,2022,0.1168,0-3,0,2.0
C103743,2024-07-13,2024-11-30,4,basic,20.63,167,3,monthly,bank_transfer,0,41.75,1,347,2024,0.1228,4-6,0,0.6
C103744,2018-12-27,2021-07-04,30,basic,21.17,210,1,monthly,credit_card,0,7.0,0,1592,2018,0.1003,24+,0,0.032
C103745,2019-07-23,2019-08-28,1,basic,23.32,229,2,monthly,credit_card,0,229.0,0,2268,2019,0.1014,0-3,0,1.0
C103746,2021-11-16,2023-02-06,14,basic,22.63,236,3,monthly,credit_card,1,16.86,1,1010,2021,0.0955,13-24,0,0.2
C103747,2024-03-15,2025-10-16,19,basic,17.51,250,3,monthly,credit_card,0,13.16,1,27,2024,0.0698,13-24,0,0.15
C103748,2022-05-17,2024-10-15,29,standard,39.98,520,1,monthly,paypal,1,17.93,0,393,2022,0.0767,24+,0,0.033
C103749,2022-08-20,2023-09-06,12,basic,19.9,162,3,monthly,debit_card,1,13.5,1,798,2022,0.1221,7-12,0,0.231
C103750,2018-07-21,2019-04-16,8,standard,35.43,414,1,monthly,credit_card,0,51.75,0,2402,2018,0.0854,7-12,0,0.111
C103751,2023-08-27,2023-10-17,1,standard,39.35,580,0,monthly,credit_card,0,580.0,0,757,2023,0.0677,0-3,0,0.0
C103752,2024-06-27,2025-01-27,7,basic,15.57,248,1,annual,debit_card,0,35.43,0,289,2024,0.0625,7-12,0,0.125
C103753,2019-06-02,2019-08-07,2,basic,22.64,222,0,monthly,debit_card,0,111.0,0,2289,2019,0.1015,0-3,0,0.0
C103754,2021-09-10,2024-05-31,33,basic,22.54,288,1,monthly,credit_card,1,8.73,0,530,2021,0.078,24+,0,0.029
C103755,2021-12-06,2024-02-01,26,basic,20.45,161,1,annual,credit_card,0,6.19,0,650,2021,0.1262,24+,0,0.037
C103756,2021-09-03,2022-08-23,11,standard,40.28,523,2,monthly,paypal,0,47.55,0,1177,2021,0.0769,7-12,0,0.167
C103757,2019-11-12,2019-12-29,1,standard,37.64,398,2,monthly,debit_card,0,398.0,0,2145,2019,0.0943,0-3,0,1.0
C103758,2023-06-12,2023-08-07,1,standard,35.05,608,0,monthly,credit_card,0,608.0,0,828,2023,0.0576,0-3,0,0.0
C103759,2022-01-31,2023-04-03,14,standard,35.68,548,2,monthly,bank_transfer,0,39.14,0,954,2022,0.065,13-24,0,0.133
C103760,2019-03-01,2021-08-28,30,basic,12.12,210,2,monthly,bank_transfer,1,7.0,0,1537,2019,0.0574,24+,0,0.065
C103761,2023-05-23,2024-03-02,9,standard,41.16,557,0,monthly,debit_card,0,61.89,0,620,2023,0.0738,7-12,0,0.0
C103762,2022-09-09,2023-07-28,10,basic,23.65,214,3,annual,credit_card,0,21.4,1,838,2022,0.11,7-12,0,0.273
C103763,2024-08-31,2027-03-13,30,standard,38.22,520,1,annual,paypal,0,17.33,0,-486,2024,0.0734,24+,0,0.032
C103764,2020-02-17,2021-02-19,12,premium,82.42,1198,1,monthly,credit_card,0,99.83,0,1727,2020,0.0687,7-12,1,0.077
C103765,2023-11-16,2024-03-17,4,basic,18.54,202,2,monthly,debit_card,0,50.5,0,605,2023,0.0913,4-6,0,0.4
C103766,2023-01-01,2023-02-17,1,standard,39.67,573,2,annual,credit_card,0,573.0,0,999,2023,0.0691,0-3,0,1.0
C103767,2018-07-27,2019-12-05,16,premium,80.6,1134,0,monthly,credit_card,0,70.88,0,2169,2018,0.071,13-24,1,0.0
C103768,2022-03-18,2025-02-21,35,basic,24.68,333,4,monthly,bank_transfer,0,9.51,1,264,2022,0.0739,24+,0,0.111
C103769,2022-07-18,2023-05-05,9,basic,25.24,204,4,monthly,credit_card,0,22.67,1,922,2022,0.1231,7-12,0,0.4
C103770,2024-01-23,2024-04-05,2,premium,78.85,1218,0,monthly,credit_card,0,609.0,0,586,2024,0.0647,0-3,1,0.0
C103771,2018-01-22,2023-06-15,65,basic,21.57,142,2,monthly,credit_card,0,2.18,0,881,2018,0.1508,24+,0,0.03
C103772,2018-06-03,2019-05-28,11,basic,18.44,163,1,monthly,credit_card,1,14.82,0,2360,2018,0.1124,7-12,0,0.083
C103773,2023-05-17,2026-08-20,39,basic,23.19,169,1,annual,debit_card,0,4.33,0,-281,2023,0.1364,24+,0,0.025
C103774,2018-08-07,2020-11-04,27,basic,23.1,192,1,monthly,credit_card,0,7.11,0,1834,2018,0.1197,24+,0,0.036
C103775,2019-10-31,2021-02-04,15,standard,43.88,562,2,monthly,credit_card,0,37.47,0,1742,2019,0.0779,13-24,0,0.125
C103776,2022-02-27,2023-06-26,16,basic,15.82,172,3,monthly,bank_transfer,0,10.75,1,870,2022,0.0914,13-24,0,0.176
C103777,2024-03-27,2031-07-29,89,basic,25.49,196,1,monthly,credit_card,0,2.2,0,-2085,2024,0.1294,24+,0,0.011
C103778,2023-08-30,2024-08-23,11,premium,79.04,1410,0,monthly,debit_card,0,128.18,0,446,2023,0.056,7-12,1,0.0
C103779,2020-08-07,2022-06-15,22,basic,14.37,264,2,monthly,bank_transfer,0,12.0,0,1246,2020,0.0542,13-24,0,0.087
C103780,2024-01-05,2024-02-06,1,basic,16.24,229,1,monthly,credit_card,0,229.0,0,645,2024,0.0706,0-3,0,0.5
C103781,2019-02-07,2019-08-15,6,standard,48.96,533,1,monthly,credit_card,1,88.83,0,2281,2019,0.0917,4-6,0,0.143
C103782,2019-08-19,2020-12-10,15,basic,16.01,247,0,monthly,debit_card,1,16.47,0,1798,2019,0.0646,13-24,0,0.0
C103783,2024-08-11,2024-10-31,2,basic,19.18,141,1,annual,paypal,1,70.5,0,377,2024,0.1351,0-3,0,0.333
C103784,2021-12-08,2022-01-25,1,standard,31.59,383,2,monthly,paypal,1,383.0,0,1387,2021,0.0823,0-3,0,1.0
C103785,2021-03-03,2022-09-21,18,standard,38.04,656,2,monthly,bank_transfer,0,36.44,0,1148,2021,0.0579,13-24,0,0.105
C103786,2022-10-09,2027-10-28,61,premium,79.94,1236,0,annual,credit_card,1,20.26,0,-715,2022,0.0646,24+,1,0.0
C103787,2021-07-30,2022-08-21,12,basic,19.99,179,0,monthly,debit_card,0,14.92,0,1179,2021,0.1111,7-12,0,0.0
C103788,2018-03-14,2019-02-12,11,basic,22.39,180,1,monthly,credit_card,0,16.36,0,2465,2018,0.1237,7-12,0,0.083
C103789,2019-04-26,2020-04-15,11,basic,22.71,189,2,monthly,debit_card,1,17.18,0,2037,2019,0.1195,7-12,0,0.167
C103790,2019-07-14,2022-01-01,30,standard,35.3,522,1,monthly,credit_card,0,17.4,0,1411,2019,0.0675,24+,0,0.032
C103791,2020-01-15,2022-02-23,25,basic,19.21,143,1,monthly,debit_card,0,5.72,0,1358,2020,0.1334,24+,0,0.038
C103792,2022-01-06,2022-06-22,5,basic,21.7,214,2,monthly,debit_card,0,42.8,0,1239,2022,0.1009,4-6,0,0.333
C103793,2018-04-10,2019-11-14,19,standard,38.42,496,2,annual,credit_card,0,26.11,0,2190,2018,0.0773,13-24,0,0.1
C103794,2020-12-18,2022-07-30,19,basic,19.66,113,3,monthly,paypal,1,5.95,1,1201,2020,0.1725,13-24,0,0.15
C103795,2024-04-24,2024-06-13,1,standard,38.71,475,2,monthly,debit_card,0,475.0,0,517,2024,0.0813,0-3,0,1.0
C103796,2019-02-17,2019-08-26,6,standard,47.04,482,3,monthly,credit_card,0,80.33,1,2270,2019,0.0974,4-6,0,0.429
C103797,2020-12-24,2024-02-21,38,standard,35.07,482,2,monthly,credit_card,0,12.68,0,630,2020,0.0726,24+,0,0.051
C103798,2021-03-23,2021-11-08,7,basic,17.9,134,3,monthly,credit_card,0,19.14,1,1465,2021,0.1326,7-12,0,0.375
C103799,2023-07-02,2024-01-22,6,basic,19.13,169,3,monthly,credit_card,0,28.17,1,660,2023,0.1125,4-6,0,0.429
C103800,2024-05-02,2026-04-11,23,basic,21.6,190,1,monthly,paypal,0,8.26,0,-150,2024,0.1131,13-24,0,0.042
C103801,2020-03-31,2020-09-05,5,standard,42.6,527,0,monthly,credit_card,0,105.4,0,1894,2020,0.0807,4-6,0,0.0
C103802,2019-10-24,2022-09-08,35,standard,39.73,603,2,monthly,credit_card,1,17.23,0,1161,2019,0.0658,24+,0,0.056
C103803,2019-07-14,2020-01-24,6,basic,14.66,244,2,monthly,debit_card,0,40.67,0,2119,2019,0.0598,4-6,0,0.286
C103804,2021-06-25,2026-04-27,58,standard,41.17,416,0,monthly,paypal,1,7.17,0,-166,2021,0.0987,24+,0,0.0
C103805,2022-12-19,2026-06-07,42,basic,16.74,178,3,monthly,credit_card,1,4.24,1,-207,2022,0.0935,24+,0,0.07
C103806,2019-09-02,2019-10-12,1,premium,83.02,1212,0,monthly,credit_card,0,1212.0,0,2223,2019,0.0684,0-3,1,0.0
C103807,2024-09-27,2025-03-15,5,basic,23.32,197,0,annual,bank_transfer,0,39.4,0,242,2024,0.1178,4-6,0,0.0
C103808,2018-01-25,2018-12-15,10,standard,38.57,503,3,annual,credit_card,0,50.3,1,2524,2018,0.0765,7-12,0,0.273
C103809,2023-07-22,2026-05-20,34,premium,75.77,1180,2,monthly,debit_card,0,34.71,0,-189,2023,0.0642,24+,1,0.057
C103810,2018-10-11,2018-11-17,1,premium,82.37,1065,0,monthly,debit_card,0,1065.0,0,2552,2018,0.0773,0-3,1,0.0
C103811,2022-01-12,2023-07-01,17,standard,38.52,424,1,annual,credit_card,0,24.94,0,865,2022,0.0906,13-24,0,0.056
C103812,2018-10-28,2018-11-29,1,premium,78.86,1105,0,annual,debit_card,0,1105.0,0,2540,2018,0.0713,0-3,1,0.0
C103813,2020-12-27,2024-05-19,41,basic,24.87,291,2,monthly,credit_card,0,7.1,0,542,2020,0.0852,24+,0,0.048
C103814,2020-10-27,2024-07-14,45,premium,79.72,973,0,annual,paypal,0,21.62,0,486,2020,0.0818,24+,1,0.0
C103815,2020-03-27,2021-10-24,19,basic,13.49,127,1,annual,credit_card,1,6.68,0,1480,2020,0.1054,13-24,0,0.05
C103816,2018-03-24,2020-11-24,32,basic,25.15,125,0,monthly,credit_card,0,3.91,0,1814,2018,0.1996,24+,0,0.0
C103817,2023-04-05,2028-12-04,69,basic,24.11,284,3,monthly,credit_card,0,4.12,1,-1118,2023,0.0846,24+,0,0.043
C103818,2023-09-25,2026-04-05,30,standard,42.49,540,0,monthly,paypal,0,18.0,0,-144,2023,0.0785,24+,0,0.0
C103819,2019-09-10,2025-06-16,70,standard,37.62,606,1,monthly,bank_transfer,1,8.66,0,149,2019,0.062,24+,0,0.014
C103820,2024-04-28,2026-04-15,23,premium,74.08,1348,1,monthly,debit_card,0,58.61,0,-154,2024,0.0549,13-24,1,0.042
C103821,2018-06-25,2018-07-31,1,basic,21.71,97,1,annual,credit_card,0,97.0,0,2661,2018,0.2215,0-3,0,0.5
C103822,2021-04-04,2021-08-24,4,standard,37.55,417,0,monthly,credit_card,0,104.25,0,1541,2021,0.0898,4-6,0,0.0
C103823,2020-04-21,2023-11-16,43,basic,22.5,199,4,annual,paypal,0,4.63,1,727,2020,0.1125,24+,0,0.091
C103824,2019-01-05,2019-05-01,3,basic,24.98,296,1,annual,debit_card,0,98.67,0,2387,2019,0.0841,0-3,0,0.25
C103825,2022-12-24,2027-04-30,52,basic,21.74,247,3,annual,credit_card,0,4.75,1,-534,2022,0.0877,24+,0,0.057
C103826,2023-10-03,2024-11-22,13,basic,19.39,144,3,monthly,bank_transfer,0,11.08,1,355,2023,0.1337,13-24,0,0.214
C103827,2019-11-21,2020-07-23,8,standard,39.38,511,0,monthly,bank_transfer,1,63.88,0,1938,2019,0.0769,7-12,0,0.0
C103828,2022-11-15,2023-01-19,2,standard,37.05,482,0,monthly,credit_card,0,241.0,0,1028,2022,0.0767,0-3,0,0.0
C103829,2021-09-26,2021-11-07,1,basic,17.18,231,3,annual,bank_transfer,0,231.0,1,1466,2021,0.0741,0-3,0,1.5
C103830,2021-12-03,2022-04-16,4,basic,23.39,100,1,monthly,credit_card,0,25.0,0,1306,2021,0.2316,4-6,0,0.2
C103831,2019-01-02,2024-02-27,62,standard,36.96,549,2,monthly,debit_card,0,8.85,0,624,2019,0.0672,24+,0,0.032
C103832,2019-10-06,2020-09-22,11,premium,79.02,1332,0,annual,credit_card,0,121.09,0,1877,2019,0.0593,7-12,1,0.0
C103833,2024-08-23,2027-08-09,36,standard,44.6,398,2,monthly,debit_card,0,11.06,0,-635,2024,0.1118,24+,0,0.054
C103834,2018-03-14,2018-06-23,3,basic,22.17,130,1,monthly,credit_card,0,43.33,0,2699,2018,0.1692,0-3,0,0.25
C103835,2021-06-25,2022-07-02,12,basic,20.44,153,0,annual,paypal,0,12.75,0,1229,2021,0.1327,7-12,0,0.0
C103836,2020-05-09,2020-12-24,7,standard,38.9,525,0,annual,credit_card,0,75.0,0,1784,2020,0.074,7-12,0,0.0
C103837,2018-02-12,2020-03-30,25,standard,38.17,565,2,monthly,credit_card,0,22.6,0,2053,2018,0.0674,24+,0,0.077
C103838,2024-08-21,2024-09-24,1,standard,37.98,526,1,monthly,paypal,0,526.0,0,414,2024,0.0721,0-3,0,0.5
C103839,2020-11-30,2023-07-18,32,basic,17.83,200,0,monthly,bank_transfer,0,6.25,0,848,2020,0.0887,24+,0,0.0
C103840,2024-01-27,2025-07-18,17,basic,22.86,131,2,monthly,bank_transfer,1,7.71,0,117,2024,0.1732,13-24,0,0.111
C103841,2024-03-09,2024-09-08,6,basic,16.44,141,0,annual,bank_transfer,0,23.5,0,430,2024,0.1158,4-6,0,0.0
C103842,2022-02-25,2023-06-05,15,basic,19.25,178,1,annual,credit_card,0,11.87,0,891,2022,0.1075,13-24,0,0.062
C103843,2023-09-18,2024-09-24,12,premium,83.01,1518,2,monthly,paypal,0,126.5,0,414,2023,0.0546,7-12,1,0.154
C103844,2019-01-04,2019-03-30,2,premium,78.91,1131,0,monthly,credit_card,1,565.5,0,2419,2019,0.0697,0-3,1,0.0
C103845,2018-05-31,2022-07-25,50,basic,16.33,147,1,annual,bank_transfer,1,2.94,0,1206,2018,0.1103,24+,0,0.02
C103846,2021-02-08,2022-10-15,20,basic,21.01,283,2,monthly,credit_card,0,14.15,0,1124,2021,0.074,13-24,0,0.095
C103847,2022-02-12,2023-05-12,15,basic,18.26,194,2,monthly,debit_card,0,12.93,0,915,2022,0.0936,13-24,0,0.125
C103848,2021-12-30,2022-09-08,8,standard,42.58,390,1,monthly,paypal,0,48.75,0,1161,2021,0.1089,7-12,0,0.111
C103849,2020-12-06,2022-11-25,23,basic,24.02,266,2,annual,credit_card,0,11.57,0,1083,2020,0.09,13-24,0,0.083
C103850,2020-10-20,2021-03-12,4,basic,19.65,242,1,monthly,debit_card,0,60.5,0,1706,2020,0.0809,4-6,0,0.2
C103851,2022-05-18,2022-09-17,4,basic,22.58,203,3,annual,credit_card,0,50.75,1,1152,2022,0.1107,4-6,0,0.6
C103852,2023-08-03,2023-11-19,3,premium,78.85,1270,0,monthly,credit_card,0,423.33,0,724,2023,0.062,0-3,1,0.0
C103853,2021-10-21,2022-03-19,4,basic,17.53,320,7,monthly,credit_card,0,80.0,1,1334,2021,0.0546,4-6,0,1.4
C103854,2018-03-10,2020-07-21,28,standard,43.3,455,0,monthly,bank_transfer,0,16.25,0,1940,2018,0.095,24+,0,0.0
C103855,2024-06-04,2024-10-25,4,basic,19.41,105,1,monthly,debit_card,0,26.25,0,383,2024,0.1831,4-6,0,0.2
C103856,2020-08-01,2020-12-30,5,basic,18.92,115,2,monthly,debit_card,0,23.0,0,1778,2020,0.1631,4-6,0,0.333
C103857,2020-03-12,2020-08-03,4,basic,18.08,159,1,monthly,debit_card,0,39.75,0,1927,2020,0.113,4-6,0,0.2
C103858,2024-06-01,2025-06-13,12,basic,17.55,273,2,monthly,paypal,1,22.75,0,152,2024,0.0641,7-12,0,0.154
C103859,2024-02-29,2024-10-05,7,standard,35.33,477,0,monthly,credit_card,0,68.14,0,403,2024,0.0739,7-12,0,0.0
C103860,2018-03-02,2019-05-20,14,standard,37.43,502,1,monthly,credit_card,1,35.86,0,2368,2018,0.0744,13-24,0,0.067
C103861,2020-08-03,2021-04-21,8,basic,21.38,108,1,annual,credit_card,0,13.5,0,1666,2020,0.1961,7-12,0,0.111
C103862,2021-08-30,2021-10-10,1,basic,18.1,211,1,monthly,credit_card,1,211.0,0,1494,2021,0.0854,0-3,0,0.5
C103863,2021-03-30,2022-07-13,15,basic,22.37,257,0,monthly,bank_transfer,0,17.13,0,1218,2021,0.0867,13-24,0,0.0
C103864,2018-11-27,2021-04-17,29,basic,19.61,89,1,monthly,debit_card,0,3.07,0,1670,2018,0.2179,24+,0,0.033
C103865,2022-04-01,2023-06-01,14,premium,82.06,1218,0,annual,paypal,0,87.0,0,895,2022,0.0673,13-24,1,0.0
C103866,2018-12-04,2021-07-17,31,basic,19.44,216,2,monthly,credit_card,0,6.97,0,1579,2018,0.0896,24+,0,0.062
C103867,2022-06-18,2022-10-08,3,standard,38.36,386,0,monthly,credit_card,1,128.67,0,1131,2022,0.0991,0-3,0,0.0
C103868,2021-08-20,2022-11-16,15,standard,34.61,477,2,monthly,bank_transfer,1,31.8,0,1092,2021,0.0724,13-24,0,0.125
C103869,2022-03-07,2022-07-02,3,standard,40.77,538,1,monthly,credit_card,0,179.33,0,1229,2022,0.0756,0-3,0,0.25
C103870,2022-08-01,2022-11-28,3,standard,38.64,536,2,annual,credit_card,0,178.67,0,1080,2022,0.072,0-3,0,0.5
C103871,2021-09-23,2026-07-13,58,premium,77.69,1113,0,monthly,bank_transfer,1,19.19,0,-243,2021,0.0697,24+,1,0.0
C103872,2022-04-23,2022-11-28,7,premium,78.07,1437,0,monthly,credit_card,0,205.29,0,1080,2022,0.0543,7-12,1,0.0
C103873,2018-10-02,2021-05-22,32,basic,16.15,79,2,monthly,credit_card,1,2.47,0,1635,2018,0.2019,24+,0,0.061
C103874,2021-04-02,2021-10-22,6,basic,17.75,244,0,monthly,credit_card,1,40.67,0,1482,2021,0.0724,4-6,0,0.0
C103875,2024-06-24,2024-07-27,1,premium,78.62,1226,0,annual,credit_card,1,1226.0,0,473,2024,0.0641,0-3,1,0.0
C103876,2024-12-26,2025-09-03,8,standard,38.11,520,1,monthly,credit_card,1,65.0,0,70,2024,0.0731,7-12,0,0.111
C103877,2024-08-31,2024-10-25,1,basic,18.57,240,0,monthly,credit_card,1,240.0,0,383,2024,0.0771,0-3,0,0.0
C103878,2023-06-17,2030-04-19,83,premium,81.41,1052,1,monthly,credit_card,0,12.67,0,-1619,2023,0.0773,24+,1,0.012
C103879,2020-05-19,2022-06-16,25,premium,77.92,1063,0,annual,credit_card,0,42.52,0,1245,2020,0.0732,24+,1,0.0
C103880,2020-10-11,2021-08-09,10,basic,20.83,208,1,monthly,credit_card,0,20.8,0,1556,2020,0.0997,7-12,0,0.091
C103881,2023-03-27,2023-07-19,3,basic,18.44,135,1,monthly,credit_card,1,45.0,0,847,2023,0.1356,0-3,0,0.25
C103882,2019-08-26,2019-10-15,1,premium,77.6,985,0,monthly,credit_card,0,985.0,0,2220,2019,0.0787,0-3,1,0.0
C103883,2022-12-05,2025-12-04,36,standard,38.66,510,4,monthly,credit_card,0,14.17,1,-22,2022,0.0757,24+,0,0.108
C103884,2019-11-22,2020-08-13,8,basic,20.74,169,2,annual,debit_card,0,21.12,0,1917,2019,0.122,7-12,0,0.222
C103885,2019-05-09,2026-06-10,86,standard,41.09,531,2,monthly,bank_transfer,0,6.17,0,-210,2019,0.0772,24+,0,0.023
C103886,2019-05-05,2020-05-16,12,basic,28.4,157,3,annual,credit_card,0,13.08,1,2006,2019,0.1797,7-12,0,0.231
C103887,2019-01-25,2021-11-29,34,premium,78.06,1444,0,monthly,credit_card,0,42.47,0,1444,2019,0.054,24+,1,0.0
C103888,2018-10-22,2021-04-27,30,basic,22.28,286,2,monthly,bank_transfer,0,9.53,0,1660,2018,0.0776,24+,0,0.065
C103889,2021-10-24,2022-11-17,12,premium,80.62,1133,0,monthly,credit_card,0,94.42,0,1091,2021,0.0711,7-12,1,0.0
C103890,2022-09-14,2023-01-26,4,basic,16.13,149,4,annual,credit_card,1,37.25,1,1021,2022,0.1075,4-6,0,0.8
C103891,2019-10-11,2022-10-14,36,standard,39.75,479,1,monthly,debit_card,0,13.31,0,1125,2019,0.0828,24+,0,0.027
C103892,2023-02-17,2024-03-18,13,basic,18.75,191,1,annual,debit_card,0,14.69,0,604,2023,0.0977,13-24,0,0.071
C103893,2019-07-22,2019-11-21,4,basic,24.0,213,0,monthly,credit_card,0,53.25,0,2183,2019,0.1121,4-6,0,0.0
C103894,2019-03-21,2020-11-16,20,basic,18.42,264,0,monthly,credit_card,1,13.2,0,1822,2019,0.0695,13-24,0,0.0
C103895,2018-12-29,2020-07-06,18,premium,80.88,1244,0,monthly,credit_card,0,69.11,0,1955,2018,0.065,13-24,1,0.0
C103896,2023-12-11,2026-08-06,32,standard,38.75,524,2,annual,credit_card,1,16.38,0,-267,2023,0.0738,24+,0,0.061
C103897,2021-04-26,2022-08-15,15,standard,47.09,485,2,monthly,credit_card,0,32.33,0,1185,2021,0.0969,13-24,0,0.125
C103898,2020-01-12,2020-02-24,1,standard,39.14,405,3,monthly,debit_card,1,405.0,1,2088,2020,0.0964,0-3,0,1.5
C103899,2023-08-04,2027-05-31,46,standard,39.07,364,1,monthly,credit_card,1,7.91,0,-565,2023,0.107,24+,0,0.021
C103900,2019-11-11,2020-04-11,5,standard,40.18,442,1,monthly,credit_card,0,88.4,0,2041,2019,0.0907,4-6,0,0.167
C103901,2024-10-03,2028-08-04,46,basic,17.19,242,2,monthly,paypal,1,5.26,0,-996,2024,0.0707,24+,0,0.043
C103902,2022-07-01,2027-05-29,59,basic,19.72,255,1,monthly,bank_transfer,1,4.32,0,-563,2022,0.077,24+,0,0.017
C103903,2022-04-22,2022-06-15,1,standard,44.69,430,1,monthly,credit_card,1,430.0,0,1246,2022,0.1037,0-3,0,0.5
C103904,2021-09-20,2026-11-12,62,basic,20.53,212,2,monthly,debit_card,0,3.42,0,-365,2021,0.0964,24+,0,0.032
C103905,2023-11-10,2026-02-13,27,standard,42.22,615,2,monthly,credit_card,0,22.78,0,-93,2023,0.0685,24+,0,0.071
C103906,2018-03-04,2021-10-15,44,basic,16.06,181,2,monthly,credit_card,0,4.11,0,1489,2018,0.0882,24+,0,0.044
C103907,2021-03-08,2022-03-02,11,basic,18.78,180,1,annual,credit_card,0,16.36,0,1351,2021,0.1038,7-12,0,0.083
C103908,2021-05-13,2022-02-07,9,premium,78.2,1215,0,monthly,bank_transfer,1,135.0,0,1374,2021,0.0643,7-12,1,0.0
C103909,2018-09-13,2019-12-08,15,basic,19.66,222,2,monthly,bank_transfer,0,14.8,0,2166,2018,0.0882,13-24,0,0.125
C103910,2018-05-15,2020-09-20,28,basic,15.42,98,1,monthly,debit_card,1,3.5,0,1879,2018,0.1558,24+,0,0.034
C103911,2020-05-24,2022-11-02,29,basic,19.56,239,0,monthly,credit_card,0,8.24,0,1106,2020,0.0815,24+,0,0.0
C103912,2020-04-01,2021-11-29,20,standard,37.86,617,1,annual,debit_card,1,30.85,0,1444,2020,0.0613,13-24,0,0.048
C103913,2023-11-06,2024-05-24,6,standard,38.45,394,1,monthly,debit_card,0,65.67,0,537,2023,0.0973,4-6,0,0.143
C103914,2020-04-02,2021-06-05,14,premium,82.55,1168,0,monthly,bank_transfer,0,83.43,0,1621,2020,0.0706,13-24,1,0.0
C103915,2020-08-31,2022-08-01,23,standard,47.63,408,1,monthly,credit_card,0,17.74,0,1199,2020,0.1165,13-24,0,0.042
C103916,2022-11-13,2023-05-30,6,basic,21.22,266,2,monthly,paypal,0,44.33,0,897,2022,0.0795,4-6,0,0.286
C103917,2018-05-01,2018-08-01,3,basic,21.69,285,2,annual,credit_card,0,95.0,0,2660,2018,0.0758,0-3,0,0.5
C103918,2022-06-26,2023-09-17,14,standard,42.57,586,0,annual,credit_card,0,41.86,0,787,2022,0.0725,13-24,0,0.0
C103919,2021-09-26,2021-12-05,2,standard,40.71,567,1,monthly,credit_card,0,283.5,0,1438,2021,0.0717,0-3,0,0.333
C103920,2020-10-04,2021-07-16,9,standard,39.76,530,0,monthly,paypal,0,58.89,0,1580,2020,0.0749,7-12,0,0.0
C103921,2020-07-13,2021-12-02,16,standard,37.9,599,0,annual,credit_card,0,37.44,0,1441,2020,0.0632,13-24,0,0.0
C103922,2019-10-07,2026-04-01,78,basic,18.42,194,4,annual,debit_card,0,2.49,1,-140,2019,0.0945,24+,0,0.051
C103923,2023-07-26,2023-08-31,1,premium,81.37,1489,0,annual,credit_card,0,1489.0,0,804,2023,0.0546,0-3,1,0.0
C103924,2023-08-31,2024-08-11,11,standard,48.23,472,1,monthly,debit_card,0,42.91,0,458,2023,0.102,7-12,0,0.083
C103925,2018-08-30,2019-08-26,12,standard,38.98,612,1,monthly,credit_card,0,51.0,0,2270,2018,0.0636,7-12,0,0.077
C103926,2024-11-07,2025-03-04,3,basic,15.08,129,0,annual,paypal,1,43.0,0,253,2024,0.116,0-3,0,0.0
C103927,2024-06-08,2025-07-15,13,basic,21.19,256,2,monthly,paypal,0,19.69,0,120,2024,0.0825,13-24,0,0.143
C103928,2022-06-08,2023-10-17,16,standard,45.8,508,1,monthly,paypal,0,31.75,0,757,2022,0.09,13-24,0,0.059
C103929,2020-03-13,2023-02-23,35,basic,12.62,166,3,monthly,credit_card,0,4.74,1,993,2020,0.0756,24+,0,0.083
C103930,2020-08-21,2020-10-25,2,premium,80.79,972,1,monthly,debit_card,1,486.0,0,1844,2020,0.083,0-3,1,0.333
C103931,2018-03-10,2018-06-26,3,standard,39.12,418,0,annual,bank_transfer,0,139.33,0,2696,2018,0.0934,0-3,0,0.0
C103932,2021-02-26,2024-07-29,41,basic,19.11,240,1,monthly,paypal,0,5.85,0,471,2021,0.0793,24+,0,0.024
C103933,2018-07-15,2023-11-25,65,basic,20.08,149,0,monthly,credit_card,0,2.29,0,718,2018,0.1339,24+,0,0.0
C103934,2023-12-28,2024-02-17,1,standard,42.95,430,2,monthly,credit_card,1,430.0,0,634,2023,0.0997,0-3,0,1.0
C103935,2024-05-19,2025-08-18,15,standard,36.87,570,0,monthly,debit_card,0,38.0,0,86,2024,0.0646,13-24,0,0.0
C103936,2024-06-17,2026-01-28,19,basic,21.29,141,1,monthly,credit_card,0,7.42,0,-77,2024,0.1499,13-24,0,0.05
C103937,2020-01-16,2020-09-13,8,basic,16.28,314,2,monthly,credit_card,0,39.25,0,1886,2020,0.0517,7-12,0,0.222
C103938,2022-08-16,2022-12-03,3,standard,37.74,508,0,monthly,credit_card,1,169.33,0,1075,2022,0.0741,0-3,0,0.0
C103939,2018-10-04,2021-02-09,28,basic,21.08,191,1,annual,credit_card,0,6.82,0,1737,2018,0.1098,24+,0,0.034
C103940,2018-03-02,2025-02-19,84,basic,21.53,228,4,annual,debit_card,0,2.71,1,266,2018,0.094,24+,0,0.047
C103941,2023-03-29,2023-05-07,1,basic,20.2,246,4,monthly,paypal,0,246.0,1,920,2023,0.0818,0-3,0,2.0
C103942,2023-10-01,2024-11-08,13,basic,15.32,187,3,monthly,debit_card,0,14.38,1,369,2023,0.0815,13-24,0,0.214
C103943,2024-01-10,2024-07-29,6,standard,44.97,495,3,monthly,credit_card,1,82.5,1,471,2024,0.0907,4-6,0,0.429
C103944,2022-11-08,2023-09-22,10,standard,38.55,515,0,monthly,credit_card,0,51.5,0,782,2022,0.0747,7-12,0,0.0
C103945,2021-08-27,2023-07-25,23,basic,24.26,111,2,monthly,credit_card,0,4.83,0,841,2021,0.2166,13-24,0,0.083
C103946,2023-01-12,2026-10-16,45,standard,38.4,493,0,annual,debit_card,0,10.96,0,-338,2023,0.0777,24+,0,0.0
C103947,2019-07-21,2020-09-23,14,standard,40.49,547,1,annual,credit_card,0,39.07,0,1876,2019,0.0739,13-24,0,0.067
C103948,2022-04-21,2022-07-18,2,basic,18.44,309,4,monthly,debit_card,0,154.5,1,1213,2022,0.0595,0-3,0,1.333
C103949,2019-09-14,2020-08-09,11,basic,17.9,270,2,monthly,credit_card,0,24.55,0,1921,2019,0.0661,7-12,0,0.167
C103950,2023-07-19,2029-02-07,67,basic,21.18,200,1,monthly,credit_card,0,2.99,0,-1183,2023,0.1054,24+,0,0.015
C103951,2021-04-15,2022-12-27,20,basic,22.4,184,1,monthly,credit_card,0,9.2,0,1051,2021,0.1211,13-24,0,0.048
C103952,2018-11-10,2020-06-28,19,standard,37.01,568,0,monthly,credit_card,0,29.89,0,1963,2018,0.065,13-24,0,0.0
C103953,2023-11-15,2025-02-15,15,standard,41.22,456,0,annual,debit_card,0,30.4,0,270,2023,0.0902,13-24,0,0.0
C103954,2021-05-21,2021-11-01,5,premium,73.94,1429,0,annual,paypal,0,285.8,0,1472,2021,0.0517,4-6,1,0.0
C103955,2018-05-17,2020-03-30,22,basic,20.7,151,3,monthly,credit_card,1,6.86,1,2053,2018,0.1362,13-24,0,0.13
C103956,2020-10-26,2024-04-22,42,basic,17.17,121,2,monthly,paypal,1,2.88,0,569,2020,0.1407,24+,0,0.047
C103957,2023-11-27,2025-06-21,19,basic,21.38,237,1,monthly,credit_card,0,12.47,0,144,2023,0.0898,13-24,0,0.05
C103958,2019-10-24,2023-02-09,40,standard,43.62,376,0,monthly,bank_transfer,0,9.4,0,1007,2019,0.1157,24+,0,0.0
C103959,2024-10-08,2026-02-13,16,standard,43.26,650,0,monthly,credit_card,1,40.62,0,-93,2024,0.0665,13-24,0,0.0
C103960,2024-04-27,2025-11-21,19,standard,44.57,437,3,monthly,credit_card,0,23.0,1,-9,2024,0.1018,13-24,0,0.15
C103961,2018-03-28,2018-06-11,2,standard,39.2,553,0,monthly,bank_transfer,0,276.5,0,2711,2018,0.0708,0-3,0,0.0
C103962,2024-11-17,2025-05-26,6,basic,23.14,134,1,annual,credit_card,0,22.33,0,170,2024,0.1714,4-6,0,0.143
C103963,2023-10-25,2025-04-02,17,basic,23.06,133,1,monthly,credit_card,0,7.82,0,224,2023,0.1721,13-24,0,0.056
C103964,2024-11-23,2026-06-10,18,standard,41.98,557,2,monthly,paypal,0,30.94,0,-210,2024,0.0752,13-24,0,0.105
C103965,2024-09-27,2027-07-10,33,basic,22.85,297,1,monthly,debit_card,0,9.0,0,-605,2024,0.0767,24+,0,0.029
C103966,2024-11-09,2025-09-18,10,standard,43.78,402,0,annual,credit_card,0,40.2,0,55,2024,0.1086,7-12,0,0.0
C103967,2021-08-01,2023-07-28,24,basic,22.44,75,1,monthly,bank_transfer,0,3.12,0,838,2021,0.2953,13-24,0,0.04
C103968,2022-08-28,2022-10-04,1,premium,81.37,1069,0,monthly,credit_card,1,1069.0,0,1135,2022,0.076,0-3,1,0.0
C103969,2019-05-10,2019-07-28,2,basic,22.63,248,2,monthly,credit_card,0,124.0,0,2299,2019,0.0909,0-3,0,0.667
C103970,2022-07-06,2023-06-08,11,premium,77.12,1154,0,monthly,bank_transfer,1,104.91,0,888,2022,0.0668,7-12,1,0.0
C103971,2023-04-27,2025-05-19,25,standard,39.93,503,0,monthly,credit_card,1,20.12,0,177,2023,0.0792,24+,0,0.0
C103972,2020-12-04,2022-01-04,13,basic,23.67,186,3,monthly,bank_transfer,0,14.31,1,1408,2020,0.1266,13-24,0,0.214
C103973,2021-11-25,2022-06-24,7,standard,37.64,545,2,monthly,credit_card,0,77.86,0,1237,2021,0.0689,7-12,0,0.25
C103974,2019-08-20,2019-10-17,1,basic,21.47,288,0,monthly,paypal,0,288.0,0,2218,2019,0.0743,0-3,0,0.0
C103975,2019-03-26,2019-07-05,3,premium,80.78,1172,1,monthly,debit_card,1,390.67,0,2322,2019,0.0689,0-3,1,0.25
C103976,2019-04-30,2022-07-09,38,standard,37.58,491,2,monthly,debit_card,0,12.92,0,1222,2019,0.0764,24+,0,0.051
C103977,2019-10-08,2019-11-23,1,basic,19.62,137,4,monthly,debit_card,1,137.0,1,2181,2019,0.1422,0-3,0,2.0
C103978,2022-06-18,2023-06-17,12,premium,83.19,1025,1,monthly,bank_transfer,1,85.42,0,879,2022,0.0811,7-12,1,0.077
C103979,2019-10-24,2020-10-25,12,basic,23.34,159,2,monthly,credit_card,0,13.25,0,1844,2019,0.1459,7-12,0,0.154
C103980,2020-01-28,2020-03-02,1,basic,16.09,220,2,annual,bank_transfer,1,220.0,0,2081,2020,0.0728,0-3,0,1.0
C103981,2018-10-16,2018-12-12,1,standard,42.99,590,2,monthly,credit_card,1,590.0,0,2527,2018,0.0727,0-3,0,1.0
C103982,2019-12-22,2021-09-25,21,standard,37.96,413,0,monthly,credit_card,1,19.67,0,1509,2019,0.0917,13-24,0,0.0
C103983,2019-09-30,2021-10-30,25,basic,21.53,208,0,monthly,debit_card,0,8.32,0,1474,2019,0.103,24+,0,0.0
C103984,2024-04-01,2025-03-26,11,basic,26.43,280,0,monthly,bank_transfer,1,25.45,0,231,2024,0.0941,7-12,0,0.0
C103985,2024-09-29,2027-07-05,33,basic,19.78,153,2,annual,debit_card,0,4.64,0,-600,2024,0.1284,24+,0,0.059
C103986,2019-05-14,2022-10-31,42,standard,39.83,402,2,monthly,debit_card,0,9.57,0,1108,2019,0.0988,24+,0,0.047
C103987,2019-09-26,2022-09-24,36,basic,22.03,219,2,monthly,bank_transfer,1,6.08,0,1145,2019,0.1001,24+,0,0.054
C103988,2022-08-01,2022-12-28,4,premium,84.03,1110,0,monthly,paypal,0,277.5,0,1050,2022,0.0756,4-6,1,0.0
C103989,2023-07-24,2024-06-14,10,standard,39.15,545,2,monthly,credit_card,0,54.5,0,516,2023,0.0717,7-12,0,0.182
C103990,2018-04-25,2024-02-16,70,basic,13.0,251,2,monthly,credit_card,1,3.59,0,635,2018,0.0516,24+,0,0.028
C103991,2019-11-05,2020-09-28,10,basic,13.18,127,0,monthly,credit_card,0,12.7,0,1871,2019,0.103,7-12,0,0.0
C103992,2022-10-03,2022-11-23,1,basic,16.5,222,1,monthly,credit_card,0,222.0,0,1085,2022,0.074,0-3,0,0.5
C103993,2021-06-11,2022-01-23,7,premium,81.77,1124,1,annual,credit_card,0,160.57,0,1389,2021,0.0727,7-12,1,0.125
C103994,2024-03-03,2025-01-13,10,basic,21.81,135,3,monthly,bank_transfer,1,13.5,1,303,2024,0.1604,7-12,0,0.273
C103995,2024-04-13,2024-06-28,2,basic,22.07,38,2,monthly,bank_transfer,0,19.0,0,502,2024,0.5659,0-3,0,0.667
C103996,2018-05-27,2021-02-14,33,basic,15.09,127,3,monthly,debit_card,0,3.85,1,1732,2018,0.1179,24+,0,0.088
C103997,2023-12-06,2024-06-14,6,basic,23.29,215,1,monthly,debit_card,0,35.83,0,516,2023,0.1078,4-6,0,0.143
C103998,2019-02-16,2019-08-03,5,basic,21.51,227,1,annual,credit_card,1,45.4,0,2293,2019,0.0943,4-6,0,0.167
C103999,2022-08-15,2030-04-10,93,premium,87.01,994,0,monthly,bank_transfer,0,10.69,0,-1610,2022,0.0874,24+,1,0.0
C104000,2024-08-07,2026-04-10,20,standard,39.72,445,3,annual,credit_card,0,22.25,1,-149,2024,0.0891,13-24,0,0.143
C104001,2022-03-13,2024-02-23,23,basic,22.33,205,2,monthly,debit_card,1,8.91,0,628,2022,0.1084,13-24,0,0.083
C104002,2018-05-17,2018-06-28,1,basic,17.33,224,0,monthly,credit_card,1,224.0,0,2694,2018,0.077,0-3,0,0.0
C104003,2018-01-19,2019-07-01,17,basic,25.12,270,3,monthly,credit_card,0,15.88,1,2326,2018,0.0927,13-24,0,0.167
C104004,2024-02-21,2024-07-25,5,basic,19.83,331,1,monthly,credit_card,0,66.2,0,475,2024,0.0597,4-6,0,0.167
C104005,2024-07-05,2026-08-30,26,basic,23.7,213,2,monthly,debit_card,0,8.19,0,-291,2024,0.1107,24+,0,0.074
C104006,2023-05-14,2033-04-21,121,standard,37.59,387,1,monthly,credit_card,0,3.2,0,-2717,2023,0.0969,,0,0.008
C104007,2024-02-01,2025-09-21,19,premium,75.89,1342,0,monthly,debit_card,0,70.63,0,52,2024,0.0565,13-24,1,0.0
C104008,2020-09-28,2021-08-03,10,basic,25.8,121,4,monthly,debit_card,0,12.1,1,1562,2020,0.2115,7-12,0,0.364
C104009,2019-03-25,2020-10-10,18,standard,40.54,511,2,annual,credit_card,1,28.39,0,1859,2019,0.0792,13-24,0,0.105
C104010,2023-05-03,2023-11-25,6,basic,21.1,297,0,annual,credit_card,0,49.5,0,718,2023,0.0708,4-6,0,0.0
C104011,2020-08-03,2020-10-15,2,standard,39.9,555,3,monthly,credit_card,0,277.5,1,1854,2020,0.0718,0-3,0,1.0
C104012,2021-10-09,2022-08-05,10,basic,14.62,218,3,monthly,paypal,0,21.8,1,1195,2021,0.0668,7-12,0,0.273
C104013,2022-03-03,2024-07-23,29,basic,22.8,261,3,monthly,debit_card,0,9.0,1,477,2022,0.087,24+,0,0.1
C104014,2018-05-21,2020-01-10,19,premium,81.0,936,0,annual,bank_transfer,0,49.26,0,2133,2018,0.0864,13-24,1,0.0
C104015,2023-04-05,2024-06-05,14,basic,19.5,253,7,monthly,credit_card,0,18.07,1,525,2023,0.0768,13-24,0,0.467
C104016,2018-04-03,2018-05-16,1,standard,45.99,408,0,monthly,paypal,0,408.0,0,2737,2018,0.1124,0-3,0,0.0
C104017,2018-08-27,2019-04-27,8,basic,11.98,207,2,monthly,credit_card,0,25.88,0,2391,2018,0.0576,7-12,0,0.222
C104018,2018-07-24,2018-09-20,1,basic,20.93,158,1,annual,credit_card,1,158.0,0,2610,2018,0.1316,0-3,0,0.5
C104019,2021-12-27,2023-07-25,19,standard,38.47,508,3,monthly,debit_card,0,26.74,1,841,2021,0.0756,13-24,0,0.15
C104020,2018-09-02,2019-02-11,5,basic,19.84,249,0,monthly,paypal,0,49.8,0,2466,2018,0.0794,4-6,0,0.0
C104021,2020-04-11,2022-05-31,26,premium,76.47,1267,0,annual,bank_transfer,0,48.73,0,1261,2020,0.0603,24+,1,0.0
C104022,2018-10-22,2020-11-07,24,basic,17.8,219,4,annual,credit_card,0,9.12,1,1831,2018,0.0809,13-24,0,0.16
C104023,2020-05-05,2021-04-23,11,premium,83.03,1206,0,monthly,credit_card,0,109.64,0,1664,2020,0.0688,7-12,1,0.0
C104024,2023-08-27,2024-02-27,6,standard,38.71,456,2,annual,credit_card,0,76.0,0,624,2023,0.0847,4-6,0,0.286
C104025,2018-03-12,2019-01-10,10,basic,16.94,256,2,monthly,paypal,0,25.6,0,2498,2018,0.0659,7-12,0,0.182
C104026,2021-07-16,2021-11-20,4,standard,35.02,507,0,annual,credit_card,0,126.75,0,1453,2021,0.0689,4-6,0,0.0
C104027,2021-09-10,2022-04-10,7,basic,19.58,203,2,annual,credit_card,0,29.0,0,1312,2021,0.096,7-12,0,0.25
C104028,2018-11-01,2022-04-28,42,standard,39.4,469,1,annual,debit_card,0,11.17,0,1294,2018,0.0838,24+,0,0.023
C104029,2020-10-27,2022-08-22,22,premium,78.04,1277,0,monthly,bank_transfer,1,58.05,0,1178,2020,0.0611,13-24,1,0.0
C104030,2021-08-30,2026-08-13,60,basic,24.98,325,2,annual,paypal,0,5.42,0,-274,2021,0.0766,24+,0,0.033
C104031,2020-03-27,2022-02-22,23,premium,75.23,1416,0,annual,paypal,0,61.57,0,1359,2020,0.0531,13-24,1,0.0
C104032,2021-01-31,2022-12-26,23,basic,19.16,208,1,monthly,credit_card,0,9.04,0,1052,2021,0.0917,13-24,0,0.042
C104033,2020-03-31,2022-03-20,23,standard,40.85,625,3,monthly,credit_card,0,27.17,1,1333,2020,0.0653,13-24,0,0.125
C104034,2018-07-12,2018-12-08,4,standard,40.01,502,1,annual,credit_card,1,125.5,0,2531,2018,0.0795,4-6,0,0.2
C104035,2022-11-12,2023-03-24,4,basic,18.81,118,0,annual,credit_card,1,29.5,0,964,2022,0.1581,4-6,0,0.0
C104036,2019-06-13,2022-12-09,42,basic,19.31,228,5,annual,credit_card,1,5.43,1,1069,2019,0.0843,24+,0,0.116
C104037,2024-01-28,2024-05-13,3,premium,76.3,1242,1,monthly,credit_card,1,414.0,0,548,2024,0.0614,0-3,1,0.25
C104038,2018-09-08,2018-10-25,1,standard,39.55,512,1,monthly,credit_card,0,512.0,0,2575,2018,0.0771,0-3,0,0.5
C104039,2022-11-24,2023-09-23,10,standard,46.84,438,2,monthly,paypal,0,43.8,0,781,2022,0.1067,7-12,0,0.182
C104040,2023-07-20,2023-12-20,5,standard,43.84,642,2,monthly,bank_transfer,0,128.4,0,693,2023,0.0682,4-6,0,0.333
C104041,2024-09-29,2025-05-17,7,standard,40.62,440,2,monthly,credit_card,0,62.86,0,179,2024,0.0921,7-12,0,0.25
C104042,2021-11-04,2022-04-11,5,basic,17.56,188,2,monthly,bank_transfer,0,37.6,0,1311,2021,0.0929,4-6,0,0.333
C104043,2021-03-13,2021-12-26,9,basic,19.95,186,2,monthly,credit_card,0,20.67,0,1417,2021,0.1067,7-12,0,0.2
C104044,2023-09-04,2025-01-04,16,basic,17.36,138,0,annual,credit_card,0,8.62,0,312,2023,0.1249,13-24,0,0.0
C104045,2021-01-01,2022-10-03,21,basic,23.23,211,1,monthly,credit_card,0,10.05,0,1136,2021,0.1096,13-24,0,0.045
C104046,2023-01-22,2023-03-17,1,premium,80.87,1356,0,monthly,credit_card,1,1356.0,0,971,2023,0.0596,0-3,1,0.0
C104047,2019-05-20,2022-12-04,43,standard,38.7,467,3,monthly,bank_transfer,0,10.86,1,1074,2019,0.0827,24+,0,0.068
C104048,2022-06-10,2024-05-28,23,premium,83.13,1224,0,annual,credit_card,1,53.22,0,533,2022,0.0679,13-24,1,0.0
C104049,2024-07-11,2027-04-15,33,basic,21.03,282,0,annual,credit_card,1,8.55,0,-519,2024,0.0743,24+,0,0.0
C104050,2024-10-08,2027-08-11,34,standard,39.81,537,0,monthly,credit_card,1,15.79,0,-637,2024,0.074,24+,0,0.0
C104051,2024-12-21,2025-02-12,1,standard,40.01,591,2,monthly,debit_card,0,591.0,0,273,2024,0.0676,0-3,0,1.0
C104052,2021-10-19,2023-10-09,24,basic,23.27,244,2,annual,credit_card,0,10.17,0,765,2021,0.095,13-24,0,0.08
C104053,2021-05-07,2021-06-25,1,basic,21.8,233,2,monthly,paypal,1,233.0,0,1601,2021,0.0932,0-3,0,1.0
C104054,2019-12-19,2020-10-17,10,basic,19.66,267,0,annual,credit_card,0,26.7,0,1852,2019,0.0734,7-12,0,0.0
C104055,2018-12-05,2021-03-21,27,basic,23.77,230,0,monthly,paypal,1,8.52,0,1697,2018,0.1029,24+,0,0.0
C104056,2019-10-21,2022-01-06,26,standard,40.48,578,0,monthly,credit_card,1,22.23,0,1406,2019,0.0699,24+,0,0.0
C104057,2020-08-19,2022-01-23,17,standard,40.83,523,0,monthly,debit_card,0,30.76,0,1389,2020,0.0779,13-24,0,0.0
C104058,2019-03-05,2019-05-07,2,basic,21.51,133,5,monthly,debit_card,0,66.5,1,2381,2019,0.1605,0-3,0,1.667
C104059,2020-06-17,2020-12-29,6,basic,25.12,262,4,monthly,credit_card,1,43.67,1,1779,2020,0.0955,4-6,0,0.571
C104060,2018-05-19,2019-02-19,9,standard,39.56,564,0,annual,paypal,0,62.67,0,2458,2018,0.07,7-12,0,0.0
C104061,2019-06-26,2021-11-22,29,basic,20.97,210,2,monthly,credit_card,1,7.24,0,1451,2019,0.0994,24+,0,0.067
C104062,2023-10-06,2027-12-31,51,basic,24.41,253,2,annual,credit_card,0,4.96,0,-779,2023,0.0961,24+,0,0.038
C104063,2021-06-09,2028-03-03,81,basic,24.02,280,4,monthly,credit_card,0,3.46,1,-842,2021,0.0855,24+,0,0.049
C104064,2024-10-18,2025-03-08,4,basic,18.88,246,4,monthly,credit_card,0,61.5,1,249,2024,0.0764,4-6,0,0.8
C104065,2019-01-19,2019-11-04,9,basic,21.22,212,2,monthly,debit_card,0,23.56,0,2200,2019,0.0996,7-12,0,0.2
C104066,2018-07-13,2019-10-08,15,basic,18.66,184,0,annual,paypal,0,12.27,0,2227,2018,0.1009,13-24,0,0.0
C104067,2024-02-11,2030-01-05,71,basic,22.69,186,3,monthly,debit_card,0,2.62,1,-1515,2024,0.1213,24+,0,0.042
C104068,2023-03-11,2025-05-09,26,basic,20.83,190,2,monthly,paypal,0,7.31,0,187,2023,0.1091,24+,0,0.074
C104069,2024-05-28,2031-10-16,89,standard,38.48,456,5,annual,credit_card,1,5.12,1,-2164,2024,0.0842,24+,0,0.056
C104070,2020-01-02,2020-02-02,1,standard,40.79,536,0,monthly,credit_card,1,536.0,0,2110,2020,0.076,0-3,0,0.0
C104071,2023-12-04,2024-07-18,7,standard,41.49,593,2,monthly,paypal,1,84.71,0,482,2023,0.0698,7-12,0,0.25
C104072,2019-11-16,2021-01-01,13,basic,25.1,244,1,annual,paypal,0,18.77,0,1776,2019,0.1024,13-24,0,0.071
C104073,2018-03-23,2021-08-18,41,standard,42.21,467,2,annual,credit_card,0,11.39,0,1547,2018,0.0902,24+,0,0.048
C104074,2024-07-08,2025-02-18,7,standard,40.96,397,1,annual,credit_card,0,56.71,0,267,2024,0.1029,7-12,0,0.125
C104075,2024-07-10,2025-08-21,13,basic,18.86,156,0,monthly,credit_card,0,12.0,0,83,2024,0.1201,13-24,0,0.0
C104076,2019-06-16,2019-10-06,3,basic,17.25,242,2,monthly,paypal,0,80.67,0,2229,2019,0.071,0-3,0,0.5
C104077,2023-06-07,2028-12-20,67,basic,19.44,293,2,monthly,paypal,0,4.37,0,-1134,2023,0.0661,24+,0,0.029
C104078,2018-08-09,2020-03-09,19,premium,74.37,1195,0,annual,credit_card,0,62.89,0,2074,2018,0.0622,13-24,1,0.0
C104079,2019-09-27,2021-02-22,17,basic,23.89,119,3,monthly,debit_card,0,7.0,1,1724,2019,0.1991,13-24,0,0.167
C104080,2022-11-05,2024-02-18,15,basic,24.03,140,2,annual,paypal,0,9.33,0,633,2022,0.1704,13-24,0,0.125
C104081,2024-06-28,2026-03-24,21,standard,41.85,584,0,monthly,debit_card,0,27.81,0,-132,2024,0.0715,13-24,0,0.0
C104082,2023-02-18,2023-06-24,4,premium,78.38,972,0,annual,credit_card,1,243.0,0,872,2023,0.0806,4-6,1,0.0
C104083,2018-01-03,2018-07-23,6,basic,24.32,131,0,monthly,paypal,1,21.83,0,2669,2018,0.1842,4-6,0,0.0
C104084,2022-09-14,2032-04-09,116,standard,39.0,526,2,monthly,bank_transfer,0,4.53,0,-2340,2022,0.074,24+,0,0.017
C104085,2018-07-25,2019-01-17,5,basic,20.8,243,4,monthly,bank_transfer,1,48.6,1,2491,2018,0.0852,4-6,0,0.667
C104086,2023-01-30,2023-03-06,1,basic,24.85,151,2,annual,credit_card,0,151.0,0,982,2023,0.1635,0-3,0,1.0
C104087,2018-02-09,2018-08-01,5,premium,81.67,1189,1,monthly,debit_card,0,237.8,0,2660,2018,0.0686,4-6,1,0.167
C104088,2023-10-08,2025-04-27,18,basic,23.69,188,2,annual,credit_card,0,10.44,0,199,2023,0.1253,13-24,0,0.105
C104089,2019-10-06,2020-01-26,3,basic,17.78,117,0,monthly,credit_card,1,39.0,0,2117,2019,0.1507,0-3,0,0.0
C104090,2022-03-11,2027-10-29,68,standard,36.21,533,2,monthly,bank_transfer,0,7.84,0,-716,2022,0.0678,24+,0,0.029
C104091,2023-03-23,2025-04-11,25,standard,35.68,531,1,annual,credit_card,0,21.24,0,215,2023,0.0671,24+,0,0.038
C104092,2023-11-14,2024-10-30,11,basic,18.5,230,2,annual,credit_card,0,20.91,0,378,2023,0.0801,7-12,0,0.167
C104093,2020-06-16,2021-02-21,8,basic,23.67,194,3,monthly,debit_card,0,24.25,1,1725,2020,0.1214,7-12,0,0.333
C104094,2020-12-21,2022-03-15,14,basic,18.61,121,3,monthly,credit_card,1,8.64,1,1338,2020,0.1525,13-24,0,0.2
C104095,2021-07-03,2023-03-25,21,premium,80.31,988,0,annual,paypal,0,47.05,0,963,2021,0.0812,13-24,1,0.0
C104096,2024-07-23,2025-03-28,8,standard,44.92,444,0,monthly,debit_card,0,55.5,0,229,2024,0.1009,7-12,0,0.0
C104097,2019-11-02,2019-12-04,1,basic,20.33,162,2,annual,credit_card,0,162.0,0,2170,2019,0.1247,0-3,0,1.0
C104098,2022-02-14,2024-07-30,29,standard,38.66,540,1,monthly,paypal,0,18.62,0,470,2022,0.0715,24+,0,0.033
C104099,2024-06-22,2029-08-09,62,premium,78.9,1305,0,monthly,debit_card,0,21.05,0,-1366,2024,0.0604,24+,1,0.0
C104100,2019-12-20,2020-02-13,1,premium,81.21,1038,0,monthly,credit_card,0,1038.0,0,2099,2019,0.0782,0-3,1,0.0
C104101,2020-12-07,2021-03-25,3,standard,40.03,546,4,monthly,debit_card,0,182.0,1,1693,2020,0.0732,0-3,0,1.0
C104102,2023-05-10,2024-03-16,10,basic,20.01,185,0,monthly,debit_card,0,18.5,0,606,2023,0.1076,7-12,0,0.0
C104103,2021-03-05,2027-05-31,75,basic,18.75,98,2,monthly,credit_card,0,1.31,0,-565,2021,0.1894,24+,0,0.026
C104104,2018-09-07,2021-10-07,37,basic,21.38,184,1,monthly,credit_card,0,4.97,0,1497,2018,0.1156,24+,0,0.026
C104105,2024-06-19,2025-05-14,10,basic,22.34,185,1,monthly,credit_card,0,18.5,0,182,2024,0.1201,7-12,0,0.091
C104106,2023-03-08,2030-02-01,84,standard,39.11,456,1,annual,credit_card,0,5.43,0,-1542,2023,0.0856,24+,0,0.012
C104107,2023-01-28,2024-05-05,15,standard,45.33,555,0,annual,debit_card,0,37.0,0,556,2023,0.0815,13-24,0,0.0
C104108,2022-02-12,2022-11-05,8,basic,19.98,155,1,monthly,credit_card,0,19.38,0,1103,2022,0.1281,7-12,0,0.111
C104109,2024-12-07,2026-03-04,15,standard,41.62,407,3,monthly,credit_card,0,27.13,1,-112,2024,0.102,13-24,0,0.188
C104110,2021-05-19,2022-08-09,14,basic,17.72,233,1,annual,credit_card,1,16.64,0,1191,2021,0.0757,13-24,0,0.067
C104111,2018-02-13,2019-03-22,13,basic,17.65,152,1,monthly,debit_card,1,11.69,0,2427,2018,0.1154,13-24,0,0.071
C104112,2019-08-06,2019-10-08,2,basic,13.43,210,1,annual,bank_transfer,0,105.0,0,2227,2019,0.0636,0-3,0,0.333
C104113,2021-07-12,2022-02-12,7,standard,40.21,464,1,monthly,paypal,0,66.29,0,1369,2021,0.0865,7-12,0,0.125
C104114,2018-08-08,2021-04-15,32,basic,22.25,151,2,annual,credit_card,0,4.72,0,1672,2018,0.1464,24+,0,0.061
C104115,2023-04-10,2023-05-18,1,standard,37.89,476,0,annual,credit_card,0,476.0,0,909,2023,0.0794,0-3,0,0.0
C104116,2024-09-14,2027-03-10,30,basic,19.7,204,0,monthly,credit_card,0,6.8,0,-483,2024,0.0961,24+,0,0.0
C104117,2020-09-17,2021-10-07,12,basic,23.3,178,0,monthly,debit_card,0,14.83,0,1497,2020,0.1302,7-12,0,0.0
C104118,2022-12-18,2028-02-20,63,basic,20.61,258,5,annual,paypal,0,4.1,1,-830,2022,0.0796,24+,0,0.078
C104119,2020-05-07,2021-06-16,13,standard,37.42,429,0,monthly,bank_transfer,0,33.0,0,1610,2020,0.087,13-24,0,0.0
C104120,2020-03-14,2021-04-22,13,premium,77.38,1381,1,monthly,credit_card,0,106.23,0,1665,2020,0.056,13-24,1,0.071
C104121,2019-05-05,2020-02-12,9,premium,78.17,1102,0,monthly,credit_card,0,122.44,0,2100,2019,0.0709,7-12,1,0.0
C104122,2022-11-16,2025-12-06,37,basic,21.01,183,1,monthly,credit_card,0,4.95,0,-24,2022,0.1142,24+,0,0.026
C104123,2022-02-02,2022-09-14,7,premium,80.41,1476,0,monthly,credit_card,0,210.86,0,1155,2022,0.0544,7-12,1,0.0
C104124,2022-09-02,2025-01-06,28,premium,74.49,1255,0,monthly,debit_card,1,44.82,0,310,2022,0.0593,24+,1,0.0
C104125,2024-05-03,2028-04-12,48,basic,17.91,192,1,monthly,debit_card,1,4.0,0,-882,2024,0.0928,24+,0,0.02
C104126,2018-02-23,2019-07-18,17,basic,19.03,182,0,annual,bank_transfer,0,10.71,0,2309,2018,0.104,13-24,0,0.0
C104127,2019-09-08,2019-11-14,2,standard,47.02,479,1,annual,bank_transfer,1,239.5,0,2190,2019,0.098,0-3,0,0.333
C104128,2020-12-18,2022-04-24,16,basic,13.09,224,5,monthly,credit_card,1,14.0,1,1298,2020,0.0582,13-24,0,0.294
C104129,2023-01-23,2025-01-21,24,basic,17.24,242,2,annual,credit_card,1,10.08,0,295,2023,0.0709,13-24,0,0.08
C104130,2020-08-12,2020-09-16,1,standard,42.46,544,1,monthly,paypal,0,544.0,0,1883,2020,0.0779,0-3,0,0.5
C104131,2024-08-30,2027-09-05,36,basic,22.77,274,1,annual,bank_transfer,0,7.61,0,-662,2024,0.0828,24+,0,0.027
C104132,2022-06-18,2023-10-25,16,premium,82.39,1002,0,annual,credit_card,0,62.62,0,749,2022,0.0821,13-24,1,0.0
C104133,2019-10-12,2019-11-18,1,basic,18.78,212,3,monthly,paypal,1,212.0,1,2186,2019,0.0882,0-3,0,1.5
C104134,2024-06-05,2024-08-27,2,basic,21.28,217,2,monthly,paypal,0,108.5,0,442,2024,0.0976,0-3,0,0.667
C104135,2019-01-30,2021-08-06,30,basic,23.67,218,0,monthly,paypal,0,7.27,0,1559,2019,0.1081,24+,0,0.0
C104136,2021-09-21,2021-11-09,1,basic,24.32,267,6,annual,credit_card,0,267.0,1,1464,2021,0.0907,0-3,0,3.0
C104137,2024-09-09,2026-08-30,24,basic,20.81,147,1,monthly,credit_card,0,6.12,0,-291,2024,0.1406,13-24,0,0.04
C104138,2019-01-06,2020-07-30,19,basic,21.31,210,2,monthly,paypal,0,11.05,0,1931,2019,0.101,13-24,0,0.1
C104139,2020-05-07,2022-09-28,29,standard,41.95,543,1,monthly,credit_card,0,18.72,0,1141,2020,0.0771,24+,0,0.033
C104140,2020-03-01,2024-11-19,57,basic,21.71,237,3,monthly,bank_transfer,0,4.16,1,358,2020,0.0912,24+,0,0.052
C104141,2019-10-20,2020-08-12,9,premium,78.79,1115,0,monthly,paypal,0,123.89,0,1918,2019,0.0706,7-12,1,0.0
C104142,2021-10-24,2021-12-08,1,basic,21.01,257,0,monthly,bank_transfer,0,257.0,0,1435,2021,0.0814,0-3,0,0.0
C104143,2019-01-19,2021-12-22,35,premium,84.41,1399,0,monthly,credit_card,0,39.97,0,1421,2019,0.0603,24+,1,0.0
C104144,2023-10-11,2028-03-02,53,standard,43.28,518,1,annual,credit_card,1,9.77,0,-841,2023,0.0834,24+,0,0.019
C104145,2024-12-27,2025-07-14,6,standard,42.51,586,0,monthly,credit_card,0,97.67,0,121,2024,0.0724,4-6,0,0.0
C104146,2018-08-27,2021-11-12,39,standard,39.44,506,2,annual,bank_transfer,0,12.97,0,1461,2018,0.0778,24+,0,0.05
C104147,2018-07-14,2018-08-26,1,premium,74.34,1384,0,annual,credit_card,0,1384.0,0,2635,2018,0.0537,0-3,1,0.0
C104148,2023-10-10,2023-12-22,2,basic,23.92,215,1,annual,credit_card,1,107.5,0,691,2023,0.1107,0-3,0,0.333
C104149,2021-02-26,2021-06-24,3,basic,19.04,196,2,monthly,credit_card,0,65.33,0,1602,2021,0.0966,0-3,0,0.5
C104150,2023-07-09,2029-03-12,69,standard,38.38,426,0,monthly,debit_card,0,6.17,0,-1216,2023,0.0899,24+,0,0.0
C104151,2018-06-05,2019-10-03,16,standard,42.36,471,1,monthly,debit_card,0,29.44,0,2232,2018,0.0897,13-24,0,0.059
C104152,2020-07-11,2020-08-18,1,basic,22.58,282,1,monthly,bank_transfer,1,282.0,0,1912,2020,0.0798,0-3,0,0.5
C104153,2022-05-29,2023-06-03,12,premium,76.27,1313,0,monthly,bank_transfer,0,109.42,0,893,2022,0.058,7-12,1,0.0
C104154,2020-09-01,2022-08-19,23,standard,39.85,520,2,annual,credit_card,1,22.61,0,1181,2020,0.0765,13-24,0,0.083
C104155,2021-05-15,2022-06-26,13,standard,46.05,597,2,monthly,credit_card,1,45.92,0,1235,2021,0.077,13-24,0,0.143
C104156,2024-09-01,2028-06-12,46,premium,82.01,1361,1,annual,credit_card,1,29.59,0,-943,2024,0.0602,24+,1,0.021
C104157,2022-12-20,2024-09-24,21,standard,45.2,465,1,annual,bank_transfer,0,22.14,0,414,2022,0.097,13-24,0,0.045
C104158,2020-04-17,2020-12-13,8,basic,21.06,236,0,monthly,credit_card,0,29.5,0,1795,2020,0.0889,7-12,0,0.0
C104159,2023-07-01,2024-07-26,13,standard,36.23,409,0,monthly,paypal,1,31.46,0,474,2023,0.0884,13-24,0,0.0
C104160,2021-09-25,2021-11-18,1,standard,41.22,549,1,monthly,credit_card,0,549.0,0,1455,2021,0.0749,0-3,0,0.5
C104161,2024-07-15,2025-06-07,10,basic,26.38,223,1,annual,debit_card,0,22.3,0,158,2024,0.1178,7-12,0,0.091
C104162,2018-07-23,2019-04-27,9,standard,45.14,582,1,annual,credit_card,0,64.67,0,2391,2018,0.0774,7-12,0,0.1
C104163,2018-06-10,2020-03-29,21,basic,19.76,183,1,monthly,credit_card,0,8.71,0,2054,2018,0.1074,13-24,0,0.045
C104164,2019-01-27,2021-08-12,30,basic,17.18,241,1,monthly,paypal,0,8.03,0,1553,2019,0.071,24+,0,0.032
C104165,2020-02-08,2020-04-09,2,basic,20.41,100,2,monthly,credit_card,1,50.0,0,2043,2020,0.2021,0-3,0,0.667
C104166,2020-12-29,2021-08-17,7,basic,17.91,110,0,monthly,paypal,1,15.71,0,1548,2020,0.1614,7-12,0,0.0
C104167,2019-02-09,2019-10-09,8,basic,22.02,228,4,monthly,credit_card,0,28.5,1,2226,2019,0.0962,7-12,0,0.444
C104168,2019-08-31,2022-12-18,40,premium,81.12,1281,0,annual,debit_card,0,32.02,0,1060,2019,0.0633,24+,1,0.0
C104169,2022-06-03,2024-01-08,19,standard,42.65,587,2,monthly,credit_card,1,30.89,0,674,2022,0.0725,13-24,0,0.1
C104170,2022-03-21,2023-01-02,9,basic,25.75,164,1,monthly,credit_card,1,18.22,0,1045,2022,0.1561,7-12,0,0.1
C104171,2023-01-12,2024-04-21,15,basic,16.36,145,2,monthly,credit_card,0,9.67,0,570,2023,0.1121,13-24,0,0.125
C104172,2019-11-21,2026-02-18,76,standard,37.27,377,1,monthly,paypal,0,4.96,0,-98,2019,0.0986,24+,0,0.013
C104173,2021-05-25,2022-09-27,16,basic,15.99,266,2,monthly,paypal,0,16.62,0,1142,2021,0.0599,13-24,0,0.118
C104174,2023-10-05,2027-08-01,46,premium,76.12,885,1,monthly,debit_card,0,19.24,0,-627,2023,0.0859,24+,1,0.021
C104175,2019-01-01,2021-06-05,29,premium,76.62,1350,0,monthly,paypal,0,46.55,0,1621,2019,0.0567,24+,1,0.0
C104176,2022-09-19,2026-05-17,44,basic,23.34,209,4,annual,debit_card,0,4.75,1,-186,2022,0.1111,24+,0,0.089
C104177,2019-03-31,2020-01-09,9,basic,22.69,229,1,monthly,paypal,0,25.44,0,2134,2019,0.0987,7-12,0,0.1
C104178,2018-04-14,2019-03-16,11,basic,21.92,232,4,monthly,credit_card,0,21.09,1,2433,2018,0.0941,7-12,0,0.333
C104179,2018-03-18,2019-02-23,11,premium,80.83,1001,0,monthly,credit_card,1,91.0,0,2454,2018,0.0807,7-12,1,0.0
C104180,2018-08-18,2019-04-15,8,standard,35.67,535,0,monthly,debit_card,0,66.88,0,2403,2018,0.0665,7-12,0,0.0
C104181,2023-04-22,2025-08-08,27,premium,86.72,1024,0,monthly,credit_card,1,37.93,0,96,2023,0.0846,24+,1,0.0
C104182,2024-07-06,2025-03-22,8,standard,38.15,589,0,annual,paypal,0,73.62,0,235,2024,0.0647,7-12,0,0.0
C104183,2021-04-20,2021-06-17,1,premium,78.6,1021,0,annual,credit_card,0,1021.0,0,1609,2021,0.0769,0-3,1,0.0
C104184,2020-06-11,2026-12-14,79,basic,18.56,202,2,monthly,paypal,0,2.56,0,-397,2020,0.0914,24+,0,0.025
C104185,2022-04-23,2023-05-03,12,premium,81.89,1178,0,monthly,credit_card,0,98.17,0,924,2022,0.0695,7-12,1,0.0
C104186,2023-09-06,2024-01-20,4,premium,81.32,1144,2,monthly,debit_card,1,286.0,0,662,2023,0.071,4-6,1,0.4
C104187,2022-08-03,2023-04-14,8,basic,16.99,131,0,annual,credit_card,0,16.38,0,943,2022,0.1287,7-12,0,0.0
C104188,2018-10-26,2023-04-16,54,standard,40.63,362,1,monthly,credit_card,0,6.7,0,941,2018,0.1119,24+,0,0.018
C104189,2020-08-14,2020-10-21,2,standard,45.99,486,5,monthly,debit_card,0,243.0,1,1848,2020,0.0944,0-3,0,1.667
C104190,2021-01-19,2022-12-07,22,standard,39.37,413,1,monthly,credit_card,0,18.77,0,1071,2021,0.0951,13-24,0,0.043
C104191,2024-12-02,2028-02-14,38,basic,13.77,204,4,monthly,paypal,0,5.37,1,-824,2024,0.0672,24+,0,0.103
C104192,2024-11-10,2026-01-20,14,premium,83.48,1345,1,monthly,paypal,0,96.07,0,-69,2024,0.062,13-24,1,0.067
C104193,2022-01-14,2024-02-29,25,basic,14.08,211,0,annual,debit_card,0,8.44,0,622,2022,0.0664,24+,0,0.0
C104194,2018-12-31,2022-02-28,38,basic,20.05,158,1,monthly,credit_card,0,4.16,0,1353,2018,0.1261,24+,0,0.026
C104195,2022-08-26,2023-12-22,16,basic,23.85,221,6,annual,paypal,0,13.81,1,691,2022,0.1074,13-24,0,0.353
C104196,2018-12-17,2019-07-17,7,standard,37.43,458,1,annual,credit_card,0,65.43,0,2310,2018,0.0815,7-12,0,0.125
C104197,2024-04-19,2024-09-03,4,basic,14.57,242,2,monthly,credit_card,0,60.5,0,435,2024,0.06,4-6,0,0.4
C104198,2023-03-20,2023-09-16,6,standard,38.28,582,0,monthly,debit_card,1,97.0,0,788,2023,0.0657,4-6,0,0.0
C104199,2020-10-08,2021-01-01,2,standard,43.47,573,1,monthly,credit_card,0,286.5,0,1776,2020,0.0757,0-3,0,0.333
C104200,2024-11-11,2025-03-23,4,basic,20.95,322,4,monthly,credit_card,1,80.5,1,234,2024,0.0649,4-6,0,0.8
C104201,2019-05-14,2020-06-11,13,standard,39.06,506,1,annual,credit_card,0,38.92,0,1980,2019,0.077,13-24,0,0.071
C104202,2020-08-07,2024-11-05,51,standard,41.33,433,2,monthly,credit_card,0,8.49,0,372,2020,0.0952,24+,0,0.038
C104203,2023-06-18,2024-07-04,12,basic,22.9,136,0,annual,paypal,1,11.33,0,496,2023,0.1672,7-12,0,0.0
C104204,2023-08-09,2023-09-10,1,basic,23.57,161,2,monthly,debit_card,1,161.0,0,794,2023,0.1455,0-3,0,1.0
C104205,2019-05-23,2019-07-12,1,premium,81.58,1335,1,monthly,bank_transfer,0,1335.0,0,2315,2019,0.0611,0-3,1,0.5
C104206,2021-08-20,2023-02-22,18,basic,22.43,273,4,monthly,debit_card,0,15.17,1,994,2021,0.0819,13-24,0,0.211
C104207,2024-12-23,2031-10-07,82,basic,17.81,178,2,annual,credit_card,0,2.17,0,-2155,2024,0.0995,24+,0,0.024
C104208,2018-06-15,2018-08-01,1,premium,81.99,1127,0,monthly,debit_card,0,1127.0,0,2660,2018,0.0727,0-3,1,0.0
C104209,2024-11-14,2025-01-04,1,premium,82.56,1369,1,monthly,credit_card,0,1369.0,0,312,2024,0.0603,0-3,1,0.5
C104210,2020-07-08,2021-05-11,10,basic,23.4,137,3,monthly,paypal,0,13.7,1,1646,2020,0.1696,7-12,0,0.273
C104211,2018-04-24,2021-05-01,36,basic,19.27,116,2,monthly,debit_card,0,3.22,0,1656,2018,0.1647,24+,0,0.054
C104212,2020-09-18,2022-02-08,16,standard,38.08,520,3,annual,credit_card,0,32.5,1,1373,2020,0.0731,13-24,0,0.176
C104213,2023-05-06,2023-06-23,1,premium,79.39,1404,1,monthly,credit_card,0,1404.0,0,873,2023,0.0565,0-3,1,0.5
C104214,2024-03-04,2024-12-31,10,premium,83.08,1176,2,annual,credit_card,0,117.6,0,316,2024,0.0706,7-12,1,0.182
C104215,2021-06-12,2021-09-14,3,standard,41.2,502,4,monthly,debit_card,1,167.33,1,1520,2021,0.0819,0-3,0,1.0
C104216,2019-05-30,2019-12-25,6,premium,80.82,1130,0,monthly,credit_card,0,188.33,0,2149,2019,0.0715,4-6,1,0.0
C104217,2021-05-16,2021-07-04,1,basic,22.24,161,1,monthly,paypal,0,161.0,0,1592,2021,0.1373,0-3,0,0.5
C104218,2019-12-10,2021-09-23,21,standard,42.62,445,1,annual,credit_card,1,21.19,0,1511,2019,0.0956,13-24,0,0.045
C104219,2023-12-26,2026-03-03,26,standard,39.7,495,3,monthly,credit_card,0,19.04,1,-111,2023,0.08,24+,0,0.111
C104220,2018-12-05,2021-04-27,29,standard,40.62,429,1,monthly,bank_transfer,0,14.79,0,1660,2018,0.0945,24+,0,0.033
C104221,2018-03-09,2021-06-23,40,basic,20.51,177,3,monthly,credit_card,0,4.42,1,1603,2018,0.1152,24+,0,0.073
C104222,2022-05-16,2022-08-14,3,standard,40.63,460,1,monthly,bank_transfer,0,153.33,0,1186,2022,0.0881,0-3,0,0.25
C104223,2022-04-14,2024-08-01,28,basic,25.34,265,4,monthly,paypal,0,9.46,1,468,2022,0.0953,24+,0,0.138
C104224,2019-01-18,2019-08-23,7,standard,38.95,549,0,monthly,credit_card,1,78.43,0,2273,2019,0.0708,7-12,0,0.0
C104225,2018-01-19,2020-12-29,35,premium,84.93,1049,0,annual,paypal,0,29.97,0,1779,2018,0.0809,24+,1,0.0
C104226,2023-10-23,2024-07-18,8,basic,19.57,167,3,monthly,bank_transfer,1,20.88,1,482,2023,0.1165,7-12,0,0.333
C104227,2019-07-27,2020-10-22,15,basic,22.77,257,2,monthly,credit_card,0,17.13,0,1847,2019,0.0883,13-24,0,0.125
C104228,2021-07-23,2023-02-26,19,basic,24.81,152,2,annual,credit_card,1,8.0,0,990,2021,0.1622,13-24,0,0.1
C104229,2024-03-08,2026-01-01,22,basic,16.44,181,0,monthly,credit_card,0,8.23,0,-50,2024,0.0903,13-24,0,0.0
C104230,2023-04-28,2023-10-15,5,standard,41.24,474,3,monthly,credit_card,0,94.8,1,759,2023,0.0868,4-6,0,0.5
C104231,2019-10-13,2021-08-26,22,basic,19.63,191,2,monthly,debit_card,0,8.68,0,1539,2019,0.1022,13-24,0,0.087
C104232,2022-07-04,2022-09-21,2,basic,18.02,221,2,monthly,debit_card,0,110.5,0,1148,2022,0.0812,0-3,0,0.667
C104233,2020-09-20,2025-11-03,62,standard,39.38,568,4,monthly,bank_transfer,0,9.16,1,9,2020,0.0692,24+,0,0.063
C104234,2021-08-31,2022-07-20,10,basic,19.76,221,4,monthly,debit_card,0,22.1,1,1211,2021,0.089,7-12,0,0.364
C104235,2020-06-19,2020-08-06,1,standard,41.67,494,1,annual,credit_card,0,494.0,0,1924,2020,0.0842,0-3,0,0.5
C104236,2022-08-12,2023-09-15,13,premium,81.61,1061,1,monthly,debit_card,0,81.62,0,789,2022,0.0768,13-24,1,0.071
C104237,2022-05-05,2023-08-02,15,basic,17.46,123,0,annual,credit_card,0,8.2,0,833,2022,0.1408,13-24,0,0.0
C104238,2023-04-08,2023-10-27,6,premium,79.72,1071,0,monthly,credit_card,0,178.5,0,747,2023,0.0744,4-6,1,0.0
C104239,2022-11-17,2023-11-30,12,premium,82.06,1048,0,annual,debit_card,0,87.33,0,713,2022,0.0782,7-12,1,0.0
C104240,2021-02-10,2021-07-27,5,standard,38.26,420,1,annual,paypal,0,84.0,0,1569,2021,0.0909,4-6,0,0.167
C104241,2024-01-27,2024-08-19,6,basic,22.43,264,1,monthly,credit_card,0,44.0,0,450,2024,0.0846,4-6,0,0.143
C104242,2023-04-29,2025-09-06,28,standard,38.5,405,2,monthly,credit_card,0,14.46,0,67,2023,0.0948,24+,0,0.069
C104243,2020-11-03,2023-05-11,30,standard,41.2,520,1,monthly,paypal,0,17.33,0,916,2020,0.0791,24+,0,0.032
C104244,2022-10-05,2022-12-12,2,standard,35.55,413,0,monthly,debit_card,1,206.5,0,1066,2022,0.0859,0-3,0,0.0
C104245,2018-10-15,2022-02-04,40,standard,39.18,606,0,annual,credit_card,0,15.15,0,1377,2018,0.0645,24+,0,0.0
C104246,2024-02-15,2025-05-08,14,standard,43.15,450,2,monthly,credit_card,1,32.14,0,188,2024,0.0957,13-24,0,0.133
C104247,2022-05-10,2024-04-12,23,standard,49.33,547,3,monthly,credit_card,1,23.78,1,579,2022,0.09,13-24,0,0.125
C104248,2022-10-12,2023-09-01,10,standard,37.46,529,1,monthly,debit_card,1,52.9,0,803,2022,0.0707,7-12,0,0.091
C104249,2024-11-23,2025-07-16,7,basic,19.32,263,2,monthly,debit_card,0,37.57,0,119,2024,0.0732,7-12,0,0.25
C104250,2021-01-03,2021-09-22,8,basic,26.12,163,3,monthly,credit_card,0,20.38,1,1512,2021,0.1593,7-12,0,0.333
C104251,2024-05-13,2024-06-21,1,standard,35.52,603,0,monthly,credit_card,0,603.0,0,509,2024,0.0588,0-3,0,0.0
C104252,2020-07-28,2020-10-01,2,basic,20.17,296,2,monthly,bank_transfer,0,148.0,0,1868,2020,0.0679,0-3,0,0.667
C104253,2021-12-19,2024-11-11,35,standard,43.14,427,4,annual,credit_card,1,12.2,1,366,2021,0.1008,24+,0,0.111
C104254,2019-07-25,2022-07-31,36,basic,16.55,189,3,monthly,bank_transfer,0,5.25,1,1200,2019,0.0871,24+,0,0.081
C104255,2020-09-27,2021-09-22,12,standard,35.97,409,0,annual,bank_transfer,0,34.08,0,1512,2020,0.0877,7-12,0,0.0
C104256,2021-04-20,2022-03-17,11,standard,35.27,498,0,monthly,credit_card,1,45.27,0,1336,2021,0.0707,7-12,0,0.0
C104257,2024-11-10,2029-02-14,51,standard,46.33,574,0,monthly,credit_card,0,11.25,0,-1190,2024,0.0806,24+,0,0.0
C104258,2020-07-06,2023-01-17,30,standard,37.32,511,1,monthly,credit_card,0,17.03,0,1030,2020,0.0729,24+,0,0.032
C104259,2023-02-18,2023-08-06,5,basic,20.34,233,0,monthly,credit_card,0,46.6,0,829,2023,0.0869,4-6,0,0.0
C104260,2020-04-12,2021-01-11,9,standard,39.41,522,2,monthly,debit_card,0,58.0,0,1766,2020,0.0754,7-12,0,0.2
C104261,2024-02-19,2026-12-13,34,basic,21.34,218,2,monthly,credit_card,1,6.41,0,-396,2024,0.0974,24+,0,0.057
C104262,2022-08-06,2023-01-29,5,standard,43.26,372,2,monthly,debit_card,0,74.4,0,1018,2022,0.116,4-6,0,0.333
C104263,2019-09-08,2021-02-14,17,standard,45.22,424,2,monthly,credit_card,0,24.94,0,1732,2019,0.1064,13-24,0,0.111
C104264,2019-02-10,2020-10-25,20,standard,34.8,404,3,monthly,bank_transfer,0,20.2,1,1844,2019,0.0859,13-24,0,0.143
C104265,2022-10-16,2024-03-13,17,premium,73.1,1289,0,monthly,credit_card,0,75.82,0,609,2022,0.0567,13-24,1,0.0
C104266,2018-04-03,2019-06-20,14,standard,44.63,546,3,monthly,debit_card,0,39.0,1,2337,2018,0.0816,13-24,0,0.2
C104267,2024-10-13,2028-07-06,45,standard,39.56,434,2,annual,credit_card,0,9.64,0,-967,2024,0.0909,24+,0,0.043
C104268,2019-10-16,2020-09-22,11,basic,17.83,282,4,annual,credit_card,0,25.64,1,1877,2019,0.063,7-12,0,0.333
C104269,2019-03-10,2020-12-25,21,basic,17.23,202,3,annual,debit_card,1,9.62,1,1783,2019,0.0849,13-24,0,0.136
C104270,2021-02-09,2021-03-26,1,premium,83.33,1356,0,monthly,bank_transfer,0,1356.0,0,1692,2021,0.0614,0-3,1,0.0
C104271,2019-01-10,2021-10-16,33,standard,42.5,482,2,monthly,credit_card,0,14.61,0,1488,2019,0.088,24+,0,0.059
C104272,2020-12-02,2021-09-13,9,basic,22.24,171,0,monthly,debit_card,0,19.0,0,1521,2020,0.1293,7-12,0,0.0
C104273,2018-07-26,2019-07-25,12,premium,80.61,1295,1,monthly,credit_card,0,107.92,0,2302,2018,0.0622,7-12,1,0.077
C104274,2020-02-19,2021-11-04,20,basic,21.32,189,3,monthly,paypal,0,9.45,1,1469,2020,0.1122,13-24,0,0.143
C104275,2021-08-12,2022-07-22,11,basic,17.41,266,2,monthly,credit_card,0,24.18,0,1209,2021,0.0652,7-12,0,0.167
C104276,2021-02-15,2022-05-23,15,basic,20.86,220,3,monthly,credit_card,0,14.67,1,1269,2021,0.0944,13-24,0,0.188
C104277,2019-06-16,2019-10-11,3,basic,18.74,102,1,monthly,credit_card,0,34.0,0,2224,2019,0.1819,0-3,0,0.25
C104278,2024-01-23,2024-05-08,3,standard,40.39,596,1,monthly,credit_card,1,198.67,0,553,2024,0.0677,0-3,0,0.25
C104279,2018-03-31,2019-07-13,15,standard,38.17,564,1,monthly,debit_card,0,37.6,0,2314,2018,0.0676,13-24,0,0.062
C104280,2021-01-22,2022-05-09,15,premium,77.49,1075,1,annual,credit_card,0,71.67,0,1283,2021,0.072,13-24,1,0.062
C104281,2018-01-13,2018-02-20,1,basic,22.13,213,1,monthly,credit_card,0,213.0,0,2822,2018,0.1034,0-3,0,0.5
C104282,2023-02-01,2023-05-17,3,basic,23.9,209,2,annual,credit_card,1,69.67,0,910,2023,0.1138,0-3,0,0.5
C104283,2020-03-15,2022-11-13,32,basic,21.07,126,1,monthly,bank_transfer,0,3.94,0,1095,2020,0.1659,24+,0,0.03
C104284,2020-08-02,2022-02-03,18,basic,22.47,264,2,annual,debit_card,0,14.67,0,1378,2020,0.0848,13-24,0,0.105
C104285,2023-02-01,2023-04-29,2,premium,77.04,1100,0,monthly,credit_card,0,550.0,0,928,2023,0.07,0-3,1,0.0
C104286,2022-05-30,2023-11-08,17,standard,37.65,495,2,annual,credit_card,1,29.12,0,735,2022,0.0759,13-24,0,0.111
C104287,2023-05-14,2024-01-31,8,basic,15.02,157,2,monthly,credit_card,0,19.62,0,651,2023,0.0951,7-12,0,0.222
C104288,2020-11-18,2022-02-16,15,basic,19.98,85,2,monthly,paypal,0,5.67,0,1365,2020,0.2323,13-24,0,0.125
C104289,2018-10-23,2023-06-12,56,basic,16.15,234,2,annual,credit_card,0,4.18,0,884,2018,0.0687,24+,0,0.035
C104290,2020-07-14,2020-10-02,2,standard,40.0,592,1,annual,debit_card,0,296.0,0,1867,2020,0.0675,0-3,0,0.333
C104291,2019-10-02,2025-07-14,70,basic,19.85,214,0,monthly,credit_card,0,3.06,0,121,2019,0.0923,24+,0,0.0
C104292,2024-07-15,2024-12-10,4,basic,19.39,397,0,annual,paypal,0,99.25,0,337,2024,0.0487,4-6,0,0.0
C104293,2019-09-20,2020-06-06,8,basic,25.17,167,3,annual,credit_card,0,20.88,1,1985,2019,0.1498,7-12,0,0.333
C104294,2024-10-22,2025-03-02,4,standard,41.18,449,0,monthly,credit_card,0,112.25,0,255,2024,0.0915,4-6,0,0.0
C104295,2021-03-13,2022-12-10,21,basic,20.94,192,1,annual,credit_card,0,9.14,0,1068,2021,0.1085,13-24,0,0.045
C104296,2020-07-30,2021-02-08,6,standard,41.25,352,2,monthly,paypal,0,58.67,0,1738,2020,0.1169,4-6,0,0.286
C104297,2020-04-09,2020-05-21,1,premium,82.22,1176,0,monthly,credit_card,1,1176.0,0,2001,2020,0.0699,0-3,1,0.0
C104298,2022-11-06,2023-01-01,1,standard,36.73,472,1,monthly,credit_card,0,472.0,0,1046,2022,0.0777,0-3,0,0.5
C104299,2020-09-02,2021-08-09,11,basic,16.75,192,1,annual,bank_transfer,0,17.45,0,1556,2020,0.0868,7-12,0,0.083
C104300,2020-08-12,2022-11-23,27,basic,18.25,113,1,monthly,credit_card,0,4.19,0,1085,2020,0.1601,24+,0,0.036
C104301,2021-06-16,2021-09-14,3,basic,19.54,207,1,monthly,credit_card,0,69.0,0,1520,2021,0.0939,0-3,0,0.25
C104302,2020-08-09,2026-01-24,66,standard,38.05,536,0,monthly,credit_card,0,8.12,0,-73,2020,0.0709,24+,0,0.0
C104303,2020-08-01,2020-10-19,2,standard,44.23,510,0,annual,credit_card,1,255.0,0,1850,2020,0.0866,0-3,0,0.0
C104304,2024-01-12,2026-10-19,33,basic,23.09,204,1,monthly,credit_card,1,6.18,0,-341,2024,0.1126,24+,0,0.029
C104305,2021-04-19,2021-06-03,1,standard,41.25,377,2,annual,debit_card,0,377.0,0,1623,2021,0.1091,0-3,0,1.0
C104306,2023-11-06,2023-12-28,1,standard,37.58,448,3,monthly,credit_card,1,448.0,1,685,2023,0.0837,0-3,0,1.5
C104307,2022-03-15,2022-05-04,1,basic,21.15,166,0,monthly,debit_card,0,166.0,0,1288,2022,0.1266,0-3,0,0.0
C104308,2021-01-01,2023-09-18,33,standard,38.61,553,0,annual,paypal,0,16.76,0,786,2021,0.0697,24+,0,0.0
C104309,2018-06-28,2025-02-21,81,standard,44.03,459,1,annual,credit_card,1,5.67,0,264,2018,0.0957,24+,0,0.012
C104310,2024-03-09,2024-04-13,1,premium,84.82,1158,0,monthly,credit_card,0,1158.0,0,578,2024,0.0732,0-3,1,0.0
C104311,2023-01-03,2024-12-11,23,standard,41.92,688,0,monthly,debit_card,0,29.91,0,336,2023,0.0608,13-24,0,0.0
C104312,2021-06-11,2022-09-14,15,basic,17.48,261,4,monthly,bank_transfer,0,17.4,1,1155,2021,0.0667,13-24,0,0.25
C104313,2019-04-10,2019-10-26,6,basic,19.47,175,4,monthly,credit_card,0,29.17,1,2209,2019,0.1106,4-6,0,0.571
C104314,2022-11-10,2024-02-19,15,basic,20.9,253,1,monthly,paypal,1,16.87,0,632,2022,0.0823,13-24,0,0.062
C104315,2021-05-15,2022-02-08,8,standard,41.46,468,1,monthly,credit_card,0,58.5,0,1373,2021,0.0884,7-12,0,0.111
C104316,2020-06-03,2022-06-22,24,basic,22.47,184,0,monthly,debit_card,1,7.67,0,1239,2020,0.1215,13-24,0,0.0
C104317,2024-08-10,2024-09-13,1,standard,36.6,518,0,monthly,bank_transfer,0,518.0,0,425,2024,0.0705,0-3,0,0.0
C104318,2024-05-12,2027-07-15,38,basic,19.37,238,0,monthly,debit_card,0,6.26,0,-610,2024,0.081,24+,0,0.0
C104319,2024-08-24,2024-10-05,1,basic,22.37,143,1,monthly,credit_card,0,143.0,0,403,2024,0.1553,0-3,0,0.5
C104320,2021-08-25,2022-10-10,13,premium,81.64,1291,0,annual,credit_card,0,99.31,0,1129,2021,0.0632,13-24,1,0.0
C104321,2022-07-13,2023-04-27,9,standard,43.22,511,2,monthly,debit_card,0,56.78,0,930,2022,0.0844,7-12,0,0.2
C104322,2020-08-02,2020-12-13,4,basic,25.1,220,1,monthly,credit_card,0,55.0,0,1795,2020,0.1136,4-6,0,0.2
C104323,2020-07-13,2023-02-10,31,standard,42.14,556,1,monthly,credit_card,1,17.94,0,1006,2020,0.0757,24+,0,0.031
C104324,2023-04-23,2025-09-05,28,basic,18.51,228,2,annual,credit_card,0,8.14,0,68,2023,0.0808,24+,0,0.069
C104325,2019-05-09,2024-04-05,59,basic,12.41,181,3,monthly,credit_card,0,3.07,1,586,2019,0.0682,24+,0,0.05
C104326,2022-03-27,2022-04-30,1,standard,40.0,543,1,monthly,credit_card,1,543.0,0,1292,2022,0.0735,0-3,0,0.5
C104327,2023-05-24,2025-01-28,20,basic,19.83,216,1,monthly,debit_card,0,10.8,0,288,2023,0.0914,13-24,0,0.048
C104328,2020-12-30,2021-11-29,11,standard,45.69,512,1,annual,credit_card,0,46.55,0,1444,2020,0.0891,7-12,0,0.083
C104329,2024-08-08,2024-09-22,1,basic,21.27,228,2,monthly,paypal,0,228.0,0,416,2024,0.0929,0-3,0,1.0
C104330,2022-12-31,2024-01-18,12,premium,79.24,1141,1,monthly,credit_card,0,95.08,0,664,2022,0.0694,7-12,1,0.077
C104331,2020-02-02,2020-10-17,8,basic,20.5,249,3,annual,credit_card,1,31.12,1,1852,2020,0.082,7-12,0,0.333
C104332,2024-05-12,2025-04-02,10,basic,21.5,112,3,monthly,credit_card,0,11.2,1,224,2024,0.1903,7-12,0,0.273
C104333,2018-02-19,2019-04-09,13,basic,19.77,187,3,annual,credit_card,0,14.38,1,2409,2018,0.1052,13-24,0,0.214
C104334,2020-06-24,2020-11-23,5,standard,35.23,410,1,monthly,debit_card,1,82.0,0,1815,2020,0.0857,4-6,0,0.167
C104335,2019-07-18,2020-03-26,8,premium,76.9,1114,0,monthly,bank_transfer,1,139.25,0,2057,2019,0.069,7-12,1,0.0
C104336,2020-02-22,2024-10-10,56,premium,79.93,1320,1,monthly,debit_card,0,23.57,0,398,2020,0.0605,24+,1,0.018
C104337,2024-12-07,2025-07-10,7,basic,16.32,185,2,monthly,paypal,0,26.43,0,125,2024,0.0877,7-12,0,0.25
C104338,2023-08-03,2024-07-10,11,premium,84.52,956,1,monthly,credit_card,0,86.91,0,490,2023,0.0883,7-12,1,0.083
C104339,2023-01-06,2023-12-05,11,standard,40.27,451,0,monthly,credit_card,0,41.0,0,708,2023,0.0891,7-12,0,0.0
C104340,2019-08-07,2020-11-13,15,standard,41.36,562,2,monthly,bank_transfer,0,37.47,0,1825,2019,0.0735,13-24,0,0.125
C104341,2021-08-12,2021-12-26,4,standard,39.72,502,1,annual,credit_card,0,125.5,0,1417,2021,0.079,4-6,0,0.2
C104342,2018-08-24,2019-03-17,6,basic,19.24,201,0,monthly,bank_transfer,1,33.5,0,2432,2018,0.0952,4-6,0,0.0
C104343,2023-10-05,2024-07-05,9,premium,79.16,1162,0,annual,credit_card,0,129.11,0,495,2023,0.0681,7-12,1,0.0
C104344,2023-04-27,2025-11-07,30,basic,23.4,149,4,annual,credit_card,0,4.97,1,5,2023,0.156,24+,0,0.129
C104345,2018-12-26,2020-06-01,17,basic,21.68,101,5,monthly,bank_transfer,1,5.94,1,1990,2018,0.2125,13-24,0,0.278
C104346,2023-04-15,2024-04-28,12,basic,21.4,104,0,monthly,paypal,1,8.67,0,563,2023,0.2038,7-12,0,0.0
C104347,2018-04-20,2021-03-17,35,basic,20.38,279,2,annual,paypal,0,7.97,0,1701,2018,0.0728,24+,0,0.056
C104348,2018-07-11,2019-06-03,10,basic,24.07,215,1,monthly,bank_transfer,1,21.5,0,2354,2018,0.1114,7-12,0,0.091
C104349,2020-06-22,2023-01-21,31,basic,19.97,153,2,monthly,bank_transfer,1,4.94,0,1026,2020,0.1297,24+,0,0.062
C104350,2021-01-21,2023-05-17,28,premium,86.23,919,0,monthly,credit_card,0,32.82,0,910,2021,0.0937,24+,1,0.0
C104351,2020-05-11,2022-09-13,28,basic,22.32,73,3,monthly,credit_card,1,2.61,1,1156,2020,0.3016,24+,0,0.103
C104352,2020-12-19,2022-11-28,23,basic,19.69,224,0,annual,paypal,0,9.74,0,1080,2020,0.0875,13-24,0,0.0
C104353,2019-10-12,2022-04-25,30,standard,39.67,441,0,monthly,credit_card,1,14.7,0,1297,2019,0.0898,24+,0,0.0
C104354,2018-02-08,2020-05-29,28,basic,19.32,152,2,monthly,paypal,0,5.43,0,1993,2018,0.1263,24+,0,0.069
C104355,2019-09-29,2021-03-25,18,basic,22.57,163,2,annual,bank_transfer,0,9.06,0,1693,2019,0.1376,13-24,0,0.105
C104356,2020-11-02,2026-03-14,65,basic,21.82,306,4,monthly,debit_card,0,4.71,1,-122,2020,0.0711,24+,0,0.061
C104357,2018-02-05,2026-09-17,104,basic,21.91,200,2,monthly,credit_card,0,1.92,0,-309,2018,0.109,24+,0,0.019
C104358,2023-11-19,2025-09-14,22,premium,83.38,950,2,monthly,credit_card,0,43.18,0,59,2023,0.0877,13-24,1,0.087
C104359,2021-09-23,2022-04-07,6,basic,18.83,183,2,monthly,credit_card,0,30.5,0,1315,2021,0.1023,4-6,0,0.286
C104360,2023-06-07,2024-09-23,15,standard,38.16,466,1,annual,paypal,0,31.07,0,415,2023,0.0817,13-24,0,0.062
C104361,2018-06-15,2018-11-26,5,basic,12.74,276,3,monthly,bank_transfer,0,55.2,1,2543,2018,0.046,4-6,0,0.5
C104362,2024-08-27,2028-09-15,49,basic,24.77,151,2,monthly,paypal,0,3.08,0,-1038,2024,0.163,24+,0,0.04
C104363,2023-02-23,2030-07-26,90,premium,78.21,1274,1,monthly,debit_card,0,14.16,0,-1717,2023,0.0613,24+,1,0.011
C104364,2018-01-31,2023-02-25,61,basic,18.79,131,2,monthly,credit_card,0,2.15,0,991,2018,0.1423,24+,0,0.032
C104365,2018-01-11,2018-09-16,8,standard,40.95,601,2,monthly,paypal,0,75.12,0,2614,2018,0.068,7-12,0,0.222
C104366,2023-07-05,2027-04-30,46,premium,79.67,1226,0,monthly,paypal,0,26.65,0,-534,2023,0.0649,24+,1,0.0
C104367,2023-11-14,2027-04-01,41,standard,39.76,560,1,monthly,credit_card,0,13.66,0,-505,2023,0.0709,24+,0,0.024
C104368,2024-11-05,2025-12-05,13,standard,37.81,534,4,annual,credit_card,0,41.08,1,-23,2024,0.0707,13-24,0,0.286
C104369,2024-02-18,2026-06-24,28,standard,37.94,512,2,annual,debit_card,1,18.29,0,-224,2024,0.074,24+,0,0.069
C104370,2019-05-01,2020-05-01,12,standard,40.8,617,1,annual,credit_card,1,51.42,0,2021,2019,0.066,7-12,0,0.077
C104371,2021-07-13,2025-04-28,46,basic,27.92,238,3,monthly,credit_card,0,5.17,1,198,2021,0.1168,24+,0,0.064
C104372,2021-12-18,2022-01-27,1,basic,23.09,224,2,monthly,bank_transfer,0,224.0,0,1385,2021,0.1026,0-3,0,1.0
C104373,2024-04-04,2027-07-02,39,basic,15.9,174,0,annual,credit_card,0,4.46,0,-597,2024,0.0909,24+,0,0.0
C104374,2023-04-28,2025-12-22,32,standard,39.25,656,2,monthly,bank_transfer,0,20.5,0,-40,2023,0.0597,24+,0,0.061
C104375,2023-05-18,2025-04-24,23,basic,19.47,226,0,annual,debit_card,0,9.83,0,202,2023,0.0858,13-24,0,0.0
C104376,2023-01-26,2023-05-30,4,standard,43.89,542,1,annual,bank_transfer,0,135.5,0,897,2023,0.0808,4-6,0,0.2
C104377,2022-01-09,2022-02-27,1,premium,83.01,1098,0,annual,credit_card,0,1098.0,0,1354,2022,0.0755,0-3,1,0.0
C104378,2021-09-28,2026-05-01,55,standard,40.93,517,1,monthly,debit_card,0,9.4,0,-170,2021,0.079,24+,0,0.018
C104379,2020-09-17,2021-07-24,10,basic,17.03,209,2,annual,paypal,0,20.9,0,1572,2020,0.0811,7-12,0,0.182
C104380,2020-04-04,2020-09-26,5,standard,43.49,429,0,monthly,credit_card,0,85.8,0,1873,2020,0.1011,4-6,0,0.0
C104381,2022-01-02,2023-08-18,19,standard,35.76,461,2,annual,paypal,0,24.26,0,817,2022,0.0774,13-24,0,0.1
C104382,2023-11-24,2024-02-06,2,basic,18.82,91,1,monthly,credit_card,0,45.5,0,645,2023,0.2046,0-3,0,0.333
C104383,2024-02-07,2024-07-23,5,basic,17.55,157,4,monthly,debit_card,0,31.4,1,477,2024,0.1111,4-6,0,0.667
C104384,2024-02-10,2026-12-20,34,standard,38.24,610,1,monthly,credit_card,0,17.94,0,-403,2024,0.0626,24+,0,0.029
C104385,2018-08-14,2019-01-18,5,standard,36.08,386,0,monthly,credit_card,0,77.2,0,2490,2018,0.0932,4-6,0,0.0
C104386,2020-02-16,2022-12-24,34,basic,19.27,148,1,monthly,credit_card,0,4.35,0,1054,2020,0.1293,24+,0,0.029
C104387,2021-01-17,2024-04-17,39,basic,21.88,227,1,monthly,paypal,0,5.82,0,574,2021,0.096,24+,0,0.025
C104388,2019-11-19,2025-03-21,64,standard,41.61,525,3,monthly,debit_card,0,8.2,1,236,2019,0.0791,24+,0,0.046
C104389,2019-06-14,2019-08-07,1,basic,18.53,240,0,annual,bank_transfer,0,240.0,0,2289,2019,0.0769,0-3,0,0.0
C104390,2020-08-29,2021-08-03,11,basic,20.43,285,1,monthly,credit_card,0,25.91,0,1562,2020,0.0714,7-12,0,0.083
C104391,2020-07-24,2025-10-18,63,premium,71.31,1296,2,monthly,paypal,0,20.57,0,25,2020,0.055,24+,1,0.031
C104392,2021-11-23,2022-12-13,12,standard,36.11,579,0,monthly,debit_card,1,48.25,0,1065,2021,0.0623,7-12,0,0.0
C104393,2023-11-24,2025-06-03,18,premium,81.42,1465,0,monthly,paypal,0,81.39,0,162,2023,0.0555,13-24,1,0.0
C104394,2021-07-18,2025-11-06,52,basic,15.21,113,3,monthly,paypal,0,2.17,1,6,2021,0.1334,24+,0,0.057
C104395,2023-06-22,2023-10-22,4,standard,40.4,499,2,annual,paypal,0,124.75,0,752,2023,0.0808,4-6,0,0.4
C104396,2022-03-07,2023-02-26,11,standard,39.91,428,4,annual,paypal,0,38.91,1,990,2022,0.093,7-12,0,0.333
C104397,2019-11-10,2021-12-21,25,premium,86.0,1242,1,monthly,credit_card,0,49.68,0,1422,2019,0.0692,24+,1,0.038
C104398,2024-09-06,2027-04-06,31,standard,44.33,484,1,monthly,credit_card,0,15.61,0,-510,2024,0.0914,24+,0,0.031
C104399,2018-02-09,2019-01-16,11,basic,23.25,195,0,monthly,debit_card,0,17.73,0,2492,2018,0.1186,7-12,0,0.0
C104400,2021-01-10,2022-12-16,23,standard,34.81,437,1,monthly,debit_card,0,19.0,0,1062,2021,0.0795,13-24,0,0.042
C104401,2020-04-24,2020-06-10,1,standard,34.88,581,0,monthly,debit_card,0,581.0,0,1981,2020,0.0599,0-3,0,0.0
C104402,2022-10-10,2023-01-27,3,premium,80.04,1142,0,monthly,paypal,0,380.67,0,1020,2022,0.07,0-3,1,0.0
C104403,2024-02-27,2025-02-16,11,basic,22.69,268,1,monthly,credit_card,0,24.36,0,269,2024,0.0843,7-12,0,0.083
C104404,2019-03-23,2019-12-15,8,standard,40.17,536,1,monthly,credit_card,0,67.0,0,2159,2019,0.0748,7-12,0,0.111
C104405,2021-05-19,2021-07-07,1,premium,82.61,1259,2,monthly,paypal,0,1259.0,0,1589,2021,0.0656,0-3,1,1.0
C104406,2024-10-27,2025-04-25,6,standard,38.96,428,1,monthly,credit_card,0,71.33,0,201,2024,0.0908,4-6,0,0.143
C104407,2021-09-12,2022-03-30,6,standard,38.14,467,1,monthly,credit_card,0,77.83,0,1323,2021,0.0815,4-6,0,0.143
C104408,2018-08-15,2019-06-01,9,basic,20.52,148,1,monthly,credit_card,0,16.44,0,2356,2018,0.1377,7-12,0,0.1
C104409,2018-02-17,2019-09-05,18,basic,16.44,168,1,annual,credit_card,0,9.33,0,2260,2018,0.0973,13-24,0,0.053
C104410,2022-01-02,2027-02-05,62,standard,38.06,501,0,annual,paypal,0,8.08,0,-450,2022,0.0758,24+,0,0.0
C104411,2023-01-05,2023-05-09,4,premium,81.95,1221,0,annual,credit_card,1,305.25,0,918,2023,0.0671,4-6,1,0.0
C104412,2018-07-06,2024-09-09,75,premium,80.56,1033,0,annual,credit_card,0,13.77,0,429,2018,0.0779,24+,1,0.0
C104413,2024-07-20,2025-06-20,11,standard,39.21,557,2,monthly,credit_card,0,50.64,0,145,2024,0.0703,7-12,0,0.167
C104414,2024-03-21,2026-05-22,26,premium,80.59,1298,0,annual,debit_card,0,49.92,0,-191,2024,0.062,24+,1,0.0
C104415,2024-12-10,2029-01-24,50,standard,43.46,520,0,annual,credit_card,1,10.4,0,-1169,2024,0.0834,24+,0,0.0
C104416,2023-04-17,2027-01-09,45,premium,82.52,1045,0,monthly,bank_transfer,0,23.22,0,-423,2023,0.0789,24+,1,0.0
C104417,2020-04-28,2027-04-13,84,premium,81.05,1125,0,monthly,debit_card,0,13.39,0,-517,2020,0.072,24+,1,0.0
C104418,2023-07-26,2026-05-21,34,premium,81.86,1463,0,annual,debit_card,0,43.03,0,-190,2023,0.0559,24+,1,0.0
C104419,2021-06-06,2023-03-11,21,premium,78.43,1330,0,monthly,credit_card,0,63.33,0,977,2021,0.0589,13-24,1,0.0
C104420,2021-11-14,2022-01-09,1,standard,38.69,435,2,monthly,paypal,0,435.0,0,1403,2021,0.0887,0-3,0,1.0
C104421,2020-09-05,2021-03-14,6,standard,48.59,509,1,annual,credit_card,0,84.83,0,1704,2020,0.0953,4-6,0,0.143
C104422,2022-06-01,2026-02-21,45,basic,16.3,245,2,monthly,paypal,0,5.44,0,-101,2022,0.0663,24+,0,0.043
C104423,2020-10-13,2021-06-25,8,basic,23.46,302,0,monthly,credit_card,0,37.75,0,1601,2020,0.0774,7-12,0,0.0
C104424,2024-02-14,2025-08-24,18,basic,18.97,162,2,monthly,debit_card,0,9.0,0,80,2024,0.1164,13-24,0,0.105
C104425,2023-02-25,2024-09-06,18,standard,39.6,606,4,monthly,debit_card,0,33.67,1,432,2023,0.0652,13-24,0,0.211
C104426,2018-09-27,2025-10-02,85,standard,43.94,425,1,monthly,credit_card,0,5.0,0,41,2018,0.1031,24+,0,0.012
C104427,2022-06-19,2023-10-17,16,basic,22.02,309,0,annual,credit_card,1,19.31,0,757,2022,0.071,13-24,0,0.0
C104428,2018-11-06,2020-08-21,21,basic,15.97,257,2,annual,credit_card,1,12.24,0,1909,2018,0.0619,13-24,0,0.091
C104429,2023-08-06,2026-07-21,36,basic,14.22,191,5,monthly,credit_card,1,5.31,1,-251,2023,0.0741,24+,0,0.135
C104430,2022-04-24,2023-04-27,12,basic,19.7,271,0,monthly,paypal,0,22.58,0,930,2022,0.0724,7-12,0,0.0
C104431,2020-12-31,2021-09-02,8,basic,23.48,88,0,annual,debit_card,1,11.0,0,1532,2020,0.2638,7-12,0,0.0
C104432,2022-08-23,2023-11-25,15,basic,19.98,226,0,monthly,bank_transfer,0,15.07,0,718,2022,0.088,13-24,0,0.0
C104433,2024-12-08,2027-08-24,32,basic,22.77,148,2,monthly,debit_card,0,4.62,0,-650,2024,0.1528,24+,0,0.061
C104434,2021-12-16,2023-09-09,21,premium,79.94,1034,0,monthly,bank_transfer,0,49.24,0,795,2021,0.0772,13-24,1,0.0
C104435,2023-12-08,2024-05-07,5,premium,78.58,1179,0,monthly,debit_card,1,235.8,0,554,2023,0.0666,4-6,1,0.0
C104436,2018-08-08,2018-10-20,2,basic,20.82,319,1,monthly,debit_card,0,159.5,0,2580,2018,0.0651,0-3,0,0.333
C104437,2018-02-22,2020-09-11,31,basic,21.54,169,6,monthly,bank_transfer,0,5.45,1,1888,2018,0.1267,24+,0,0.188
C104438,2022-10-24,2023-09-23,11,standard,46.43,435,0,monthly,credit_card,0,39.55,0,781,2022,0.1065,7-12,0,0.0
C104439,2022-01-14,2029-02-02,85,premium,80.38,948,0,monthly,credit_card,0,11.15,0,-1178,2022,0.0847,24+,1,0.0
C104440,2022-07-25,2025-01-01,29,basic,19.38,16,1,annual,credit_card,0,0.55,0,315,2022,1.14,24+,0,0.033
C104441,2021-06-14,2024-07-03,37,basic,21.41,198,2,monthly,debit_card,1,5.35,0,497,2021,0.1076,24+,0,0.053
C104442,2019-12-21,2020-12-13,11,premium,77.3,1505,0,monthly,paypal,0,136.82,0,1795,2019,0.0513,7-12,1,0.0
C104443,2019-02-10,2019-04-10,1,standard,37.43,586,2,annual,paypal,1,586.0,0,2408,2019,0.0638,0-3,0,1.0
C104444,2024-10-05,2027-01-06,27,basic,19.41,174,0,monthly,bank_transfer,0,6.44,0,-420,2024,0.1109,24+,0,0.0
C104445,2024-04-13,2027-09-17,41,basic,18.52,312,1,monthly,debit_card,0,7.61,0,-674,2024,0.0592,24+,0,0.024
C104446,2018-03-13,2022-03-11,48,standard,39.87,681,0,monthly,credit_card,0,14.19,0,1342,2018,0.0585,24+,0,0.0
C104447,2023-01-28,2023-07-04,5,basic,17.65,216,1,monthly,credit_card,1,43.2,0,862,2023,0.0813,4-6,0,0.167
C104448,2024-02-11,2031-04-01,86,premium,75.14,1466,1,monthly,debit_card,0,17.05,0,-1966,2024,0.0512,24+,1,0.011
C104449,2023-08-16,2027-04-16,44,standard,38.75,526,4,monthly,debit_card,0,11.95,1,-520,2023,0.0735,24+,0,0.089
C104450,2021-05-14,2023-08-18,27,basic,20.78,292,3,monthly,paypal,0,10.81,1,817,2021,0.0709,24+,0,0.107
C104451,2022-04-17,2024-05-07,25,standard,43.07,431,2,monthly,debit_card,0,17.24,0,554,2022,0.0997,24+,0,0.077
C104452,2019-01-22,2021-04-15,27,standard,41.72,540,1,monthly,debit_card,0,20.0,0,1672,2019,0.0771,24+,0,0.036
C104453,2022-11-27,2025-06-20,31,basic,17.26,250,5,monthly,paypal,0,8.06,1,145,2022,0.0688,24+,0,0.156
C104454,2019-11-30,2020-08-30,9,premium,86.88,1464,1,monthly,paypal,0,162.67,0,1900,2019,0.0593,7-12,1,0.1
C104455,2021-04-15,2021-09-02,4,basic,21.65,254,1,annual,bank_transfer,0,63.5,0,1532,2021,0.0849,4-6,0,0.2
C104456,2020-04-06,2024-06-03,50,basic,13.95,214,0,monthly,credit_card,0,4.28,0,527,2020,0.0649,24+,0,0.0
C104457,2022-12-28,2024-08-07,19,basic,16.78,166,1,monthly,credit_card,0,8.74,0,462,2022,0.1005,13-24,0,0.05
C104458,2018-12-15,2021-03-10,27,premium,78.2,1260,0,monthly,debit_card,1,46.67,0,1708,2018,0.062,24+,1,0.0
C104459,2021-07-02,2021-09-05,2,basic,15.12,151,2,annual,credit_card,0,75.5,0,1529,2021,0.0995,0-3,0,0.667
C104460,2018-11-04,2019-08-06,9,basic,21.4,218,0,monthly,credit_card,0,24.22,0,2290,2018,0.0977,7-12,0,0.0
C104461,2021-02-24,2021-06-10,3,standard,40.2,440,1,monthly,debit_card,0,146.67,0,1616,2021,0.0912,0-3,0,0.25
C104462,2023-05-15,2029-07-08,74,premium,82.16,1365,0,monthly,debit_card,1,18.45,0,-1334,2023,0.0601,24+,1,0.0
C104463,2024-05-23,2028-06-21,49,standard,39.32,541,4,monthly,paypal,0,11.04,1,-952,2024,0.0725,24+,0,0.08
C104464,2020-02-05,2020-04-06,2,premium,78.35,1293,0,annual,debit_card,0,646.5,0,2046,2020,0.0605,0-3,1,0.0
C104465,2019-12-26,2024-01-05,49,basic,19.96,209,1,monthly,credit_card,0,4.27,0,677,2019,0.095,24+,0,0.02
C104466,2022-06-08,2024-04-16,22,standard,42.53,500,2,monthly,credit_card,1,22.73,0,575,2022,0.0849,13-24,0,0.087
C104467,2019-01-18,2019-02-24,1,standard,33.63,400,1,monthly,credit_card,1,400.0,0,2453,2019,0.0839,0-3,0,0.5
C104468,2024-09-01,2026-04-09,19,standard,37.41,501,3,monthly,credit_card,0,26.37,1,-148,2024,0.0745,13-24,0,0.15
C104469,2019-06-09,2023-05-22,48,premium,79.04,1207,0,annual,credit_card,0,25.15,0,905,2019,0.0654,24+,1,0.0
C104470,2018-10-03,2020-06-01,20,standard,40.46,407,0,annual,debit_card,0,20.35,0,1990,2018,0.0992,13-24,0,0.0
C104471,2024-12-22,2025-03-03,2,premium,84.03,1357,0,monthly,debit_card,1,678.5,0,254,2024,0.0619,0-3,1,0.0
C104472,2018-12-03,2019-11-23,11,premium,79.74,1337,0,monthly,credit_card,0,121.55,0,2181,2018,0.0596,7-12,1,0.0
C104473,2023-05-28,2023-12-30,7,standard,35.22,356,2,monthly,credit_card,1,50.86,0,683,2023,0.0987,7-12,0,0.25
C104474,2019-04-26,2019-06-15,1,basic,11.91,149,0,monthly,bank_transfer,1,149.0,0,2342,2019,0.0794,0-3,0,0.0
C104475,2020-06-29,2021-11-21,17,standard,39.69,575,0,monthly,credit_card,0,33.82,0,1452,2020,0.0689,13-24,0,0.0
C104476,2023-06-20,2024-10-24,16,basic,25.01,319,2,annual,credit_card,0,19.94,0,384,2023,0.0782,13-24,0,0.118
C104477,2021-09-13,2022-04-22,7,basic,19.51,210,4,annual,credit_card,0,30.0,1,1300,2021,0.0925,7-12,0,0.5
C104478,2023-07-27,2023-08-27,1,basic,17.99,182,1,annual,debit_card,0,182.0,0,808,2023,0.0983,0-3,0,0.5
C104479,2022-10-21,2027-05-16,55,basic,20.6,207,3,monthly,credit_card,0,3.76,1,-550,2022,0.099,24+,0,0.054
C104480,2018-04-19,2018-07-29,3,standard,44.21,439,1,monthly,credit_card,0,146.33,0,2663,2018,0.1005,0-3,0,0.25
C104481,2018-11-24,2022-10-12,47,standard,38.85,483,1,monthly,paypal,0,10.28,0,1127,2018,0.0803,24+,0,0.021
C104482,2022-12-05,2024-09-26,22,standard,40.99,453,3,monthly,paypal,0,20.59,1,412,2022,0.0903,13-24,0,0.13
C104483,2018-11-11,2019-11-12,12,standard,44.36,508,1,monthly,credit_card,1,42.33,0,2192,2018,0.0872,7-12,0,0.077
C104484,2021-02-08,2021-08-08,6,premium,83.15,1415,1,annual,credit_card,0,235.83,0,1557,2021,0.0587,4-6,1,0.143
C104485,2020-02-20,2021-02-07,11,standard,38.21,408,4,monthly,debit_card,0,37.09,1,1739,2020,0.0934,7-12,0,0.333
C104486,2022-03-01,2024-05-10,26,standard,38.43,664,1,annual,paypal,0,25.54,0,551,2022,0.0578,24+,0,0.037
C104487,2018-06-05,2020-03-19,21,standard,41.12,458,1,monthly,credit_card,0,21.81,0,2064,2018,0.0896,13-24,0,0.045
C104488,2022-02-05,2022-05-07,3,standard,39.41,433,1,annual,paypal,1,144.33,0,1285,2022,0.0908,0-3,0,0.25
C104489,2022-09-21,2022-12-01,2,premium,79.55,1334,0,monthly,credit_card,1,667.0,0,1077,2022,0.0596,0-3,1,0.0
C104490,2020-06-05,2021-12-25,18,standard,40.82,471,1,annual,debit_card,0,26.17,0,1418,2020,0.0865,13-24,0,0.053
C104491,2019-12-23,2020-09-29,9,standard,38.39,452,3,annual,debit_card,0,50.22,1,1870,2019,0.0847,7-12,0,0.3
C104492,2020-07-01,2024-12-11,54,basic,19.84,176,2,annual,debit_card,0,3.26,0,336,2020,0.1121,24+,0,0.036
C104493,2020-05-20,2021-07-13,13,basic,20.34,191,2,monthly,credit_card,0,14.69,0,1583,2020,0.1059,13-24,0,0.143
C104494,2018-01-13,2018-08-11,7,basic,18.59,225,3,annual,credit_card,1,32.14,1,2650,2018,0.0823,7-12,0,0.375
C104495,2019-05-13,2019-07-11,1,basic,20.51,132,1,monthly,credit_card,0,132.0,0,2316,2019,0.1542,0-3,0,0.5
C104496,2022-10-23,2022-12-26,2,basic,15.46,139,2,annual,credit_card,0,69.5,0,1052,2022,0.1104,0-3,0,0.667
C104497,2024-04-04,2026-02-24,23,standard,42.06,393,1,annual,paypal,0,17.09,0,-104,2024,0.1068,13-24,0,0.042
C104498,2021-01-22,2026-09-18,68,standard,39.01,518,1,annual,paypal,0,7.62,0,-310,2021,0.0752,24+,0,0.014
C104499,2021-04-09,2024-02-17,34,standard,41.09,511,5,monthly,credit_card,1,15.03,1,634,2021,0.0803,24+,0,0.143
C104500,2023-06-28,2023-08-16,1,basic,17.19,269,1,monthly,debit_card,0,269.0,0,819,2023,0.0637,0-3,0,0.5
C104501,2022-07-06,2026-08-09,49,basic,18.43,278,1,monthly,paypal,0,5.67,0,-270,2022,0.0661,24+,0,0.02
C104502,2022-05-10,2023-10-12,17,basic,26.39,144,3,annual,credit_card,1,8.47,1,762,2022,0.182,13-24,0,0.167
C104503,2022-01-30,2022-05-14,3,basic,17.87,199,3,monthly,credit_card,0,66.33,1,1278,2022,0.0894,0-3,0,0.75
C104504,2018-05-23,2023-02-20,57,standard,39.15,481,1,annual,credit_card,0,8.44,0,996,2018,0.0812,24+,0,0.017
C104505,2021-05-09,2021-06-26,1,premium,81.31,1458,0,annual,debit_card,1,1458.0,0,1600,2021,0.0557,0-3,1,0.0
C104506,2024-12-01,2027-02-23,27,basic,19.17,303,0,monthly,debit_card,0,11.22,0,-468,2024,0.0631,24+,0,0.0
C104507,2019-07-19,2019-08-21,1,premium,90.12,1411,0,monthly,debit_card,0,1411.0,0,2275,2019,0.0638,0-3,1,0.0
C104508,2024-11-23,2027-06-04,30,standard,38.63,463,1,monthly,paypal,0,15.43,0,-569,2024,0.0833,24+,0,0.032
C104509,2024-08-28,2027-09-10,36,standard,41.97,518,1,monthly,credit_card,1,14.39,0,-667,2024,0.0809,24+,0,0.027
C104510,2022-09-12,2022-11-19,2,basic,19.04,186,1,monthly,paypal,0,93.0,0,1089,2022,0.1018,0-3,0,0.333
C104511,2019-02-21,2023-03-26,49,standard,39.74,437,2,monthly,credit_card,1,8.92,0,962,2019,0.0907,24+,0,0.04
C104512,2023-01-23,2026-03-23,38,standard,41.19,477,1,monthly,debit_card,0,12.55,0,-131,2023,0.0862,24+,0,0.026
C104513,2024-06-13,2024-11-30,5,basic,16.56,183,3,monthly,debit_card,0,36.6,1,347,2024,0.09,4-6,0,0.5
C104514,2022-09-14,2025-02-20,29,basic,22.25,156,2,monthly,debit_card,0,5.38,0,265,2022,0.1417,24+,0,0.067
C104515,2021-10-22,2022-04-16,5,standard,34.39,459,0,monthly,credit_card,0,91.8,0,1306,2021,0.0748,4-6,0,0.0
C104516,2020-12-03,2026-01-30,62,basic,13.25,251,3,annual,paypal,0,4.05,1,-79,2020,0.0526,24+,0,0.048
C104517,2023-02-10,2025-09-27,32,basic,15.47,113,0,annual,credit_card,0,3.53,0,46,2023,0.1357,24+,0,0.0
C104518,2021-01-26,2024-01-16,36,basic,22.06,240,1,monthly,credit_card,0,6.67,0,666,2021,0.0915,24+,0,0.027
C104519,2021-07-12,2021-08-23,1,basic,20.99,156,0,annual,credit_card,1,156.0,0,1542,2021,0.1337,0-3,0,0.0
C104520,2022-12-12,2026-12-27,49,basic,22.66,196,2,annual,credit_card,0,4.0,0,-410,2022,0.115,24+,0,0.04
C104521,2023-12-28,2027-09-19,45,basic,17.53,170,2,monthly,paypal,0,3.78,0,-676,2023,0.1025,24+,0,0.043
C104522,2022-02-13,2022-05-12,2,basic,19.48,220,1,monthly,credit_card,0,110.0,0,1280,2022,0.0881,0-3,0,0.333
C104523,2020-10-13,2020-11-17,1,premium,79.52,1109,0,monthly,credit_card,1,1109.0,0,1821,2020,0.0716,0-3,1,0.0
C104524,2020-08-10,2022-06-30,22,basic,23.64,192,0,monthly,credit_card,0,8.73,0,1231,2020,0.1225,13-24,0,0.0
C104525,2018-03-13,2022-05-15,50,standard,38.1,545,0,monthly,credit_card,0,10.9,0,1277,2018,0.0698,24+,0,0.0
C104526,2022-08-18,2023-02-03,5,basic,21.36,146,0,monthly,credit_card,0,29.2,0,1013,2022,0.1453,4-6,0,0.0
C104527,2021-07-15,2021-08-24,1,standard,45.03,618,1,monthly,paypal,0,618.0,0,1541,2021,0.0727,0-3,0,0.5
C104528,2021-09-06,2022-11-28,14,standard,41.95,429,1,monthly,credit_card,0,30.64,0,1080,2021,0.0976,13-24,0,0.067
C104529,2023-11-25,2025-06-29,19,standard,37.84,518,1,monthly,debit_card,0,27.26,0,136,2023,0.0729,13-24,0,0.05
C104530,2020-06-01,2025-10-29,65,premium,83.28,1025,1,monthly,bank_transfer,0,15.77,0,14,2020,0.0812,24+,1,0.015
C104531,2018-05-19,2021-05-13,36,standard,40.26,503,0,monthly,credit_card,0,13.97,0,1644,2018,0.0799,24+,0,0.0
C104532,2024-05-09,2026-01-26,20,basic,21.75,210,4,monthly,credit_card,0,10.5,1,-75,2024,0.1031,13-24,0,0.19
C104533,2022-02-13,2024-03-01,24,basic,23.07,173,0,monthly,credit_card,0,7.21,0,621,2022,0.1326,13-24,0,0.0
C104534,2024-09-29,2028-12-24,51,basic,19.32,284,2,monthly,bank_transfer,0,5.57,0,-1138,2024,0.0678,24+,0,0.038
C104535,2024-12-28,2025-12-08,11,standard,38.97,506,2,monthly,credit_card,0,46.0,0,-26,2024,0.0769,7-12,0,0.167
C104536,2020-01-03,2020-09-13,8,basic,20.01,116,1,annual,paypal,0,14.5,0,1886,2020,0.171,7-12,0,0.111
C104537,2022-10-15,2024-01-22,15,standard,41.84,563,3,annual,debit_card,0,37.53,1,660,2022,0.0742,13-24,0,0.188
C104538,2019-02-28,2019-04-25,1,basic,26.64,261,3,annual,bank_transfer,0,261.0,1,2393,2019,0.1017,0-3,0,1.5
C104539,2022-05-11,2023-10-22,17,basic,17.3,249,2,annual,bank_transfer,0,14.65,0,752,2022,0.0692,13-24,0,0.111
C104540,2019-01-25,2020-07-12,17,standard,36.13,614,2,monthly,paypal,0,36.12,0,1949,2019,0.0587,13-24,0,0.111
C104541,2018-12-08,2023-01-30,50,standard,44.76,459,0,monthly,paypal,0,9.18,0,1017,2018,0.0973,24+,0,0.0
C104542,2020-08-03,2020-12-27,4,basic,18.88,180,0,monthly,credit_card,1,45.0,0,1781,2020,0.1043,4-6,0,0.0
C104543,2019-09-06,2025-04-10,68,basic,22.34,152,2,monthly,debit_card,0,2.24,0,216,2019,0.146,24+,0,0.029
C104544,2019-05-08,2019-06-12,1,standard,39.02,443,0,annual,debit_card,0,443.0,0,2345,2019,0.0879,0-3,0,0.0
C104545,2018-07-11,2018-09-06,1,basic,24.22,169,4,annual,credit_card,1,169.0,1,2624,2018,0.1425,0-3,0,2.0
C104546,2019-05-14,2019-09-02,3,standard,38.35,435,0,monthly,paypal,0,145.0,0,2263,2019,0.088,0-3,0,0.0
C104547,2020-04-01,2027-07-12,88,basic,22.3,219,3,annual,debit_card,0,2.49,1,-607,2020,0.1014,24+,0,0.034
C104548,2022-10-02,2025-04-01,30,standard,41.28,527,2,monthly,debit_card,0,17.57,0,225,2022,0.0782,24+,0,0.065
C104549,2021-06-10,2022-03-12,9,standard,38.33,451,3,annual,credit_card,1,50.11,1,1341,2021,0.0848,7-12,0,0.3
C104550,2023-05-23,2025-08-02,26,basic,18.06,174,1,monthly,credit_card,0,6.69,0,102,2023,0.1032,24+,0,0.037
C104551,2018-08-15,2019-11-09,15,standard,43.0,558,2,monthly,credit_card,1,37.2,0,2195,2018,0.0769,13-24,0,0.125
C104552,2021-10-26,2022-04-24,6,premium,82.93,973,1,annual,credit_card,0,162.17,0,1298,2021,0.0851,4-6,1,0.143
C104553,2023-12-27,2026-01-03,24,premium,79.31,1453,0,annual,credit_card,0,60.54,0,-52,2023,0.0545,13-24,1,0.0
C104554,2020-03-27,2023-06-21,39,standard,36.29,522,0,monthly,credit_card,0,13.38,0,875,2020,0.0694,24+,0,0.0
C104555,2022-01-13,2022-04-30,3,standard,45.41,356,2,monthly,credit_card,0,118.67,0,1292,2022,0.1272,0-3,0,0.5
C104556,2020-12-22,2021-08-14,7,standard,43.74,476,1,annual,bank_transfer,1,68.0,0,1551,2020,0.0917,7-12,0,0.125
C104557,2018-04-14,2018-06-26,2,basic,18.15,117,0,monthly,credit_card,1,58.5,0,2696,2018,0.1538,0-3,0,0.0
C104558,2023-02-18,2024-12-28,22,standard,36.1,487,2,annual,debit_card,1,22.14,0,319,2023,0.074,13-24,0,0.087
C104559,2020-05-20,2022-05-20,24,basic,20.07,223,2,monthly,credit_card,0,9.29,0,1272,2020,0.0896,13-24,0,0.08
C104560,2019-10-30,2020-07-31,9,basic,18.36,164,1,monthly,debit_card,0,18.22,0,1930,2019,0.1113,7-12,0,0.1
C104561,2023-08-05,2024-01-25,5,standard,39.57,480,0,monthly,credit_card,0,96.0,0,657,2023,0.0823,4-6,0,0.0
C104562,2018-09-30,2019-09-30,12,basic,20.63,208,0,monthly,debit_card,0,17.33,0,2235,2018,0.0987,7-12,0,0.0
C104563,2020-10-26,2023-10-12,36,premium,78.14,1131,0,monthly,debit_card,0,31.42,0,762,2020,0.069,24+,1,0.0
C104564,2024-02-10,2027-01-09,35,premium,81.23,943,0,monthly,credit_card,0,26.94,0,-423,2024,0.086,24+,1,0.0
C104565,2020-11-17,2021-01-13,1,basic,18.19,193,0,monthly,credit_card,1,193.0,0,1764,2020,0.0938,0-3,0,0.0
C104566,2022-04-23,2023-01-03,8,premium,74.79,1261,0,monthly,paypal,1,157.62,0,1044,2022,0.0593,7-12,1,0.0
C104567,2018-10-20,2019-02-28,4,basic,21.95,181,1,annual,bank_transfer,1,45.25,0,2449,2018,0.1206,4-6,0,0.2
C104568,2024-02-03,2025-04-28,15,standard,40.95,343,0,monthly,credit_card,0,22.87,0,198,2024,0.119,13-24,0,0.0
C104569,2023-10-07,2027-11-08,49,basic,19.5,183,1,monthly,credit_card,0,3.73,0,-726,2023,0.106,24+,0,0.02
C104570,2021-07-16,2022-06-02,10,standard,42.18,517,0,monthly,credit_card,0,51.7,0,1259,2021,0.0814,7-12,0,0.0
C104571,2018-11-04,2019-01-31,2,premium,86.09,1329,0,annual,bank_transfer,0,664.5,0,2477,2018,0.0647,0-3,1,0.0
C104572,2020-09-03,2021-07-16,10,premium,79.52,1086,0,monthly,credit_card,0,108.6,0,1580,2020,0.0732,7-12,1,0.0
C104573,2021-06-05,2021-07-13,1,premium,79.0,1167,0,monthly,credit_card,0,1167.0,0,1583,2021,0.0676,0-3,1,0.0
C104574,2021-06-24,2026-05-14,59,basic,24.4,194,3,monthly,debit_card,0,3.29,1,-183,2021,0.1251,24+,0,0.05
C104575,2022-02-26,2022-06-20,3,standard,37.65,453,1,monthly,paypal,0,151.0,0,1241,2022,0.0829,0-3,0,0.25
C104576,2023-11-01,2027-12-10,50,basic,21.19,241,0,monthly,bank_transfer,1,4.82,0,-758,2023,0.0876,24+,0,0.0
C104577,2021-04-24,2021-06-15,1,basic,20.14,244,3,monthly,debit_card,0,244.0,1,1611,2021,0.0822,0-3,0,1.5
C104578,2024-04-18,2027-01-26,33,standard,42.26,572,2,annual,bank_transfer,1,17.33,0,-440,2024,0.0738,24+,0,0.059
C104579,2021-10-10,2026-07-27,58,basic,22.97,245,1,annual,debit_card,0,4.22,0,-257,2021,0.0934,24+,0,0.017
C104580,2022-11-09,2023-05-29,6,standard,40.83,400,1,monthly,bank_transfer,0,66.67,0,898,2022,0.1018,4-6,0,0.143
C104581,2022-09-16,2023-01-07,3,standard,30.03,590,2,annual,paypal,0,196.67,0,1040,2022,0.0508,0-3,0,0.5
C104582,2023-08-05,2025-01-06,17,basic,20.66,266,2,monthly,debit_card,0,15.65,0,310,2023,0.0774,13-24,0,0.111
C104583,2020-03-06,2021-06-25,15,standard,42.35,621,2,monthly,credit_card,0,41.4,0,1601,2020,0.0681,13-24,0,0.125
C104584,2020-06-15,2022-01-23,19,basic,15.68,182,0,annual,credit_card,0,9.58,0,1389,2020,0.0857,13-24,0,0.0
C104585,2023-05-16,2023-10-27,5,basic,17.87,263,2,monthly,bank_transfer,1,52.6,0,747,2023,0.0677,4-6,0,0.333
C104586,2018-07-29,2020-04-15,20,basic,22.62,265,3,monthly,paypal,0,13.25,1,2037,2018,0.085,13-24,0,0.143
C104587,2024-10-30,2025-06-26,7,basic,17.21,123,1,annual,credit_card,0,17.57,0,139,2024,0.1388,7-12,0,0.125
C104588,2024-11-12,2027-02-11,27,basic,22.12,227,0,monthly,paypal,1,8.41,0,-456,2024,0.097,24+,0,0.0
C104589,2020-08-25,2024-04-28,44,standard,42.23,443,1,monthly,bank_transfer,1,10.07,0,563,2020,0.0951,24+,0,0.022
C104590,2019-04-17,2020-07-04,14,standard,39.91,486,1,monthly,credit_card,0,34.71,0,1957,2019,0.082,13-24,0,0.067
C104591,2024-08-14,2024-09-15,1,basic,17.1,154,1,annual,debit_card,0,154.0,0,423,2024,0.1103,0-3,0,0.5
C104592,2020-07-11,2021-07-13,12,standard,44.03,502,1,monthly,debit_card,0,41.83,0,1583,2020,0.0875,7-12,0,0.077
C104593,2018-05-17,2019-12-21,19,basic,15.54,238,0,monthly,paypal,0,12.53,0,2153,2018,0.065,13-24,0,0.0
C104594,2019-01-02,2020-11-27,23,basic,18.47,183,1,monthly,debit_card,0,7.96,0,1811,2019,0.1004,13-24,0,0.042
C104595,2018-07-03,2021-07-08,36,basic,23.38,219,3,monthly,paypal,0,6.08,1,1588,2018,0.1063,24+,0,0.081
C104596,2024-11-24,2025-12-27,13,standard,38.07,580,4,monthly,credit_card,0,44.62,1,-45,2024,0.0655,13-24,0,0.286
C104597,2021-10-30,2022-07-18,8,basic,20.45,268,6,monthly,debit_card,0,33.5,1,1213,2021,0.076,7-12,0,0.667
C104598,2019-06-21,2019-09-07,2,basic,15.55,220,2,monthly,credit_card,0,110.0,0,2258,2019,0.0704,0-3,0,0.667
C104599,2022-05-22,2023-02-26,9,standard,40.88,550,0,monthly,debit_card,0,61.11,0,990,2022,0.0742,7-12,0,0.0
C104600,2021-06-27,2022-03-28,9,standard,40.25,478,2,monthly,debit_card,0,53.11,0,1325,2021,0.084,7-12,0,0.2
C104601,2021-01-01,2022-10-26,22,basic,26.11,168,2,monthly,debit_card,0,7.64,0,1113,2021,0.1545,13-24,0,0.087
C104602,2021-07-29,2022-05-14,9,premium,82.5,1412,0,monthly,debit_card,0,156.89,0,1278,2021,0.0584,7-12,1,0.0
C104603,2020-07-04,2021-02-09,7,standard,47.86,470,0,annual,bank_transfer,0,67.14,0,1737,2020,0.1016,7-12,0,0.0
C104604,2018-06-01,2020-07-03,25,basic,20.16,192,2,annual,credit_card,1,7.68,0,1958,2018,0.1045,24+,0,0.077
C104605,2020-10-25,2021-03-09,4,standard,41.11,453,0,annual,credit_card,0,113.25,0,1709,2020,0.0906,4-6,0,0.0
C104606,2021-05-03,2023-08-01,27,standard,34.84,477,1,monthly,credit_card,0,17.67,0,834,2021,0.0729,24+,0,0.036
C104607,2023-06-01,2028-08-17,63,basic,19.69,139,3,monthly,debit_card,0,2.21,1,-1009,2023,0.1406,24+,0,0.047
C104608,2024-11-16,2026-09-01,21,basic,17.97,187,1,annual,debit_card,0,8.9,0,-293,2024,0.0956,13-24,0,0.045
C104609,2018-09-28,2020-07-14,21,standard,33.85,529,1,annual,paypal,0,25.19,0,1947,2018,0.0639,13-24,0,0.045
C104610,2021-04-01,2023-12-15,32,basic,15.21,197,2,monthly,credit_card,0,6.16,0,698,2021,0.0768,24+,0,0.061
C104611,2019-04-05,2019-12-11,8,premium,82.97,1205,0,annual,bank_transfer,0,150.62,0,2163,2019,0.0688,7-12,1,0.0
C104612,2018-04-15,2019-12-07,20,standard,40.82,505,0,annual,credit_card,0,25.25,0,2167,2018,0.0807,13-24,0,0.0
C104613,2022-09-07,2026-01-21,41,basic,17.61,244,3,monthly,debit_card,0,5.95,1,-70,2022,0.0719,24+,0,0.071
C104614,2024-01-19,2024-04-02,2,basic,21.48,233,3,monthly,debit_card,0,116.5,1,589,2024,0.0918,0-3,0,1.0
C104615,2024-07-26,2026-03-10,19,standard,38.48,504,0,monthly,credit_card,0,26.53,0,-118,2024,0.0762,13-24,0,0.0
C104616,2019-03-10,2019-05-15,2,premium,75.54,1257,0,annual,debit_card,1,628.5,0,2373,2019,0.06,0-3,1,0.0
C104617,2018-05-20,2019-06-26,13,standard,37.68,459,5,monthly,credit_card,1,35.31,1,2331,2018,0.0819,13-24,0,0.357
C104618,2022-02-03,2024-04-03,26,standard,43.83,438,2,monthly,debit_card,1,16.85,0,588,2022,0.0998,24+,0,0.074
C104619,2018-03-28,2019-06-22,15,premium,76.21,1279,0,monthly,credit_card,0,85.27,0,2335,2018,0.0595,13-24,1,0.0
C104620,2022-09-08,2025-08-15,35,standard,37.63,565,3,monthly,credit_card,0,16.14,1,89,2022,0.0665,24+,0,0.083
C104621,2024-02-09,2026-02-17,24,basic,18.95,205,3,monthly,paypal,0,8.54,1,-97,2024,0.092,13-24,0,0.12
C104622,2024-08-12,2026-02-05,18,basic,23.91,164,2,monthly,credit_card,1,9.11,0,-85,2024,0.1449,13-24,0,0.105
C104623,2018-05-09,2019-04-27,11,standard,42.26,504,1,monthly,credit_card,1,45.82,0,2391,2018,0.0837,7-12,0,0.083
C104624,2021-06-23,2022-06-21,12,premium,82.4,1245,1,annual,paypal,0,103.75,0,1240,2021,0.0661,7-12,1,0.077
C104625,2022-05-21,2027-02-05,57,basic,25.31,220,3,annual,debit_card,1,3.86,1,-450,2022,0.1145,24+,0,0.052
C104626,2019-11-01,2024-05-27,55,standard,38.93,501,1,monthly,paypal,0,9.11,0,534,2019,0.0775,24+,0,0.018
C104627,2018-05-29,2021-10-09,40,basic,19.67,138,1,monthly,debit_card,0,3.45,0,1495,2018,0.1415,24+,0,0.024
C104628,2020-09-11,2020-10-19,1,standard,45.84,477,1,annual,debit_card,0,477.0,0,1850,2020,0.0959,0-3,0,0.5
C104629,2020-05-01,2021-01-05,8,basic,18.5,153,2,annual,credit_card,0,19.12,0,1772,2020,0.1201,7-12,0,0.222
C104630,2021-12-27,2022-11-11,10,standard,40.7,602,0,monthly,credit_card,0,60.2,0,1097,2021,0.0675,7-12,0,0.0
C104631,2019-09-20,2021-08-06,22,premium,79.34,1130,1,monthly,bank_transfer,0,51.36,0,1559,2019,0.0702,13-24,1,0.043
C104632,2022-02-01,2027-11-16,70,basic,18.78,217,1,monthly,credit_card,0,3.1,0,-734,2022,0.0861,24+,0,0.014
C104633,2024-10-29,2027-08-20,34,basic,25.01,187,3,annual,credit_card,0,5.5,1,-646,2024,0.133,24+,0,0.086
C104634,2023-08-07,2025-07-18,23,basic,23.25,50,2,annual,credit_card,0,2.17,0,117,2023,0.4559,13-24,0,0.083
C104635,2020-06-02,2021-03-03,9,basic,19.1,225,2,monthly,bank_transfer,0,25.0,0,1715,2020,0.0845,7-12,0,0.2
C104636,2024-05-30,2025-10-04,16,premium,80.33,1444,0,monthly,credit_card,0,90.25,0,39,2024,0.0556,13-24,1,0.0
C104637,2022-11-24,2026-07-17,44,basic,22.0,227,2,monthly,paypal,0,5.16,0,-247,2022,0.0965,24+,0,0.044
C104638,2018-09-07,2020-05-20,20,standard,37.09,391,3,annual,paypal,0,19.55,1,2002,2018,0.0946,13-24,0,0.143
C104639,2020-08-05,2021-01-03,5,premium,79.5,1023,0,monthly,credit_card,0,204.6,0,1774,2020,0.0776,4-6,1,0.0
C104640,2020-09-01,2023-04-11,31,standard,37.77,464,0,monthly,credit_card,0,14.97,0,946,2020,0.0812,24+,0,0.0
C104641,2021-08-18,2021-09-18,1,standard,40.23,508,0,monthly,credit_card,0,508.0,0,1516,2021,0.079,0-3,0,0.0
C104642,2020-09-10,2020-11-28,2,basic,17.4,140,0,annual,credit_card,0,70.0,0,1810,2020,0.1234,0-3,0,0.0
C104643,2020-06-07,2020-12-23,6,basic,22.26,85,2,monthly,credit_card,0,14.17,0,1785,2020,0.2588,4-6,0,0.286
C104644,2023-10-19,2024-12-26,14,standard,40.9,608,3,monthly,credit_card,0,43.43,1,321,2023,0.0672,13-24,0,0.2
C104645,2020-05-24,2021-06-26,13,basic,17.19,188,0,annual,credit_card,0,14.46,0,1600,2020,0.091,13-24,0,0.0
C104646,2021-08-19,2021-09-27,1,basic,21.73,186,4,monthly,credit_card,0,186.0,1,1507,2021,0.1162,0-3,0,2.0
C104647,2019-04-16,2020-01-22,9,premium,78.95,1239,1,monthly,debit_card,1,137.67,0,2121,2019,0.0637,7-12,1,0.1
C104648,2023-06-11,2026-08-25,39,premium,77.94,1061,1,monthly,debit_card,1,27.21,0,-286,2023,0.0734,24+,1,0.025
C104649,2018-04-01,2018-12-22,8,basic,19.84,170,3,monthly,debit_card,1,21.25,1,2517,2018,0.116,7-12,0,0.333
C104650,2019-06-14,2021-06-10,24,basic,22.1,225,1,monthly,paypal,0,9.38,0,1616,2019,0.0978,13-24,0,0.04
C104651,2019-10-23,2020-07-14,8,basic,19.3,167,4,monthly,credit_card,0,20.88,1,1947,2019,0.1149,7-12,0,0.444
C104652,2020-01-09,2021-10-06,21,standard,35.0,518,0,monthly,credit_card,0,24.67,0,1498,2020,0.0674,13-24,0,0.0
C104653,2020-05-21,2020-11-18,6,standard,41.31,708,1,monthly,credit_card,0,118.0,0,1820,2020,0.0583,4-6,0,0.143
C104654,2022-08-14,2024-09-25,25,standard,40.62,522,1,monthly,credit_card,0,20.88,0,413,2022,0.0777,24+,0,0.038
C104655,2018-07-11,2018-12-15,5,standard,42.88,515,1,annual,credit_card,0,103.0,0,2524,2018,0.0831,4-6,0,0.167
C104656,2023-06-10,2023-11-24,5,basic,23.97,127,2,monthly,debit_card,1,25.4,0,719,2023,0.1873,4-6,0,0.333
C104657,2023-12-26,2024-04-07,3,basic,19.2,79,6,annual,credit_card,0,26.33,1,584,2023,0.24,0-3,0,1.5
C104658,2018-12-11,2020-03-14,15,premium,81.01,1216,1,annual,paypal,1,81.07,0,2069,2018,0.0666,13-24,1,0.062
C104659,2020-10-05,2021-06-21,8,premium,79.62,1130,1,monthly,credit_card,0,141.25,0,1605,2020,0.0704,7-12,1,0.111
C104660,2024-12-25,2025-08-01,7,basic,21.88,224,1,annual,paypal,0,32.0,0,103,2024,0.0972,7-12,0,0.125
C104661,2018-07-22,2018-11-04,3,standard,38.33,491,0,monthly,debit_card,1,163.67,0,2565,2018,0.0779,0-3,0,0.0
C104662,2019-07-27,2020-09-04,13,standard,37.2,627,1,annual,bank_transfer,0,48.23,0,1895,2019,0.0592,13-24,0,0.071
C104663,2018-07-11,2019-11-17,16,basic,19.58,223,1,annual,credit_card,0,13.94,0,2187,2018,0.0874,13-24,0,0.059
C104664,2023-08-15,2024-11-01,14,standard,45.85,367,2,monthly,credit_card,1,26.21,0,376,2023,0.1246,13-24,0,0.133
C104665,2023-03-29,2024-05-24,14,basic,19.35,261,1,annual,debit_card,0,18.64,0,537,2023,0.0739,13-24,0,0.067
C104666,2022-09-13,2023-12-30,15,basic,17.63,193,1,monthly,credit_card,0,12.87,0,683,2022,0.0909,13-24,0,0.062
C104667,2018-11-07,2023-06-09,55,premium,82.41,936,0,monthly,debit_card,0,17.02,0,887,2018,0.088,24+,1,0.0
C104668,2023-10-05,2027-01-11,39,premium,77.53,1265,0,annual,paypal,0,32.44,0,-425,2023,0.0612,24+,1,0.0
C104669,2019-03-19,2020-07-11,16,standard,36.22,442,2,monthly,paypal,1,27.62,0,1950,2019,0.0818,13-24,0,0.118
C104670,2021-06-14,2022-10-13,16,standard,38.23,640,1,monthly,debit_card,0,40.0,0,1126,2021,0.0596,13-24,0,0.059
C104671,2020-05-19,2022-08-24,27,standard,40.63,489,2,monthly,paypal,1,18.11,0,1176,2020,0.0829,24+,0,0.071
C104672,2019-08-08,2020-02-26,6,basic,25.58,162,1,annual,debit_card,0,27.0,0,2086,2019,0.1569,4-6,0,0.143
C104673,2022-05-14,2022-11-16,6,basic,20.11,101,2,monthly,credit_card,0,16.83,0,1092,2022,0.1972,4-6,0,0.286
C104674,2022-03-18,2025-10-18,43,standard,46.9,589,1,monthly,debit_card,0,13.7,0,25,2022,0.0795,24+,0,0.023
C104675,2018-12-26,2019-11-10,10,basic,19.96,229,0,monthly,debit_card,0,22.9,0,2194,2018,0.0868,7-12,0,0.0
C104676,2022-09-20,2023-06-26,9,standard,44.14,414,0,monthly,paypal,1,46.0,0,870,2022,0.1064,7-12,0,0.0
C104677,2023-09-09,2029-07-16,71,premium,76.8,1394,0,monthly,bank_transfer,0,19.63,0,-1342,2023,0.0551,24+,1,0.0
C104678,2022-12-08,2025-02-03,26,basic,13.24,231,3,monthly,credit_card,0,8.88,1,282,2022,0.0571,24+,0,0.111
C104679,2023-07-05,2030-05-24,83,standard,39.87,485,2,annual,credit_card,0,5.84,0,-1654,2023,0.082,24+,0,0.024
C104680,2023-11-26,2025-08-09,20,basic,21.2,261,0,monthly,debit_card,0,13.05,0,95,2023,0.0809,13-24,0,0.0
C104681,2020-04-23,2022-04-30,24,basic,23.34,321,2,monthly,bank_transfer,1,13.38,0,1292,2020,0.0725,13-24,0,0.08
C104682,2022-06-14,2027-03-01,57,premium,85.24,1228,1,monthly,paypal,0,21.54,0,-474,2022,0.0694,24+,1,0.017
C104683,2020-06-09,2020-08-05,1,basic,20.69,277,2,monthly,debit_card,0,277.0,0,1925,2020,0.0744,0-3,0,1.0
C104684,2023-06-15,2024-02-12,8,standard,44.98,534,3,monthly,credit_card,0,66.75,1,639,2023,0.0841,7-12,0,0.333
C104685,2023-06-06,2024-11-10,17,premium,83.23,1431,0,monthly,paypal,0,84.18,0,367,2023,0.0581,13-24,1,0.0
C104686,2020-08-17,2020-12-24,4,basic,20.05,168,2,annual,credit_card,0,42.0,0,1784,2020,0.1186,4-6,0,0.4
C104687,2022-01-08,2022-12-19,11,basic,21.02,240,3,monthly,debit_card,1,21.82,1,1059,2022,0.0872,7-12,0,0.25
C104688,2022-01-01,2022-04-07,3,premium,82.84,1012,0,monthly,paypal,0,337.33,0,1315,2022,0.0818,0-3,1,0.0
C104689,2020-01-02,2020-09-14,8,premium,76.7,1269,2,monthly,bank_transfer,0,158.62,0,1885,2020,0.0604,7-12,1,0.222
C104690,2019-08-29,2019-12-21,3,basic,17.23,222,2,monthly,paypal,1,74.0,0,2153,2019,0.0773,0-3,0,0.5
C104691,2024-11-09,2025-09-02,9,premium,85.18,1025,0,monthly,credit_card,0,113.89,0,71,2024,0.083,7-12,1,0.0
C104692,2019-09-07,2019-12-17,3,basic,18.96,258,3,monthly,credit_card,1,86.0,1,2157,2019,0.0732,0-3,0,0.75
C104693,2023-06-28,2025-07-27,25,basic,20.56,187,2,annual,credit_card,1,7.48,0,108,2023,0.1094,24+,0,0.077
C104694,2022-09-16,2023-01-17,4,basic,20.06,172,4,monthly,paypal,0,43.0,1,1030,2022,0.116,4-6,0,0.8
C104695,2019-11-05,2021-09-05,22,basic,21.55,222,2,monthly,credit_card,0,10.09,0,1529,2019,0.0966,13-24,0,0.087
C104696,2021-06-24,2023-01-14,18,basic,21.6,84,2,monthly,debit_card,0,4.67,0,1033,2021,0.2541,13-24,0,0.105
C104697,2022-05-07,2026-04-23,48,standard,42.65,534,1,monthly,credit_card,0,11.12,0,-162,2022,0.0797,24+,0,0.02
C104698,2022-05-31,2027-02-06,57,basic,17.29,158,3,annual,bank_transfer,0,2.77,1,-451,2022,0.1087,24+,0,0.052
C104699,2020-06-15,2021-11-19,17,premium,80.31,1312,1,annual,paypal,0,77.18,0,1454,2020,0.0612,13-24,1,0.056
C104700,2022-01-02,2024-04-07,27,premium,80.78,1328,0,monthly,credit_card,1,49.19,0,584,2022,0.0608,24+,1,0.0
C104701,2018-10-05,2019-09-13,11,basic,17.95,201,4,annual,debit_card,0,18.27,1,2252,2018,0.0889,7-12,0,0.333
C104702,2019-07-06,2021-01-21,18,standard,39.96,501,1,monthly,bank_transfer,0,27.83,0,1756,2019,0.0796,13-24,0,0.053
C104703,2022-06-25,2022-08-16,1,basic,22.48,196,2,monthly,debit_card,1,196.0,0,1184,2022,0.1141,0-3,0,1.0
C104704,2023-11-29,2024-04-17,4,standard,42.68,457,0,monthly,debit_card,0,114.25,0,574,2023,0.0932,4-6,0,0.0
C104705,2024-08-29,2025-01-30,5,premium,74.86,1434,1,monthly,credit_card,0,286.8,0,286,2024,0.0522,4-6,1,0.167
C104706,2020-01-31,2021-04-22,14,basic,20.61,271,0,monthly,credit_card,0,19.36,0,1665,2020,0.0758,13-24,0,0.0
C104707,2021-12-20,2022-07-20,7,standard,35.74,468,1,annual,bank_transfer,1,66.86,0,1211,2021,0.0762,7-12,0,0.125
C104708,2019-02-09,2021-02-10,24,basic,11.7,186,1,monthly,debit_card,0,7.75,0,1736,2019,0.0626,13-24,0,0.04
C104709,2021-09-20,2021-11-07,1,basic,24.89,133,0,monthly,credit_card,0,133.0,0,1466,2021,0.1857,0-3,0,0.0
C104710,2021-05-17,2023-02-28,21,basic,23.89,156,0,annual,credit_card,1,7.43,0,988,2021,0.1522,13-24,0,0.0
C104711,2018-01-22,2019-10-04,20,standard,40.56,397,3,annual,debit_card,0,19.85,1,2231,2018,0.1019,13-24,0,0.143
C104712,2019-11-09,2021-12-15,25,basic,18.77,198,0,monthly,credit_card,0,7.92,0,1428,2019,0.0943,24+,0,0.0
C104713,2023-07-22,2024-01-16,5,basic,21.43,166,1,monthly,paypal,1,33.2,0,666,2023,0.1283,4-6,0,0.167
C104714,2021-05-16,2023-10-15,29,premium,75.69,1070,0,monthly,debit_card,0,36.9,0,759,2021,0.0707,24+,1,0.0
C104715,2023-08-18,2024-07-07,10,basic,21.3,76,1,annual,credit_card,1,7.6,0,493,2023,0.2766,7-12,0,0.091
C104716,2022-12-14,2027-05-26,54,basic,22.44,322,5,monthly,debit_card,0,5.96,1,-560,2022,0.0695,24+,0,0.091
C104717,2019-06-13,2021-02-09,20,premium,82.34,1124,0,monthly,credit_card,0,56.2,0,1737,2019,0.0732,13-24,1,0.0
C104718,2023-07-31,2023-09-23,1,standard,39.15,364,1,annual,credit_card,0,364.0,0,781,2023,0.1073,0-3,0,0.5
C104719,2022-08-04,2024-02-20,18,standard,43.57,428,0,monthly,paypal,0,23.78,0,631,2022,0.1016,13-24,0,0.0
C104720,2019-10-19,2021-08-12,22,standard,41.34,431,2,monthly,bank_transfer,1,19.59,0,1553,2019,0.0957,13-24,0,0.087
C104721,2018-06-15,2018-10-25,4,basic,18.14,274,4,monthly,debit_card,1,68.5,1,2575,2018,0.066,4-6,0,0.8
C104722,2020-04-28,2025-09-22,65,basic,16.97,229,3,annual,credit_card,0,3.52,1,51,2020,0.0738,24+,0,0.045
C104723,2019-05-11,2019-10-29,5,basic,16.31,286,1,annual,credit_card,1,57.2,0,2206,2019,0.0568,4-6,0,0.167
C104724,2019-08-13,2019-09-13,1,basic,19.78,106,3,annual,credit_card,0,106.0,1,2252,2019,0.1849,0-3,0,1.5
C104725,2019-03-05,2021-03-04,24,standard,39.73,503,1,monthly,paypal,1,20.96,0,1714,2019,0.0788,13-24,0,0.04
C104726,2018-06-12,2019-11-23,17,basic,20.12,68,4,monthly,credit_card,1,4.0,1,2181,2018,0.2916,13-24,0,0.222
C104727,2024-08-10,2026-08-13,24,basic,17.71,254,1,annual,credit_card,0,10.58,0,-274,2024,0.0695,13-24,0,0.04
C104728,2021-06-16,2021-07-26,1,basic,23.26,213,1,annual,debit_card,0,213.0,0,1570,2021,0.1087,0-3,0,0.5
C104729,2018-03-13,2028-12-08,130,standard,41.12,589,1,monthly,debit_card,0,4.53,0,-1122,2018,0.0697,,0,0.008
C104730,2019-10-17,2020-11-08,12,basic,23.22,127,3,monthly,credit_card,0,10.58,1,1830,2019,0.1814,7-12,0,0.231
C104731,2018-09-26,2020-03-24,18,basic,18.63,227,1,annual,credit_card,0,12.61,0,2059,2018,0.0817,13-24,0,0.053
C104732,2022-11-12,2028-12-24,74,premium,77.73,1222,0,annual,credit_card,0,16.51,0,-1138,2022,0.0636,24+,1,0.0
C104733,2024-09-28,2026-02-12,16,standard,41.96,470,0,annual,bank_transfer,0,29.38,0,-92,2024,0.0891,13-24,0,0.0
C104734,2021-06-22,2022-05-25,11,basic,23.23,163,2,monthly,debit_card,0,14.82,0,1267,2021,0.1416,7-12,0,0.167
C104735,2020-10-12,2021-07-04,8,basic,15.91,164,3,monthly,debit_card,0,20.5,1,1592,2020,0.0964,7-12,0,0.333
C104736,2020-12-19,2021-06-16,5,basic,17.77,149,2,annual,debit_card,1,29.8,0,1610,2020,0.1185,4-6,0,0.333
C104737,2018-01-06,2018-04-12,3,standard,36.93,452,1,annual,debit_card,0,150.67,0,2771,2018,0.0815,0-3,0,0.25
C104738,2020-09-08,2025-02-06,53,standard,38.98,450,7,annual,credit_card,0,8.49,1,279,2020,0.0864,24+,0,0.13
C104739,2019-02-11,2020-04-11,14,basic,21.46,134,3,monthly,debit_card,0,9.57,1,2041,2019,0.159,13-24,0,0.2
C104740,2023-05-08,2025-09-28,29,basic,19.59,139,1,annual,debit_card,0,4.79,0,45,2023,0.1399,24+,0,0.033
C104741,2023-09-05,2027-03-23,43,premium,75.65,1213,0,monthly,paypal,0,28.21,0,-496,2023,0.0623,24+,1,0.0
C104742,2020-09-12,2021-09-18,12,premium,76.25,987,0,monthly,credit_card,0,82.25,0,1516,2020,0.0772,7-12,1,0.0
C104743,2019-01-25,2021-05-15,28,standard,42.25,578,3,monthly,credit_card,0,20.64,1,1642,2019,0.073,24+,0,0.103
C104744,2019-12-11,2020-02-13,2,basic,17.94,218,1,annual,credit_card,0,109.0,0,2099,2019,0.0819,0-3,0,0.333
C104745,2022-01-11,2025-10-30,46,standard,36.17,462,1,annual,credit_card,1,10.04,0,13,2022,0.0781,24+,0,0.021
C104746,2020-01-24,2022-07-31,30,basic,21.11,232,2,annual,credit_card,0,7.73,0,1200,2020,0.0906,24+,0,0.065
C104747,2024-01-03,2025-12-11,23,basic,20.63,138,2,monthly,credit_card,1,6.0,0,-29,2024,0.1484,13-24,0,0.083
C104748,2021-11-12,2023-04-26,17,standard,38.88,655,2,monthly,debit_card,0,38.53,0,931,2021,0.0593,13-24,0,0.111
C104749,2021-06-26,2022-01-23,7,standard,40.88,682,0,monthly,credit_card,1,97.43,0,1389,2021,0.0599,7-12,0,0.0
C104750,2019-06-10,2021-06-09,24,basic,17.92,219,3,monthly,debit_card,0,9.12,1,1617,2019,0.0815,13-24,0,0.12
C104751,2022-01-25,2022-05-16,3,basic,19.61,112,0,monthly,credit_card,1,37.33,0,1276,2022,0.1735,0-3,0,0.0
C104752,2023-08-23,2024-04-22,8,basic,19.42,321,1,monthly,credit_card,1,40.12,0,569,2023,0.0603,7-12,0,0.111
C104753,2024-08-28,2029-02-22,54,standard,39.82,354,1,monthly,debit_card,0,6.56,0,-1198,2024,0.1122,24+,0,0.018
C104754,2019-07-10,2020-12-09,17,standard,38.09,468,1,monthly,bank_transfer,0,27.53,0,1799,2019,0.0812,13-24,0,0.056
C104755,2018-01-19,2018-03-19,1,standard,45.9,560,0,monthly,credit_card,1,560.0,0,2795,2018,0.0818,0-3,0,0.0
C104756,2019-07-29,2019-09-02,1,basic,19.87,175,2,monthly,paypal,0,175.0,0,2263,2019,0.1129,0-3,0,1.0
C104757,2020-09-30,2021-11-28,14,standard,44.25,379,0,monthly,paypal,1,27.07,0,1445,2020,0.1164,13-24,0,0.0
C104758,2024-10-02,2025-03-16,5,standard,44.47,526,1,annual,paypal,0,105.2,0,241,2024,0.0844,4-6,0,0.167
C104759,2024-10-02,2024-11-02,1,standard,34.69,499,0,annual,paypal,0,499.0,0,375,2024,0.0694,0-3,0,0.0
C104760,2023-04-23,2024-05-13,12,standard,34.86,476,2,monthly,credit_card,1,39.67,0,548,2023,0.0731,7-12,0,0.154
C104761,2023-04-24,2026-10-15,42,basic,21.05,188,2,annual,paypal,0,4.48,0,-337,2023,0.1114,24+,0,0.047
C104762,2022-06-24,2025-08-20,38,basic,21.11,88,3,annual,credit_card,0,2.32,1,84,2022,0.2372,24+,0,0.077
C104763,2022-08-26,2026-09-26,49,basic,19.46,188,0,monthly,credit_card,0,3.84,0,-318,2022,0.103,24+,0,0.0
C104764,2023-12-10,2028-09-09,57,basic,22.16,234,3,monthly,credit_card,0,4.11,1,-1032,2023,0.0943,24+,0,0.052
C104765,2019-03-08,2019-04-29,1,standard,38.62,394,1,annual,credit_card,1,394.0,0,2389,2019,0.0978,0-3,0,0.5
C104766,2023-09-23,2024-09-11,11,basic,18.66,297,1,monthly,credit_card,0,27.0,0,427,2023,0.0626,7-12,0,0.083
C104767,2023-03-11,2024-10-14,19,basic,20.86,133,0,monthly,debit_card,0,7.0,0,394,2023,0.1557,13-24,0,0.0
C104768,2023-04-28,2027-02-16,46,basic,20.28,202,2,annual,bank_transfer,0,4.39,0,-461,2023,0.0999,24+,0,0.043
C104769,2021-09-02,2022-11-07,14,basic,17.69,254,3,monthly,credit_card,0,18.14,1,1101,2021,0.0694,13-24,0,0.2
C104770,2024-08-25,2027-04-12,32,basic,21.16,323,3,monthly,paypal,1,10.09,1,-516,2024,0.0653,24+,0,0.091
C104771,2018-05-25,2022-11-06,54,basic,18.85,144,2,annual,credit_card,0,2.67,0,1102,2018,0.13,24+,0,0.036
C104772,2024-08-07,2025-10-18,14,basic,23.19,164,3,annual,credit_card,0,11.71,1,25,2024,0.1405,13-24,0,0.2
C104773,2020-12-09,2023-12-19,36,premium,81.91,1085,2,monthly,credit_card,0,30.14,0,694,2020,0.0754,24+,1,0.054
C104774,2020-12-24,2021-02-21,1,basic,18.34,54,2,annual,debit_card,0,54.0,0,1725,2020,0.3335,0-3,0,1.0
C104775,2024-07-30,2025-01-25,5,basic,23.39,191,1,monthly,credit_card,0,38.2,0,291,2024,0.1218,4-6,0,0.167
C104776,2020-03-10,2021-05-30,14,basic,22.12,205,4,monthly,paypal,0,14.64,1,1627,2020,0.1074,13-24,0,0.267
C104777,2021-02-25,2022-06-14,15,basic,21.29,166,0,monthly,debit_card,0,11.07,0,1247,2021,0.1275,13-24,0,0.0
C104778,2024-09-11,2027-05-09,32,basic,24.26,174,1,monthly,paypal,0,5.44,0,-543,2024,0.1386,24+,0,0.03
C104779,2023-05-11,2023-07-02,1,standard,41.77,540,1,monthly,debit_card,0,540.0,0,864,2023,0.0772,0-3,0,0.5
C104780,2019-04-08,2024-09-07,65,basic,24.75,217,3,annual,credit_card,0,3.34,1,431,2019,0.1135,24+,0,0.045
C104781,2022-11-10,2027-01-08,50,basic,18.27,257,3,monthly,credit_card,1,5.14,1,-422,2022,0.0708,24+,0,0.059
C104782,2023-08-08,2023-09-23,1,basic,19.34,169,1,annual,paypal,0,169.0,0,781,2023,0.1138,0-3,0,0.5
C104783,2020-03-18,2024-01-16,46,basic,22.41,166,1,annual,debit_card,0,3.61,0,666,2020,0.1342,24+,0,0.021
C104784,2018-07-06,2024-01-10,67,premium,83.28,1053,0,monthly,credit_card,0,15.72,0,672,2018,0.079,24+,1,0.0
C104785,2022-10-10,2025-02-24,28,basic,20.4,191,3,annual,credit_card,0,6.82,1,261,2022,0.1062,24+,0,0.103
C104786,2020-01-02,2022-03-27,27,basic,19.76,199,0,monthly,bank_transfer,0,7.37,0,1326,2020,0.0988,24+,0,0.0
C104787,2023-04-20,2024-07-23,15,standard,42.58,450,1,monthly,credit_card,0,30.0,0,477,2023,0.0944,13-24,0,0.062
C104788,2021-04-28,2022-02-02,9,basic,15.24,278,1,monthly,credit_card,1,30.89,0,1379,2021,0.0546,7-12,0,0.1
C104789,2021-11-12,2021-12-24,1,standard,36.18,573,0,monthly,debit_card,1,573.0,0,1419,2021,0.063,0-3,0,0.0
C104790,2019-03-05,2024-03-24,61,standard,42.32,403,2,monthly,credit_card,0,6.61,0,598,2019,0.1048,24+,0,0.032
C104791,2021-07-31,2021-09-06,1,premium,83.58,1443,0,monthly,credit_card,0,1443.0,0,1528,2021,0.0579,0-3,1,0.0
C104792,2024-04-03,2029-01-30,58,basic,15.58,245,1,annual,paypal,0,4.22,0,-1175,2024,0.0633,24+,0,0.017
C104793,2021-05-02,2023-11-11,30,basic,15.48,300,1,annual,debit_card,1,10.0,0,732,2021,0.0514,24+,0,0.032
C104794,2021-08-03,2021-09-13,1,basic,15.95,207,2,monthly,credit_card,0,207.0,0,1521,2021,0.0767,0-3,0,1.0
C104795,2020-02-10,2024-09-17,56,basic,23.1,232,2,monthly,debit_card,0,4.14,0,421,2020,0.0991,24+,0,0.035
C104796,2020-01-28,2021-02-03,12,standard,42.87,566,1,monthly,credit_card,1,47.17,0,1743,2020,0.0756,7-12,0,0.077
C104797,2018-05-16,2018-06-19,1,standard,39.49,459,2,monthly,credit_card,0,459.0,0,2703,2018,0.0858,0-3,0,1.0
C104798,2020-03-02,2021-12-21,21,basic,24.25,233,4,monthly,paypal,0,11.1,1,1422,2020,0.1036,13-24,0,0.182
C104799,2018-06-20,2020-07-06,24,standard,41.55,427,2,annual,paypal,0,17.79,0,1955,2018,0.0971,13-24,0,0.08
C104800,2024-01-16,2024-07-05,5,basic,22.06,158,2,annual,credit_card,1,31.6,0,495,2024,0.1387,4-6,0,0.333
C104801,2024-02-27,2030-12-28,83,basic,19.06,188,1,annual,debit_card,0,2.27,0,-1872,2024,0.1008,24+,0,0.012
C104802,2022-04-30,2027-11-30,68,basic,18.89,85,2,monthly,paypal,1,1.25,0,-748,2022,0.2197,24+,0,0.029
C104803,2020-08-19,2022-10-23,26,basic,17.22,165,2,monthly,paypal,1,6.35,0,1116,2020,0.1037,24+,0,0.074
C104804,2020-05-25,2022-02-10,20,basic,20.64,219,3,annual,debit_card,0,10.95,1,1371,2020,0.0938,13-24,0,0.143
C104805,2024-08-15,2035-09-30,135,basic,18.35,228,3,annual,paypal,0,1.69,1,-3609,2024,0.0801,,0,0.022
C104806,2018-04-13,2023-01-13,57,standard,35.3,589,4,monthly,bank_transfer,0,10.33,1,1034,2018,0.0598,24+,0,0.069
C104807,2020-09-28,2021-09-12,11,standard,40.74,465,1,monthly,credit_card,0,42.27,0,1522,2020,0.0874,7-12,0,0.083
C104808,2021-02-22,2022-03-28,13,standard,38.92,400,1,monthly,debit_card,1,30.77,0,1325,2021,0.0971,13-24,0,0.071
C104809,2022-01-21,2023-02-15,13,premium,79.58,1215,1,monthly,paypal,0,93.46,0,1001,2022,0.0654,13-24,1,0.071
C104810,2019-10-20,2020-03-31,5,basic,22.89,229,1,annual,debit_card,0,45.8,0,2052,2019,0.0995,4-6,0,0.167
C104811,2021-05-05,2022-10-27,18,standard,41.96,647,1,monthly,bank_transfer,0,35.94,0,1112,2021,0.0648,13-24,0,0.053
C104812,2019-02-27,2025-06-15,76,standard,41.11,434,1,monthly,bank_transfer,0,5.71,0,150,2019,0.0945,24+,0,0.013
C104813,2018-06-20,2018-11-03,4,standard,37.61,523,1,monthly,credit_card,0,130.75,0,2566,2018,0.0718,4-6,0,0.2
C104814,2024-01-30,2027-04-27,39,basic,23.18,203,1,monthly,debit_card,0,5.21,0,-531,2024,0.1136,24+,0,0.025
C104815,2019-03-29,2021-01-06,21,basic,19.91,258,2,monthly,paypal,0,12.29,0,1771,2019,0.0769,13-24,0,0.091
C104816,2024-07-25,2026-06-05,22,standard,34.39,437,0,monthly,debit_card,0,19.86,0,-205,2024,0.0785,13-24,0,0.0
C104817,2023-05-30,2024-04-05,10,standard,36.73,461,1,annual,credit_card,0,46.1,0,586,2023,0.0795,7-12,0,0.091
C104818,2022-07-16,2023-10-30,15,standard,40.06,460,0,monthly,debit_card,0,30.67,0,744,2022,0.0869,13-24,0,0.0
C104819,2024-12-16,2025-10-13,10,basic,23.09,237,2,monthly,paypal,0,23.7,0,30,2024,0.097,7-12,0,0.182
C104820,2023-08-16,2023-10-12,1,standard,41.96,537,1,monthly,credit_card,0,537.0,0,762,2023,0.078,0-3,0,0.5
C104821,2018-10-15,2019-06-03,7,standard,44.75,568,2,monthly,credit_card,1,81.14,0,2354,2018,0.0786,7-12,0,0.25
C104822,2022-06-30,2022-08-09,1,basic,19.08,232,1,monthly,credit_card,0,232.0,0,1191,2022,0.0819,0-3,0,0.5
C104823,2021-12-18,2023-07-24,19,basic,24.15,232,0,annual,credit_card,0,12.21,0,842,2021,0.1036,13-24,0,0.0
C104824,2023-03-29,2023-08-06,4,basic,19.19,177,2,monthly,debit_card,0,44.25,0,829,2023,0.1078,4-6,0,0.4
C104825,2019-08-31,2021-02-01,17,basic,18.07,254,2,annual,paypal,1,14.94,0,1745,2019,0.0709,13-24,0,0.111
C104826,2019-04-02,2019-05-13,1,premium,83.5,1102,0,monthly,credit_card,1,1102.0,0,2375,2019,0.0757,0-3,1,0.0
C104827,2022-10-31,2023-08-14,9,basic,20.75,295,5,monthly,credit_card,0,32.78,1,821,2022,0.0701,7-12,0,0.5
C104828,2021-05-10,2022-04-30,11,basic,19.45,153,1,monthly,credit_card,0,13.91,0,1292,2021,0.1263,7-12,0,0.083
C104829,2021-05-20,2025-02-27,45,standard,39.39,577,1,monthly,credit_card,1,12.82,0,258,2021,0.0681,24+,0,0.022
C104830,2020-10-26,2023-03-09,28,standard,40.98,376,1,monthly,credit_card,0,13.43,0,979,2020,0.1087,24+,0,0.034
C104831,2024-08-20,2024-12-04,3,basic,18.86,129,1,monthly,debit_card,0,43.0,0,343,2024,0.1451,0-3,0,0.25
C104832,2019-03-23,2020-06-18,15,basic,18.9,245,1,monthly,bank_transfer,0,16.33,0,1973,2019,0.0768,13-24,0,0.062
C104833,2020-04-14,2021-07-18,15,basic,22.92,179,2,monthly,credit_card,0,11.93,0,1578,2020,0.1273,13-24,0,0.125
C104834,2020-03-21,2020-05-22,2,basic,22.49,225,1,monthly,credit_card,1,112.5,0,2000,2020,0.0995,0-3,0,0.333
C104835,2021-11-25,2022-06-03,6,basic,15.05,161,1,annual,debit_card,0,26.83,0,1258,2021,0.0929,4-6,0,0.143
C104836,2021-11-12,2025-11-22,49,standard,38.39,510,0,monthly,credit_card,0,10.41,0,-10,2021,0.0751,24+,0,0.0
C104837,2020-08-16,2020-11-19,3,standard,42.43,411,2,monthly,credit_card,1,137.0,0,1819,2020,0.103,0-3,0,0.5
C104838,2022-01-15,2023-08-22,19,basic,24.98,251,4,annual,debit_card,0,13.21,1,813,2022,0.0991,13-24,0,0.2
C104839,2020-03-19,2020-05-01,1,basic,21.99,158,5,monthly,debit_card,1,158.0,1,2021,2020,0.1383,0-3,0,2.5
C104840,2020-09-05,2020-10-09,1,basic,19.32,250,1,monthly,credit_card,1,250.0,0,1860,2020,0.077,0-3,0,0.5
C104841,2024-09-29,2025-08-14,10,basic,15.23,195,0,monthly,paypal,0,19.5,0,90,2024,0.0777,7-12,0,0.0
C104842,2019-12-27,2021-05-20,17,standard,37.38,526,1,annual,debit_card,0,30.94,0,1637,2019,0.0709,13-24,0,0.056
C104843,2024-11-06,2025-07-18,8,basic,26.24,226,1,monthly,credit_card,0,28.25,0,117,2024,0.1156,7-12,0,0.111
C104844,2021-05-01,2021-06-18,1,basic,20.43,175,1,monthly,debit_card,0,175.0,0,1608,2021,0.1161,0-3,0,0.5
C104845,2024-01-07,2026-09-01,32,basic,20.17,209,2,monthly,debit_card,1,6.53,0,-293,2024,0.096,24+,0,0.061
C104846,2023-03-19,2023-06-14,2,standard,43.24,443,2,monthly,paypal,1,221.5,0,882,2023,0.0974,0-3,0,0.667
C104847,2020-02-18,2020-06-09,3,basic,21.39,168,2,monthly,credit_card,1,56.0,0,1982,2020,0.1266,0-3,0,0.5
C104848,2020-08-30,2021-02-09,5,basic,21.2,260,0,monthly,credit_card,0,52.0,0,1737,2020,0.0812,4-6,0,0.0
C104849,2022-03-19,2022-05-02,1,standard,39.81,560,1,monthly,credit_card,1,560.0,0,1290,2022,0.071,0-3,0,0.5
C104850,2021-11-17,2024-08-17,33,standard,44.77,533,4,annual,bank_transfer,0,16.15,1,452,2021,0.0838,24+,0,0.118
C104851,2023-10-25,2023-12-29,2,basic,19.06,258,2,monthly,bank_transfer,1,129.0,0,684,2023,0.0736,0-3,0,0.667
C104852,2019-08-22,2020-07-07,10,premium,81.27,1378,1,annual,credit_card,0,137.8,0,1954,2019,0.0589,7-12,1,0.091
C104853,2018-08-13,2018-12-29,4,basic,15.64,213,1,monthly,paypal,0,53.25,0,2510,2018,0.0731,4-6,0,0.2
C104854,2022-04-03,2023-04-14,12,standard,39.85,443,1,monthly,paypal,0,36.92,0,943,2022,0.0898,7-12,0,0.077
C104855,2023-12-01,2025-02-25,15,basic,14.94,168,2,annual,debit_card,0,11.2,0,260,2023,0.0884,13-24,0,0.125
C104856,2024-04-17,2030-02-18,71,basic,20.74,333,2,monthly,credit_card,0,4.69,0,-1559,2024,0.0621,24+,0,0.028
C104857,2020-04-20,2022-01-06,20,premium,83.21,1261,0,monthly,credit_card,0,63.05,0,1406,2020,0.0659,13-24,1,0.0
C104858,2022-12-20,2024-01-06,12,standard,36.09,566,0,monthly,credit_card,1,47.17,0,676,2022,0.0637,7-12,0,0.0
C104859,2019-12-15,2021-10-31,22,premium,79.59,1011,0,monthly,credit_card,0,45.95,0,1473,2019,0.0786,13-24,1,0.0
C104860,2021-01-11,2023-02-19,25,standard,41.7,489,1,monthly,debit_card,0,19.56,0,997,2021,0.0851,24+,0,0.038
C104861,2018-05-05,2020-10-05,29,basic,20.54,163,3,annual,credit_card,0,5.62,1,1864,2018,0.1252,24+,0,0.1
C104862,2020-12-28,2021-08-10,7,basic,16.83,260,4,monthly,debit_card,1,37.14,1,1555,2020,0.0645,7-12,0,0.5
C104863,2021-07-03,2021-11-18,4,standard,33.71,556,2,monthly,bank_transfer,0,139.0,0,1455,2021,0.0605,4-6,0,0.4
C104864,2022-10-17,2023-06-25,8,standard,37.29,497,1,monthly,credit_card,0,62.12,0,871,2022,0.0749,7-12,0,0.111
C104865,2018-01-30,2018-04-14,2,basic,20.24,146,0,monthly,paypal,0,73.0,0,2769,2018,0.1377,0-3,0,0.0
C104866,2024-05-17,2024-07-09,1,basic,23.71,179,2,annual,debit_card,0,179.0,0,491,2024,0.1317,0-3,0,1.0
C104867,2023-07-11,2026-08-08,37,standard,41.35,592,1,monthly,credit_card,0,16.0,0,-269,2023,0.0697,24+,0,0.026
C104868,2024-08-12,2025-03-28,7,standard,39.0,388,0,monthly,credit_card,0,55.43,0,229,2024,0.1003,7-12,0,0.0
C104869,2019-05-10,2019-09-21,4,basic,18.0,136,4,monthly,paypal,0,34.0,1,2244,2019,0.1314,4-6,0,0.8
C104870,2022-05-29,2025-07-18,38,basic,18.82,227,1,monthly,credit_card,0,5.97,0,117,2022,0.0825,24+,0,0.026
C104871,2019-12-19,2020-03-14,2,premium,75.05,1128,0,monthly,credit_card,1,564.0,0,2069,2019,0.0665,0-3,1,0.0
C104872,2020-10-13,2020-12-07,1,standard,42.65,442,2,annual,debit_card,0,442.0,0,1801,2020,0.0963,0-3,0,1.0
C104873,2021-08-30,2021-10-16,1,basic,20.11,194,1,monthly,bank_transfer,0,194.0,0,1488,2021,0.1031,0-3,0,0.5
C104874,2019-08-29,2020-04-13,7,standard,38.96,384,0,annual,paypal,0,54.86,0,2039,2019,0.1012,7-12,0,0.0
C104875,2019-01-10,2019-05-18,4,basic,17.53,221,2,monthly,debit_card,0,55.25,0,2370,2019,0.079,4-6,0,0.4
C104876,2023-05-15,2024-12-18,19,standard,38.44,518,4,monthly,credit_card,0,27.26,1,329,2023,0.0741,13-24,0,0.2
C104877,2020-11-14,2024-05-18,42,basic,19.68,102,1,monthly,credit_card,0,2.43,0,543,2020,0.1911,24+,0,0.023
C104878,2021-09-19,2021-10-31,1,basic,23.9,146,0,monthly,debit_card,1,146.0,0,1473,2021,0.1626,0-3,0,0.0
C104879,2018-04-26,2020-02-13,21,basic,19.94,169,2,monthly,bank_transfer,1,8.05,0,2099,2018,0.1173,13-24,0,0.091
C104880,2023-09-27,2025-04-28,19,basic,19.7,146,1,monthly,credit_card,0,7.68,0,198,2023,0.134,13-24,0,0.05
C104881,2022-12-07,2024-08-07,20,basic,22.31,245,2,annual,bank_transfer,0,12.25,0,462,2022,0.0907,13-24,0,0.095
C104882,2023-11-17,2027-01-03,38,standard,40.64,462,1,annual,credit_card,0,12.16,0,-417,2023,0.0878,24+,0,0.026
C104883,2022-01-22,2022-03-15,1,basic,16.64,181,5,monthly,bank_transfer,0,181.0,1,1338,2022,0.0914,0-3,0,2.5
C104884,2022-03-27,2023-09-14,17,basic,14.36,222,3,monthly,debit_card,0,13.06,1,790,2022,0.0644,13-24,0,0.167
C104885,2022-06-09,2025-11-25,42,standard,43.49,524,2,monthly,bank_transfer,0,12.48,0,-13,2022,0.0828,24+,0,0.047
C104886,2024-09-18,2026-07-24,22,basic,24.64,128,1,monthly,credit_card,1,5.82,0,-254,2024,0.191,13-24,0,0.043
C104887,2019-11-16,2020-05-03,5,standard,39.84,478,3,monthly,credit_card,0,95.6,1,2019,2019,0.0832,4-6,0,0.5
C104888,2024-12-25,2025-04-03,3,basic,19.94,193,2,monthly,credit_card,0,64.33,0,223,2024,0.1028,0-3,0,0.5
C104889,2022-01-11,2022-08-31,7,standard,42.45,345,2,monthly,debit_card,0,49.29,0,1169,2022,0.1227,7-12,0,0.25
C104890,2022-05-19,2022-10-06,4,premium,74.71,1231,1,monthly,credit_card,0,307.75,0,1133,2022,0.0606,4-6,1,0.2
C104891,2024-04-24,2024-06-04,1,basic,17.73,168,3,monthly,paypal,1,168.0,1,526,2024,0.1049,0-3,0,1.5
C104892,2023-12-09,2025-01-03,13,basic,21.09,141,2,monthly,credit_card,1,10.85,0,313,2023,0.1485,13-24,0,0.143
C104893,2020-03-20,2022-02-06,22,basic,18.69,180,4,annual,debit_card,0,8.18,1,1375,2020,0.1033,13-24,0,0.174
C104894,2020-09-04,2020-12-12,3,standard,39.79,611,0,monthly,credit_card,0,203.67,0,1796,2020,0.065,0-3,0,0.0
C104895,2023-10-03,2028-12-28,63,premium,79.49,1162,0,annual,credit_card,0,18.44,0,-1142,2023,0.0683,24+,1,0.0
C104896,2021-09-16,2023-01-21,16,basic,21.05,274,0,monthly,bank_transfer,0,17.12,0,1026,2021,0.0765,13-24,0,0.0
C104897,2020-02-23,2020-11-18,8,premium,80.88,1267,0,monthly,paypal,0,158.38,0,1820,2020,0.0638,7-12,1,0.0
C104898,2018-08-29,2019-08-13,11,standard,44.07,473,1,annual,debit_card,0,43.0,0,2283,2018,0.093,7-12,0,0.083
C104899,2022-11-14,2025-07-19,32,standard,37.56,498,3,monthly,credit_card,0,15.56,1,116,2022,0.0753,24+,0,0.091
C104900,2022-04-03,2024-05-03,25,standard,32.64,534,1,monthly,debit_card,1,21.36,0,558,2022,0.061,24+,0,0.038
C104901,2019-04-28,2019-11-18,6,basic,18.66,185,1,monthly,paypal,0,30.83,0,2186,2019,0.1003,4-6,0,0.143
C104902,2020-10-09,2026-11-24,74,premium,74.87,1173,0,monthly,credit_card,1,15.85,0,-377,2020,0.0638,24+,1,0.0
C104903,2018-07-06,2019-02-12,7,basic,16.94,196,1,annual,credit_card,0,28.0,0,2465,2018,0.086,7-12,0,0.125
C104904,2023-02-25,2024-01-03,10,basic,19.55,205,0,monthly,credit_card,0,20.5,0,679,2023,0.0949,7-12,0,0.0
C104905,2024-04-28,2025-07-15,14,standard,35.59,480,3,monthly,credit_card,0,34.29,1,120,2024,0.074,13-24,0,0.2
C104906,2020-08-10,2021-01-05,4,standard,38.78,365,0,annual,debit_card,0,91.25,0,1772,2020,0.106,4-6,0,0.0
C104907,2021-10-19,2023-12-27,26,standard,38.14,436,1,monthly,credit_card,1,16.77,0,686,2021,0.0873,24+,0,0.037
C104908,2019-05-06,2020-08-30,16,basic,21.63,143,2,monthly,credit_card,0,8.94,0,1900,2019,0.1502,13-24,0,0.118
C104909,2019-03-07,2019-04-17,1,basic,19.98,187,3,monthly,debit_card,1,187.0,1,2401,2019,0.1063,0-3,0,1.5
C104910,2018-08-27,2019-03-06,6,basic,26.64,119,2,monthly,debit_card,0,19.83,0,2443,2018,0.222,4-6,0,0.286
C104911,2024-06-09,2024-07-31,1,premium,80.97,1350,0,monthly,credit_card,1,1350.0,0,469,2024,0.0599,0-3,1,0.0
C104912,2024-06-03,2025-02-11,8,basic,21.73,153,0,monthly,paypal,0,19.12,0,274,2024,0.1411,7-12,0,0.0
C104913,2018-03-17,2020-11-14,32,standard,43.34,582,0,monthly,credit_card,0,18.19,0,1824,2018,0.0743,24+,0,0.0
C104914,2021-09-18,2022-02-12,4,basic,21.02,256,2,monthly,debit_card,1,64.0,0,1369,2021,0.0818,4-6,0,0.4
C104915,2023-04-08,2023-10-26,6,basic,19.17,218,1,monthly,debit_card,0,36.33,0,748,2023,0.0875,4-6,0,0.143
C104916,2022-11-17,2023-04-03,4,standard,41.82,489,0,annual,credit_card,0,122.25,0,954,2022,0.0853,4-6,0,0.0
C104917,2020-04-06,2020-07-10,3,basic,13.26,110,3,annual,paypal,1,36.67,1,1951,2020,0.1195,0-3,0,0.75
C104918,2024-05-19,2024-07-14,1,standard,42.71,528,3,monthly,debit_card,1,528.0,1,486,2024,0.0807,0-3,0,1.5
C104919,2019-08-14,2025-02-08,66,basic,18.55,218,2,annual,debit_card,0,3.3,0,277,2019,0.0847,24+,0,0.03
C104920,2023-10-21,2024-10-17,12,basic,18.28,138,3,monthly,credit_card,0,11.5,1,391,2023,0.1315,7-12,0,0.231
C104921,2023-03-18,2026-08-17,41,standard,37.94,651,1,annual,debit_card,0,15.88,0,-278,2023,0.0582,24+,0,0.024
C104922,2023-03-26,2023-08-26,5,basic,19.97,132,1,monthly,debit_card,0,26.4,0,809,2023,0.1502,4-6,0,0.167
C104923,2019-07-29,2021-05-20,22,premium,82.67,1120,0,monthly,credit_card,0,50.91,0,1637,2019,0.0737,13-24,1,0.0
C104924,2020-06-10,2021-04-01,9,basic,16.34,209,0,monthly,credit_card,0,23.22,0,1686,2020,0.0778,7-12,0,0.0
C104925,2023-08-22,2024-12-14,16,basic,16.28,214,0,monthly,credit_card,0,13.38,0,333,2023,0.0757,13-24,0,0.0
C104926,2018-05-21,2020-03-25,22,basic,18.56,85,2,annual,paypal,0,3.86,0,2058,2018,0.2158,13-24,0,0.087
C104927,2022-11-25,2024-03-04,15,basic,20.53,205,1,monthly,debit_card,1,13.67,0,618,2022,0.0997,13-24,0,0.062
C104928,2018-01-17,2019-04-23,15,premium,84.59,980,0,annual,debit_card,0,65.33,0,2395,2018,0.0862,13-24,1,0.0
C104929,2020-12-22,2022-01-01,12,basic,20.45,343,1,monthly,credit_card,0,28.58,0,1411,2020,0.0594,7-12,0,0.077
C104930,2018-09-10,2020-07-04,22,standard,42.41,594,0,monthly,paypal,0,27.0,0,1957,2018,0.0713,13-24,0,0.0
C104931,2019-04-10,2020-11-22,19,premium,79.05,1329,0,annual,bank_transfer,0,69.95,0,1816,2019,0.0594,13-24,1,0.0
C104932,2019-01-11,2019-06-28,5,standard,40.48,448,1,monthly,credit_card,0,89.6,0,2329,2019,0.0902,4-6,0,0.167
C104933,2023-01-02,2023-10-19,9,standard,45.88,578,1,monthly,credit_card,0,64.22,0,755,2023,0.0792,7-12,0,0.1
C104934,2019-06-04,2020-04-11,10,basic,18.84,233,2,monthly,credit_card,0,23.3,0,2041,2019,0.0805,7-12,0,0.182
C104935,2023-02-04,2026-01-12,35,premium,81.05,890,1,monthly,credit_card,0,25.43,0,-61,2023,0.091,24+,1,0.028
C104936,2018-03-31,2021-06-29,39,standard,38.87,468,1,annual,credit_card,0,12.0,0,1597,2018,0.0829,24+,0,0.025
C104937,2019-12-21,2021-04-09,15,premium,79.5,1017,0,monthly,credit_card,0,67.8,0,1678,2019,0.0781,13-24,1,0.0
C104938,2019-09-22,2023-06-24,45,basic,16.83,245,1,monthly,credit_card,1,5.44,0,872,2019,0.0684,24+,0,0.022
C104939,2023-02-28,2024-02-16,11,basic,16.18,318,4,monthly,bank_transfer,1,28.91,1,635,2023,0.0507,7-12,0,0.333
C104940,2018-03-17,2018-12-15,9,basic,21.91,181,2,annual,credit_card,0,20.11,0,2524,2018,0.1204,7-12,0,0.2
C104941,2020-07-14,2020-11-27,4,standard,32.85,613,2,monthly,credit_card,0,153.25,0,1811,2020,0.0535,4-6,0,0.4
C104942,2024-09-13,2025-04-24,7,basic,17.3,136,2,monthly,credit_card,0,19.43,0,202,2024,0.1263,7-12,0,0.25
C104943,2022-12-11,2023-08-18,8,premium,80.84,1229,1,monthly,credit_card,0,153.62,0,817,2022,0.0657,7-12,1,0.111
C104944,2020-08-27,2021-05-17,8,standard,38.45,410,1,annual,credit_card,1,51.25,0,1640,2020,0.0936,7-12,0,0.111
C104945,2020-12-30,2022-09-23,21,standard,41.66,633,1,monthly,bank_transfer,1,30.14,0,1146,2020,0.0657,13-24,0,0.045
C104946,2023-07-22,2029-01-09,66,basic,24.66,200,0,monthly,credit_card,0,3.03,0,-1154,2023,0.1227,24+,0,0.0
C104947,2021-11-05,2021-12-06,1,premium,83.34,1158,0,monthly,debit_card,0,1158.0,0,1437,2021,0.0719,0-3,1,0.0
C104948,2018-07-14,2020-08-22,25,basic,16.2,200,3,monthly,credit_card,1,8.0,1,1908,2018,0.0806,24+,0,0.115
C104949,2018-08-16,2018-10-16,2,standard,47.49,584,1,monthly,credit_card,1,292.0,0,2584,2018,0.0812,0-3,0,0.333
C104950,2021-12-30,2022-05-28,4,basic,20.94,174,2,annual,bank_transfer,1,43.5,0,1264,2021,0.1197,4-6,0,0.4
C104951,2019-04-06,2020-12-19,20,basic,23.68,198,2,monthly,credit_card,0,9.9,0,1789,2019,0.119,13-24,0,0.095
C104952,2019-09-10,2021-04-03,19,standard,45.98,452,0,annual,paypal,0,23.79,0,1684,2019,0.1015,13-24,0,0.0
C104953,2018-03-05,2019-03-23,12,standard,37.68,483,1,monthly,debit_card,1,40.25,0,2426,2018,0.0779,7-12,0,0.077
C104954,2024-01-22,2025-08-25,19,standard,38.97,401,2,monthly,debit_card,0,21.11,0,79,2024,0.0969,13-24,0,0.1
C104955,2023-09-06,2025-10-24,25,standard,35.52,507,1,monthly,credit_card,0,20.28,0,19,2023,0.0699,24+,0,0.038
C104956,2018-10-12,2019-04-11,6,standard,39.45,487,2,monthly,credit_card,0,81.17,0,2407,2018,0.0808,4-6,0,0.286
C104957,2022-08-11,2024-06-10,22,standard,37.39,467,5,monthly,credit_card,0,21.23,1,520,2022,0.0799,13-24,0,0.217
C104958,2024-05-17,2025-06-10,12,premium,79.46,1169,1,monthly,bank_transfer,0,97.42,0,155,2024,0.0679,7-12,1,0.077
C104959,2020-04-17,2021-09-01,16,standard,40.65,462,3,monthly,credit_card,0,28.88,1,1533,2020,0.0878,13-24,0,0.176
C104960,2020-04-10,2021-02-19,10,basic,18.85,164,1,monthly,debit_card,0,16.4,0,1727,2020,0.1142,7-12,0,0.091
C104961,2021-04-02,2022-04-02,12,standard,38.42,348,2,monthly,credit_card,0,29.0,0,1320,2021,0.1101,7-12,0,0.154
C104962,2018-08-12,2019-08-22,12,premium,82.97,1138,0,monthly,credit_card,1,94.83,0,2274,2018,0.0728,7-12,1,0.0
C104963,2020-02-23,2024-10-04,56,standard,40.95,410,0,monthly,credit_card,0,7.32,0,404,2020,0.0996,24+,0,0.0
C104964,2020-08-07,2020-09-19,1,standard,35.03,582,1,annual,debit_card,1,582.0,0,1880,2020,0.0601,0-3,0,0.5
C104965,2018-02-14,2018-10-26,8,standard,38.48,393,0,monthly,debit_card,1,49.12,0,2574,2018,0.0977,7-12,0,0.0
C104966,2022-12-16,2023-05-19,5,standard,39.64,554,1,monthly,debit_card,0,110.8,0,908,2022,0.0714,4-6,0,0.167
C104967,2019-04-16,2019-10-26,6,standard,39.56,487,0,monthly,paypal,0,81.17,0,2209,2019,0.0811,4-6,0,0.0
C104968,2023-09-13,2025-10-23,25,basic,16.45,163,1,monthly,credit_card,0,6.52,0,20,2023,0.1003,24+,0,0.038
C104969,2020-04-09,2021-04-18,12,basic,18.65,144,1,annual,credit_card,0,12.0,0,1669,2020,0.1286,7-12,0,0.077
C104970,2023-03-25,2026-02-24,35,basic,20.21,159,1,monthly,credit_card,0,4.54,0,-104,2023,0.1263,24+,0,0.028
C104971,2024-03-18,2024-08-04,4,standard,36.94,574,3,monthly,credit_card,0,143.5,1,465,2024,0.0642,4-6,0,0.6
C104972,2023-03-07,2023-08-05,5,basic,20.64,183,4,monthly,bank_transfer,0,36.6,1,830,2023,0.1122,4-6,0,0.667
C104973,2019-11-23,2020-12-13,12,basic,24.46,112,1,monthly,debit_card,0,9.33,0,1795,2019,0.2165,7-12,0,0.077
C104974,2021-10-22,2023-08-07,21,standard,37.47,460,0,monthly,credit_card,0,21.9,0,828,2021,0.0813,13-24,0,0.0
C104975,2020-07-20,2023-01-29,30,basic,25.19,239,1,annual,debit_card,0,7.97,0,1018,2020,0.105,24+,0,0.032
C104976,2020-04-20,2022-01-13,21,basic,18.95,155,2,annual,debit_card,0,7.38,0,1399,2020,0.1215,13-24,0,0.091
C104977,2023-04-23,2023-05-29,1,basic,9.85,213,1,monthly,credit_card,1,213.0,0,898,2023,0.046,0-3,0,0.5
C104978,2022-04-23,2023-12-20,20,standard,40.83,458,1,monthly,debit_card,0,22.9,0,693,2022,0.089,13-24,0,0.048
C104979,2024-04-05,2029-12-12,69,basic,17.5,194,4,monthly,credit_card,0,2.81,1,-1491,2024,0.0897,24+,0,0.057
C104980,2024-10-24,2025-02-26,4,premium,81.39,1012,0,monthly,credit_card,0,253.0,0,259,2024,0.0803,4-6,1,0.0
C104981,2018-05-28,2018-11-01,5,standard,41.72,597,2,annual,credit_card,0,119.4,0,2568,2018,0.0698,4-6,0,0.333
C104982,2020-10-29,2022-01-08,14,standard,36.12,574,1,monthly,paypal,0,41.0,0,1404,2020,0.0628,13-24,0,0.067
C104983,2021-08-04,2023-09-15,25,basic,20.54,216,2,monthly,credit_card,0,8.64,0,789,2021,0.0947,24+,0,0.077
C104984,2019-01-23,2020-05-11,15,standard,36.79,515,0,monthly,paypal,0,34.33,0,2011,2019,0.0713,13-24,0,0.0
C104985,2023-02-17,2024-08-26,18,standard,40.78,504,3,annual,credit_card,0,28.0,1,443,2023,0.0808,13-24,0,0.158
C104986,2020-07-04,2028-09-17,99,basic,23.31,182,1,monthly,bank_transfer,0,1.84,0,-1040,2020,0.1274,24+,0,0.01
C104987,2023-02-22,2025-04-22,26,standard,36.06,605,1,annual,debit_card,0,23.27,0,204,2023,0.0595,24+,0,0.037
C104988,2018-10-05,2020-01-09,15,basic,20.86,256,0,monthly,credit_card,0,17.07,0,2134,2018,0.0812,13-24,0,0.0
C104989,2023-06-01,2027-06-27,49,basic,18.65,152,2,annual,credit_card,0,3.1,0,-592,2023,0.1219,24+,0,0.04
C104990,2023-02-03,2023-04-27,2,basic,18.96,219,1,annual,paypal,1,109.5,0,930,2023,0.0862,0-3,0,0.333
C104991,2022-12-31,2025-06-28,30,basic,17.67,197,3,monthly,credit_card,0,6.57,1,137,2022,0.0892,24+,0,0.097
C104992,2023-01-08,2024-04-14,15,basic,26.33,229,0,monthly,debit_card,0,15.27,0,577,2023,0.1145,13-24,0,0.0
C104993,2019-09-10,2023-01-31,41,premium,83.06,1101,0,monthly,credit_card,0,26.85,0,1016,2019,0.0754,24+,1,0.0
C104994,2022-06-19,2026-04-17,46,basic,23.06,274,7,monthly,paypal,0,5.96,1,-156,2022,0.0839,24+,0,0.149
C104995,2023-12-23,2024-03-20,2,standard,40.5,420,1,monthly,credit_card,0,210.0,0,602,2023,0.0962,0-3,0,0.333
C104996,2019-08-03,2020-04-14,8,standard,39.53,542,2,monthly,bank_transfer,1,67.75,0,2038,2019,0.0728,7-12,0,0.222
C104997,2021-03-16,2021-12-28,9,basic,19.36,258,2,monthly,credit_card,0,28.67,0,1415,2021,0.0747,7-12,0,0.2
C104998,2019-05-05,2022-03-03,34,standard,45.96,538,2,monthly,debit_card,0,15.82,0,1350,2019,0.0853,24+,0,0.057
C104999,2024-11-30,2025-06-20,6,standard,40.15,571,0,monthly,credit_card,0,95.17,0,145,2024,0.0702,4-6,0,0.0
